Quarter,Campus,Item,Course.ID,Title,CREDIT,TYPE.days,Time,Room,Instructor,Enrolled,divider,classCap,Wait.List,FTES.TOTAL,FTES.STATE,Clustered,Type
Fall 2012,North,10,CWE 101  H1,PORTFOLIO JOB SEARCH INT,2,HYBRID - W,2:00 PM,IB 3406,Tanderso ,11,/,25,0,1.5,1.2,0010B232,
Fall 2012,North,11,CWE 102  H2,JOB SHADOW,2,HYBRID - W,12:00 PM,IB 3316,Cancel 6/11,0,/,15,0,0,0,,
Fall 2012,North,12,CWE 110  H1,INTERNSHIP,3,HYBRID - Arr,AR:R M,ARR,Tanderso ,9,/,25,0,1.8,1.6,0010B232,
Fall 2012,North,1006,ART& 100  02,ART APPRECIATION,5,MWF,12:00 PM,LB 1231,Lhull ,23,/,30,0,7.7,4.7,,
Fall 2012,North,1008,ART 101  01,DESIGN,5,MWF,10:00 AM,AS 1530,Kmartensen ,20,/,20,0,6.7,4,,
Fall 2012,North,1010,ART 111  01,DRAWING,5,TTh,9:00 AM,AS 1532,Aknowles ,20,/,20,2,6.7,4.3,,
Fall 2012,North,1011,ART 111  02,DRAWING,5,MW,1:00 PM,AS 1532,Kmartensen ,23,/,20,2,7.7,6.3,,
Fall 2012,North,1012,ART 111  03,DRAWING,5,MW,6:00 PM,AS 1532,Mkelly ,19,/,20,0,6.3,3.7,,
Fall 2012,North,1018,ART 114  01,DIGITAL PHOTOGRAPHY I,5,TTh,12:00 PM,ED 2843B,Eburns ,21,/,20,1,7,4.3,1018B232,
Fall 2012,North,1019,ART 115  01,DIGITAL PHOTOGRAPHY II,5,TTh,12:00 PM,ED 2843B,Eburns ,0,/,0,0,0,0,1018B232,
Fall 2012,North,1020,ART 121  01,INTRO TO PRINTMAKING,5,TTh,1:00 PM,AS 1530,Aknowles ,7,/,20,0,2.3,2,1020B232,
Fall 2012,North,1021,ART 122  01,INTRO TO PRINTMAKING-INT,5,TTh,1:00 PM,AS 1530,Aknowles ,2,/,0,0,0.7,0.7,1020B232,
Fall 2012,North,1022,ART 123  01,PAINTERLY PRINT:MONOTYPE,5,TTh,1:00 PM,AS 1530,Aknowles ,4,/,0,0,1.3,1.3,1020B232,
Fall 2012,North,1026,ART 201  01,PAINTING,5,TTh,1:00 PM,AS 1532,Kmartensen ,15,/,20,0,5,2,1026B232,
Fall 2012,North,1027,ART 202  01,PAINTING,5,TTh,1:00 PM,AS 1532,Kmartensen ,3,/,0,0,1,0.7,1026B232,
Fall 2012,North,1028,ART 203  01,PAINTING,5,TTh,1:00 PM,AS 1532,Kmartensen ,2,/,0,0,0.7,0.7,1026B232,
Fall 2012,North,1030,ART 201  02,PAINTING,5,MW,10:00 AM,AS 1532,Mkelly ,16,/,20,0,5.3,3,1030B232,
Fall 2012,North,1031,ART 202  02,PAINTING,5,MW,10:00 AM,AS 1532,Mkelly ,1,/,0,0,0.3,0.3,1030B232,
Fall 2012,North,1032,ART 203  02,PAINTING,5,MW,10:00 AM,AS 1532,Mkelly ,1,/,0,0,0.3,0.3,1030B232,
Fall 2012,North,1036,ART 210  01,COMPUTER ART,5,MW,12:00 PM,ED 2843B,Mmeyer ,23,/,25,0,7.7,4.3,,
Fall 2012,North,1038,ART 210  02,COMPUTER ART,5,MW,9:00 AM,ED 2843B,Mmeyer ,16,/,25,0,5.3,3,,
Fall 2012,North,1050,ART 211  01,SCULPTURE,5,MW,1:00 PM,AS 1632,Lhalvorsen ,9,/,20,3,3,2,1050B232,
Fall 2012,North,1051,ART 212  01,SCULPTURE,5,MW,1:00 PM,AS 1632,Lhalvorsen ,0,/,0,0,0,0,1050B232,
Fall 2012,North,1052,ART 213  01,SCULPTURE,5,MW,1:00 PM,AS 1632,Lhalvorsen ,0,/,0,0,0,0,1050B232,
Fall 2012,North,1056,ART 221  01,CERAMIC ART,5,MW,1:00 PM,AS 1632,Lhalvorsen ,12,/,0,4,4,3,1050B232,
Fall 2012,North,1060,ART 221  02,CERAMIC ART,5,TTh,1:00 PM,AS 1630,Lhalvorsen ,14,/,20,1,4.7,0.7,1060B232,
Fall 2012,North,1061,ART 222  02,CERAMIC ART,5,TTh,1:00 PM,AS 1630,Lhalvorsen ,7,/,0,0,2.3,1,1060B232,
Fall 2012,North,1062,ART 223  02,CERAMIC ART,5,TTh,1:00 PM,AS 1630,Lhalvorsen ,2,/,0,0,0.7,0.7,1060B232,
Fall 2012,North,1070,ART 281  01,JEWELRY DESIGN,5,TTh,1:00 PM,AS 1533,Lhull ,13,/,18,0,4.3,3.7,,
Fall 2012,North,1072,ART 282  01,JEWELRY DESIGN II,5,MW,1:00 PM,AS 1533,Lhull ,7,/,18,0,2.3,2,1072B232,
Fall 2012,North,1073,ART 283  01,INTRO TO ALLOING & JEWEL,5,MW,1:00 PM,AS 1533,Lhull ,2,/,0,0,0.7,0.3,1072B232,
Fall 2012,North,1074,ART 284  01,BENCH TECHNIQUES & PRACT,5,MW,1:00 PM,AS 1533,Lhull ,4,/,0,0,1.3,1,1072B232,
Fall 2012,North,1080,ART 299  01,SPECIAL PROBLEMS IN ART,3,Arr,AR:R M,IB 2407A,Kmartensen ,3,/,10,0,0,0,,
Fall 2012,North,1082,ART 299  03,SPECIAL PROBLEMS IN ART,3,Arr,AR:R M,IB 2407A,Aknowles ,3,/,10,0,0.6,0.4,,
Fall 2012,North,1083,ART 299  04,SPECIAL PROBLEMS IN ART,3,Arr,AR:R M,IB 2407A,Lhull ,3,/,4,0,0.6,0.4,,
Fall 2012,North,1084,ART 299  05,SPECIAL PROBLEMS IN ART,3,Arr,AR:R M,IB 2407A,Mmeyer ,1,/,10,0,0.2,0.2,,
Fall 2012,North,1085,ART 299  06,SPECIAL PROBLEMS IN ART,3,Arr,AR:R M,IB 2407A,Mkelly ,1,/,10,0,0.2,0.2,,
Fall 2012,North,1087,ART 299  08,SPECIAL PROBLEMS IN ART,3,Arr,AR:R M,IB 2407A,Lhalvorsen ,4,/,10,0,0.3,0.1,,
Fall 2012,North,1102,CMST&101  01,INTRODUCTION TO COMMUNIC,5,MWF,11:00 AM,ED 0840C,Rschuess ,31,/,35,0,10.3,8.7,1102B232,
Fall 2012,North,1103,CMST 185  01,ORGANIZATIONAL COMMUNICA,5,MWF,11:00 AM,ED 0840C,Rschuess ,4,/,0,0,1.3,1.3,1102B232,
Fall 2012,North,1104,CMST&220  01,PUBLIC SPEAKING,5,MWF,2:00 PM,ED 0840C,Rschuess ,22,/,25,2,7.3,6.3,1104B232,
Fall 2012,North,1105,CMST 115  01,OVERCOMING COMM ANXIETY,5,MWF,2:00 PM,ED 0840C,Rschuess ,3,/,0,0,1,0.3,1104B232,
Fall 2012,North,1106,CMST&220  02,PUBLIC SPEAKING,5,Other,5:30 PM,ED 0840C,Rdeheck ,28,/,25,2,9.3,3.3,1106B232,
Fall 2012,North,1107,CMST 115  02,OVERCOMING COMM ANXIETY,5,Other,5:30 PM,ED 0840C,Rdeheck ,1,/,0,2,0.3,0.3,1106B232,
Fall 2012,North,1108,CMST&220  03,PUBLIC SPEAKING,5,Other,5:30 PM,ED 0840C,Jreis ,14,/,28,2,4.7,2.3,1108B232,
Fall 2012,North,1109,CMST 115  03,OVERCOMING COMM ANXIETY,5,Other,5:30 PM,ED 0840C,Jreis ,8,/,0,0,2.7,2,1108B232,
Fall 2012,North,1110,CMST&220  04,PUBLIC SPEAKING,5,MWF,2:00 PM,IB 3428,Kzaragoza ,13,/,25,0,4.3,4.3,1110B232,
Fall 2012,North,1111,CMST 115  04,OVERCOMING COMM ANXIETY,5,MWF,2:00 PM,IB 3428,Kzaragoza ,8,/,0,0,2.7,0.3,1110B232,
Fall 2012,North,1112,CMST 205  01,MULTICULTURAL COMM,5,MWF,12:30 PM,ED 0840C,Rschuess ,19,/,35,0,6.3,4.7,1112B232,
Fall 2012,North,1114,CMST 215  01,INTERNATIONAL COMM,5,MWF,12:30 PM,ED 0840C,Rschuess ,10,/,0,0,3.3,3,1112B232,
Fall 2012,North,1131,CMST 291  01,INTERNET/PRINT PRACTICUM,5,TTh,5:30 PM,ED 0840C,Cancel 9/13,0,/,20,0,0,0,,
Fall 2012,North,1137,CMST 295  01,STUDIES AND WORKS IN COM,5,Arr,AR:R M,IB 2307A,Rschuess ,4,/,5,0,1.3,1.3,,
Fall 2012,North,1158,DRMA&101  C2,INTRODUCTION TO THEATRE,5,Other,10:00 AM,CC 2153,Gnichols ,25,/,0,0,8.3,7,1216B232,
Fall 2012,North,1160,DRMA 108  01,REHEARSAL & PERFORMANCE,5,Arr,AR:R M,LB 1132,Gnichols ,0,/,20,0,0,0,1160B232,
Fall 2012,North,1161,DRMA 109  01,REHEARSAL & PERFORMANCE,5,Arr,AR:R M,LB 1132,Gnichols ,0,/,0,0,0,0,1160B232,
Fall 2012,North,1162,DRMA 110  01,REHEARSAL & PERFORMANCE,5,Arr,AR:R M,LB 1132,Gnichols ,0,/,0,0,0,0,1160B232,
Fall 2012,North,1165,DRMA 121  01,ACTING,5,MW,1:00 PM,LB 1132,Gnichols ,18,/,25,0,6,4.3,,
Fall 2012,North,1174,DRMA 200  01,SPECIAL PROJECTS:DRAMA,5,Arr,AR:R M,LB 1132,Gnichols ,0,/,0,0,0,0,1160B232,
Fall 2012,North,1175,DRMA 201  01,SPECIAL STUDIES: DRAMA,5,Arr,AR:R M,LB 1132,Gnichols ,0,/,0,0,0,0,1160B232,
Fall 2012,North,1176,DRMA 211  01,THEATER MANAGEMENT,5,Arr,AR:R M,LB 1132,Gnichols ,0,/,0,0,0,0,1160B232,
Fall 2012,North,1177,DRMA 224  01,PRODUCTION & STAGE MGMT,5,Arr,AR:R M,LB 1132,Gnichols ,0,/,0,0,0,0,1160B232,
Fall 2012,North,1178,DRMA 231  01,PROPS & SOUND,5,Arr,AR:R M,LB 1132,Gnichols ,0,/,0,0,0,0,1160B232,
Fall 2012,North,1179,DRMA 241  01,COSTUMING,5,Arr,AR:R M,LB 1132,Gnichols ,0,/,0,0,0,0,1160B232,
Fall 2012,North,1180,DRMA 251  01,STAGE SCENERY,5,Arr,AR:R M,LB 1132,Gnichols ,0,/,0,0,0,0,1160B232,
Fall 2012,North,1181,DRMA 261  01,STAGE LIGHTING,5,Arr,AR:R M,LB 1132,Gnichols ,0,/,0,0,0,0,1160B232,
Fall 2012,North,1182,DRMA 271  01,ACTING,5,Arr,AR:R M,LB 1132,Gnichols ,0,/,0,0,0,0,1160B232,
Fall 2012,North,1183,DRMA 281  01,DIRECTING,5,Arr,AR:R M,LB 1132,Gnichols ,0,/,0,0,0,0,1160B232,
Fall 2012,North,1184,DRMA 291  01,THEATRICAL INTERNSHIP,5,Arr,AR:R M,LB 1132,Gnichols ,0,/,0,0,0,0,1160B232,
Fall 2012,North,1185,DRMA 298  01,IND. PROJECTS IN THEATER,5,Arr,AR:R M,LB 1132,Gnichols ,1,/,0,0,0.3,0.3,1160B232,
Fall 2012,North,1194,DRMA 284  01,PLAYWRITING,5,Arr,AR:R M,LB 1132,Gnichols ,0,/,10,0,0,0,,
Fall 2012,North,1200,ENGL&230  H1,TECHNICAL WRITING,3,HYBRID - MW,11:00 AM,IB 3416,Kteal ,23,/,25,0,4.6,3.4,,
Fall 2012,North,1202,ENGL&230  02,TECHNICAL WRITING,3,Other,6:30 PM,CC 3446,Kteal ,17,/,25,0,3.4,3.2,,
Fall 2012,North,1212,ENGL&101  C1,ENGLISH COMPOSITION I,5,Other,10:30 AM,CC 2153,Dma ,21,/,0,0,7,6,1212B232,
Fall 2012,North,1214,ENGL&101  CH3,ENGLISH COMPOSITION I,5,HYBRID - MW,6:30 PM,CC 2153,Cancel 8/22,0,/,0,0,0,0,,
Fall 2012,North,1216,ENGL&102  C2,COMPOSITION II,5,Other,10:00 AM,CC 2153,Jclapp ,23,/,0,0,7.7,6.7,1216B232,
Fall 2012,North,1220,ENGL 265  C1,LITERATURE AND SOCIETY,5,Other,10:30 AM,CC 2153,Dma ,24,/,0,1,8,7.3,1212B232,
Fall 2012,North,1221,ENGL 299  C2,INDEPENDENT STUDY,2,Arr,AR:R M,CC 2153,Jclapp ,1,/,0,0,0.1,0.1,1216B232,
Fall 2012,North,1230,ENGL 080  01,ENGLISH SKILLS SHOP,2,Arr,AR:R M,LB 3234,Dtarker ,96,/,150,0,12.8,7.9,,
Fall 2012,North,1235,ISD 200  01,ORIENTATN TO AMERICAN CL,2,Th,2:00 PM,LB 1141,Macobnash ,55,/,75,0,7.3,0,,
Fall 2012,North,1244,ENGL 095  01,COLL PREP READ STUDY III,5,DAILY,10:00 AM,CC 3446,Hxie ,26,/,28,1,8.7,6.7,,
Fall 2012,North,1245,ENGL 096  01,COLLEGE PREP WRITING III,5,DAILY,11:00 AM,CC 3446,Hxie ,26,/,28,1,8.7,6.7,,
Fall 2012,North,1252,ENGL 095  04,COLL PREP READ STUDY III,5,MTTh,6:00 PM,CC 3360,Kmcclanahan ,11,/,28,3,3.7,1,1252B232,
Fall 2012,North,1253,ENGL 096  04,COLLEGE PREP WRITING III,5,MTTh,7:40 PM,CC 3360,Kmcclanahan ,11,/,28,2,3.7,1,1253B232,
Fall 2012,North,1254,ENGL 097  01,COLLEGE PREP READING IV,5,DAILY,8:00 AM,CC 3446,Dma ,28,/,28,3,9.3,4.7,,
Fall 2012,North,1255,ENGL 098  01,COLLEGE PREP WRITING IV,5,DAILY,9:00 AM,CC 3446,Dma ,28,/,28,3,9.3,4.7,,
Fall 2012,North,1256,ENGL 097  02,COLLEGE PREP READING IV,5,DAILY,9:00 AM,CC 3350,Squig ,19,/,18,4,6.3,3.3,1256B232,
Fall 2012,North,1257,ENGL 098  02,COLLEGE PREP WRITING IV,5,DAILY,10:00 AM,CC 3350,Squig ,19,/,18,4,6.3,3.3,1257B232,
Fall 2012,North,1258,ENGL 097  03,COLLEGE PREP READING IV,5,Other,11:00 AM,CC 3350,Tchung ,29,/,28,0,9.7,5,,
Fall 2012,North,1259,ENGL 098  03,COLLEGE PREP WRITING IV,5,Other,12:00 PM,CC 3350,Tchung ,29,/,28,4,9.7,5,,
Fall 2012,North,1260,ENGL 097  05,COLLEGE PREP READING IV,5,DAILY,9:00 AM,CC 3350,Squig ,10,/,9,3,3.3,3.3,1256B232,
Fall 2012,North,1261,ENGL 098  05,COLLEGE PREP WRITING IV,5,DAILY,10:00 AM,CC 3350,Squig ,10,/,9,3,3.3,3.3,1257B232,
Fall 2012,North,1268,ENGL 097  04,COLLEGE PREP READING IV,5,MTTh,6:00 PM,CC 3360,Kmcclanahan ,16,/,0,0,5.3,4,1252B232,
Fall 2012,North,1269,ENGL 098  04,COLLEGE PREP WRITING IV,5,MTTh,7:40 PM,CC 3360,Kmcclanahan ,16,/,0,0,5.3,4,1253B232,
Fall 2012,North,1271,ENGL 099  01,COLLEGE PREP WRITING V,5,DAILY,9:00 AM,CC 3349,Mleek ,26,/,28,5,8.7,5.7,,
Fall 2012,North,1272,ENGL&101  18,ENGLISH COMPOSITION I,5,Other,8:00 AM,IB 3417,Mtenenba ,27,/,28,3,9,2.3,,
Fall 2012,North,1273,ENGL&101  01,ENGLISH COMPOSITION I,5,DAILY,8:00 AM,CC 3360,Dblackman ,28,/,28,4,9.3,1.7,,
Fall 2012,North,1274,ENGL&101  02,ENGLISH COMPOSITION I,5,DAILY,8:00 AM,CC 3349,Thetland ,29,/,28,2,9.7,1.7,,
Fall 2012,North,1278,ENGL&101  03,ENGLISH COMPOSITION I,5,DAILY,9:00 AM,CC 3343,Thetland ,28,/,28,4,9.3,6.7,,
Fall 2012,North,1279,ENGL&101  04,ENGLISH COMPOSITION I,5,Other,9:00 AM,IB 3415,Theinlein ,29,/,28,1,9.7,5,,
Fall 2012,North,1280,ENGL&101  05,ENGLISH COMPOSITION I,5,Other,9:00 AM,CC 3460,Jameswilson ,28,/,28,0,9.3,8,,
Fall 2012,North,1281,ENGL&101  06,ENGLISH COMPOSITION I,5,DAILY,10:00 AM,CC 3349,Mleek ,26,/,28,4,8.7,5.7,,
Fall 2012,North,1282,ENGL&101  07,ENGLISH COMPOSITION I,5,Other,10:00 AM,CC 3449,Theinlein ,27,/,28,3,9,4,,
Fall 2012,North,1284,ENGL&101  08,ENGLISH COMPOSITION I,5,DAILY,10:00 AM,CC 3445,Dblackman ,29,/,28,2,9.7,5.7,,
Fall 2012,North,1286,ENGL&101  09,ENGLISH COMPOSITION I,5,Other,10:00 AM,CC 3460,Jameswilson ,30,/,28,0,10,7,,
Fall 2012,North,1292,ENGL&101  11,ENGLISH COMPOSITION I,5,DAILY,11:00 AM,CC 3360,Lmccracken ,28,/,28,0,9.3,4,,
Fall 2012,North,1296,ENGL&101  12,ENGLISH COMPOSITION I,5,DAILY,12:00 PM,CC 3360,Lmccracken ,28,/,28,4,9.3,4.3,,
Fall 2012,North,1297,ENGL&101  14,ENGLISH COMPOSITION I,5,DAILY,1:00 PM,CC 3360,Gnovember ,28,/,28,2,9.3,5.7,,
Fall 2012,North,1298,ENGL&101  15,ENGLISH COMPOSITION I,5,DAILY,3:00 PM,CC 3360,Ckiely ,27,/,28,2,9,5,,
Fall 2012,North,1300,ENGL&101  16,ENGLISH COMPOSITION I,5,MW,6:00 PM,CC 3349,Ckiely ,21,/,28,1,7,5.3,,
Fall 2012,North,1302,ENGL&101  17,ENGLISH COMPOSITION I,5,TTh,6:00 PM,CC 3349,Bgutierrez ,22,/,28,1,7.3,6.7,,
Fall 2012,North,1303,ENGL&101  11H,ENGLISH COMPOSITION I,5,HYBRID - MWF,11:00 AM,IB 3416,Cancel 8/08,0,/,28,0,0,0,,
Fall 2012,North,1308,ENGL&102  01,COMPOSITION II,5,DAILY,9:00 AM,CC 3360,Jjewell ,27,/,28,1,9,6.7,,
Fall 2012,North,1310,ENGL&102  02,COMPOSITION II,5,DAILY,11:00 AM,CC 3449,Jharradi ,26,/,28,0,8.7,6.3,,
Fall 2012,North,1314,ENGL&102  03,COMPOSITION II,5,DAILY,12:00 PM,IB 3416,Squig ,27,/,28,15,9,1.7,,
Fall 2012,North,1315,ENGL&102  05,COMPOSITION II,5,DAILY,12:00 PM,CC 3443,Jjewell ,25,/,28,0,8.3,7.7,,
Fall 2012,North,1316,ENGL&102  04,COMPOSITION II,5,TTh,6:00 PM,CC 3445,Amenking ,18,/,28,0,6,6,,
Fall 2012,North,1320,ENGL&102  H1,COMPOSITION II,5,HYBRID - MWF,10:00 AM,IB 3416,Kknudson ,24,/,28,0,8,3.3,,
Fall 2012,North,1322,ENGL 104  01,ADVANCED ENGLISH GRAMMAR,5,DAILY,10:00 AM,CC 3360,Lmccracken ,27,/,30,0,9,5,,
Fall 2012,North,1326,ENGL 151  01,CREATIVE WRITING,5,Other,12:00 PM,CC 3449,Mtenenba ,19,/,28,0,6.3,5.7,1326B232,
Fall 2012,North,1327,ENGL 152  01,CREATIVE WRITING,5,Other,12:00 PM,CC 3449,Mtenenba ,5,/,0,0,1.7,1,1326B232,
Fall 2012,North,1328,ENGL 153  01,CREATIVE WRITING,5,Other,12:00 PM,CC 3449,Mtenenba ,1,/,0,0,0.3,0.3,1326B232,
Fall 2012,North,1330,ENGL&246  01,AMERICAN LITERATURE III,5,Other,9:00 AM,IB 3416,Cscheuer ,25,/,35,0,8.3,4,,
Fall 2012,North,1332,ENGL 296  01,SPECIAL TOPICS/ENGLISH,3,Arr,AR:R M,IB 2313A,Blane ,0,/,10,0,0,0,,
Fall 2012,North,1334,ENGL 299  01,INDEPENDENT STUDY,5,Arr,AR:R M,IB 2313A,Blane ,1,/,10,0,0.3,0.3,,
Fall 2012,North,1340,ESL 011  01,ESL - LEVEL 1A,10,DAILY,9:00 AM,IB 3417,Shotting ,30,/,32,0,19.8,19.1,,
Fall 2012,North,1341,ESL 011  01,ESL - LEVEL 1A - R & W,5,MW,6:30 PM,CC 3359,Cancel 5/24,0,/,32,0,0,0,,
Fall 2012,North,1342,ESL 011  02,ESL - LEVEL 1A,10,MTWTh,6:30 PM,CC 3359,Mkill ,19,/,32,0,12.7,12.7,,
Fall 2012,North,1352,ESL 012  01,ESL - LEVEL 1B,10,DAILY,9:00 AM,CC 3359,Jbauer ,25,/,32,0,16.7,16.7,,
Fall 2012,North,1353,ESL 012  02,ESL - LEVEL 1B,10,DAILY,9:00 AM,IB 1307,Ksternin ,4,/,32,0,2.7,2.7,1353B232,
Fall 2012,North,1354,ESL 012  01,ESL - LEVEL 1B - R & W,5,MW,6:30 PM,IB 3428,Mreynolds ,26,/,32,0,8.7,8.7,,
Fall 2012,North,1355,ESL 012  01,ESL - LEVEL 1B - S & L,5,TTh,6:30 PM,CC 3443,Cgerber ,24,/,32,0,8,8,,
Fall 2012,North,1356,ESL 013  01,ESL - LEVEL 1C,10,DAILY,9:00 AM,IB 1307,Ksternin ,24,/,0,0,16,16,1353B232,
Fall 2012,North,1357,ESL 013  01,ESL - LEVEL 1C - R & W,5,MW,6:30 PM,LB 1128,Jduke ,25,/,32,0,8.3,8.3,,
Fall 2012,North,1358,ESL 013  01,ESL - LEVEL 1C - S & L,5,TTh,6:30 PM,LB 1128,Mreynolds ,22,/,32,0,7.3,7.3,,
Fall 2012,North,1359,ESL 015  70,BASIC LITERACY LEVEL 1,5,DAILY,12:00 PM,IB 3415,Pcosko ,35,/,32,0,11.4,11.4,,
Fall 2012,North,1360,ESL 016  01,ESL-SPEAKING/LISTENING 1,5,DAILY,11:00 AM,IB 3415,Pcosko ,32,/,32,0,10.7,10.7,,
Fall 2012,North,1361,ESL 016  02,ESL-SPEAKING/LISTENING 1,5,DAILY,11:00 AM,IB 3428,Tbelgace ,7,/,32,0,2.3,2.3,1361B232,
Fall 2012,North,1364,ESL 021  01,ESL - LEVEL 2A,10,DAILY,12:00 PM,IB 3428,Aalfaiz ,22,/,32,0,14.7,14.7,,
Fall 2012,North,1365,ESL 021  01,ESL - LEVEL 2A - R & W,5,MW,6:30 PM,IB 3422,Cgerber ,22,/,32,0,7.3,7.3,,
Fall 2012,North,1366,ESL 021  01,ESL - LEVEL 2A - S & L,5,TTh,6:30 PM,IB 3422,Bfraley ,14,/,32,1,4.7,4.7,1366B232,
Fall 2012,North,1367,ESL 022  01,ESL - LEVEL 2B,10,DAILY,12:00 PM,IB 3413,Jeaton ,25,/,32,0,16.7,16.7,,
Fall 2012,North,1368,ESL 022  01,ESL - LEVEL 2B - R & W,5,MW,6:30 PM,CC 3445,Bfraley ,23,/,32,0,7.7,7.7,,
Fall 2012,North,1369,ESL 022  01,ESL - LEVEL 2B - S & L,5,TTh,6:30 PM,IB 3422,Bfraley ,19,/,0,0,6.3,6.3,1366B232,
Fall 2012,North,1370,ESL 025  70,FOCUS ON WRITING LEVEL 2,5,DAILY,10:00 AM,IB 3413,Stuinstr ,15,/,32,0,5,5,,
Fall 2012,North,1372,ESL 026  01,ESL-SPEAKING/LISTENING 2,5,DAILY,11:00 AM,IB 3428,Tbelgace ,19,/,0,0,6.3,6.3,1361B232,
Fall 2012,North,1374,ESL 027  01,INTRO TO COMP ASST LANG,3,MWF,11:00 AM,IB 3305,Bmckelve ,12,/,0,7,2.4,2.4,1398B232,
Fall 2012,North,1375,ESL 027  02,INTRO TO COMP ASST LANG,4,MWF,12:00 PM,IB 3305,Bmckelve ,7,/,25,0,1.9,1.9,1375B232,
Fall 2012,North,1377,ESL 031  01,ESL - LEVEL 3A,10,DAILY,12:00 PM,CC 3343,Jbarton ,32,/,32,0,21.3,21.3,,
Fall 2012,North,1378,ESL 031  01,ESL - LEVEL 3A - R & W,5,MW,6:30 PM,CC 3350,Lnausner ,30,/,32,0,10,10,,
Fall 2012,North,1379,ESL 031  01,ESL - LEVEL 3A - S & L,5,TTh,6:30 PM,IB 3330,Schai ,25,/,32,0,8.3,8.3,,
Fall 2012,North,1380,ESL 032  01,ESL - LEVEL 3B,10,DAILY,12:00 PM,CC 3359,Jbauer ,26,/,32,0,17.3,17.3,,
Fall 2012,North,1381,ESL 032  01,ESL - LEVEL 3B - R & W,5,MW,6:30 PM,IB 3330,Janderso ,35,/,32,1,11.4,11.4,,
Fall 2012,North,1382,ESL 032  01,ESL - LEVEL 3B - S & L,5,TTh,6:30 PM,IB 3416,Yshtern ,24,/,32,0,8,8,,
Fall 2012,North,1383,ESL 035  70,FOCUS ON WRITING 3,5,DAILY,10:00 AM,IB 3428,Tbelgace ,24,/,32,0,8,8,,
Fall 2012,North,1384,ESL 036  01,ESL SPEAK/LISTEN LEVEL 3,5,DAILY,11:00 AM,CC 3359,Stuinstr ,28,/,32,0,9.3,9.3,,
Fall 2012,North,1386,ESL 037  01,BEG. COMPUTER LITERACY,6,MWF,10:00 AM,IB 3305,Cancel 5/15,0,/,25,0,0,0,,
Fall 2012,North,1390,ESL 041  01,ESL LEVEL 4A,10,DAILY,12:00 PM,CC 1254A,Cbonney ,22,/,32,0,13.9,13.9,,
Fall 2012,North,1391,ESL 041  01,ESL LEVEL 4A - R & W,5,MW,6:30 PM,ED 0843A,Kliu ,20,/,32,0,6.7,6.7,,
Fall 2012,North,1392,ESL 041  01,ESL LEVEL 4A - S & L,5,TTh,6:30 PM,IB 3415,Janderso ,16,/,32,0,5.3,5.3,1392B232,
Fall 2012,North,1393,ESL 042  01,ESL - LEVEL 4B,10,DAILY,12:00 PM,LB 1128,Ljensen ,21,/,32,0,14,14,,
Fall 2012,North,1394,ESL 042  01,ESL LEVEL 4B - R & W,5,MW,6:30 PM,IB 3416,Yshtern ,28,/,32,0,9.3,9.3,,
Fall 2012,North,1395,ESL 042  01,ESL LEVEL 4B - S & L,5,TTh,6:30 PM,IB 3415,Janderso ,11,/,0,0,3.7,3.7,1392B232,
Fall 2012,North,1396,ESL 045  70,FOCUS ON WRITING LEVEL 4,5,DAILY,10:00 AM,IB 3415,Mdieterle ,27,/,32,0,8.8,8.8,,
Fall 2012,North,1397,ESL 046  01,ESL SPEAK/LISTEN LEVEL 4,5,DAILY,11:00 AM,LB 1128,Kbarker ,20,/,32,0,6.7,6.7,1397B232,
Fall 2012,North,1398,ESL 047  01,INT COMP ASSTD LANGUAGE,6,Other,10:00 AM,IB 3305,Bmckelve ,17,/,25,4,6.8,6.8,1398B232,
Fall 2012,North,1400,ESL 051  01,ESL - LEVEL 5A,10,DAILY,8:00 AM,IB 3428,Aalfaiz ,29,/,32,0,19.3,19.3,,
Fall 2012,North,1401,ESL 051  01,ESL LEVEL 5A - R & W,5,MW,6:30 PM,CC 3343,Mmoore ,26,/,32,0,8.7,8.7,,
Fall 2012,North,1402,ESL 051  01,ESL LEVEL 5A - S & L,5,TTh,6:30 PM,IB 3428,Tellsworth ,19,/,32,0,6.3,6.3,1402B232,
Fall 2012,North,1404,ESL 052  01,ESL - LEVEL 5B,10,Other,9:00 AM,LB 1128,Sstapleton ,31,/,32,0,20.7,20.7,,
Fall 2012,North,1405,ESL 052  01,ESL LEVEL 5B - R & W,5,MW,6:30 PM,IB 3415,Abradford ,20,/,32,0,6.7,6.7,,
Fall 2012,North,1406,ESL 052  01,ESL LEVEL 5B - S & L,5,TTh,6:30 PM,IB 3428,Tellsworth ,14,/,0,1,4.7,4.7,1402B232,
Fall 2012,North,1407,ESL 055  H1,FOCUS ON WRITING LEVEL 5,5,HYBRID - MWF,11:00 AM,IB 3315,Jbarton ,12,/,32,0,4,4,1407B232,
Fall 2012,North,1408,ESL 056  01,ESL SPEAK/LISTEN LEVEL 5,5,DAILY,11:00 AM,LB 1128,Kbarker ,12,/,0,0,4,4,1397B232,
Fall 2012,North,1410,ESL 057  01,ADV COMP ASSTD LANGUAGE,4,Other,12:00 PM,IB 3305,Bmckelve ,13,/,0,0,3.5,3.5,1375B232,
Fall 2012,North,1414,ESL 059  I1,NURS ASSIST ESL,3,TF,8:15 AM,IB 1303,Mpalmer ,7,/,32,0,1.4,1.4,1414B232,
Fall 2012,North,1415,ESL 059  I2,PHLEBOTOMY ASSIST,2,T,12:00 PM,IB 3315,Schai ,5,/,32,0,0.7,0.7,1415B232,
Fall 2012,North,1416,ESL 061  01,ESL LEVEL 6A,10,DAILY,9:00 AM,IB 3315,Ksandy ,16,/,32,1,10.7,10.7,1416B232,
Fall 2012,North,1417,ESL 061  01,ESL LEVEL 6A - S & L,5,MW,6:30 PM,CC 3443,Anneforester,18,/,32,0,6,6,1417B232,
Fall 2012,North,1420,ESL 062  01,ESL - LEVEL 6B,10,DAILY,9:00 AM,IB 3315,Ksandy ,13,/,0,0,8.7,8.7,1416B232,
Fall 2012,North,1421,ESL 062  01,ESL LEVEL 6B - S & L,5,MW,6:30 PM,CC 3443,Anneforester,14,/,0,0,4.7,4.7,1417B232,
Fall 2012,North,1422,ESL 065  H1,FOCUS ON WRITING LEVEL 6,5,HYBRID - MWF,11:00 AM,IB 3315,Jbarton ,17,/,0,0,5.7,5.7,1407B232,
Fall 2012,North,1423,ESL 066  01,ESL SPEAK/LISTEN LEVEL 6,5,DAILY,11:00 AM,IB 1410,Cancel 5/21,0,/,0,0,0,0,,
Fall 2012,North,1424,ESL 069  I3,VOCATIONAL ESL -ACCOUNT.,4,MTWTh,10:00 AM,IB 3309,Cancel 9/12,0,/,32,0,0,0,,
Fall 2012,North,1450,ESL 010  25,ESL-LEVEL 1,5,MW,9:30 AM,OC,Lnausner ,10,/,25,0,3.1,3.1,1450B232,
Fall 2012,North,1451,ESL 020  25,ESL - LEVEL 2,5,MW,9:30 AM,OC,Lnausner ,4,/,0,0,1.3,1.3,1450B232,
Fall 2012,North,1452,ESL 030  25,ESL LEVEL 3,5,MW,9:30 AM,OC,Lnausner ,10,/,0,0,3.1,3.1,1450B232,
Fall 2012,North,1460,ESL 010  30,BASIC LITERACY,5,Arr,AR:R M,ARR,Jduke ,1,/,0,0,0.3,0.3,1460B232,
Fall 2012,North,1461,ESL 020  30,ESL - LEVEL 2,5,Arr,AR:R M,ARR,Jduke ,7,/,0,0,2.3,2.3,1460B232,
Fall 2012,North,1462,ESL 030  30,ESL LEVEL 3,5,Arr,AR:R M,ARR,Jduke ,3,/,0,0,1,1,1460B232,
Fall 2012,North,1491,ESL 068  01,EDUC'L INTERVIEW FOR ESL,0,Th,8:45 AM,CC 2153,Vwright ,18,/,50,0,0.4,0.4,,
Fall 2012,North,1492,ESL 068  02,EDUC'L INTERVIEW FOR ESL,0,M,2:45 PM,CC 3359,Vwright ,20,/,50,0,0.4,0.4,,
Fall 2012,North,1493,ESL 068  03,EDUC'L INTERVIEW FOR ESL,0,W,10:45 AM,CC 3359,Vwright ,43,/,50,0,0.9,0.9,,
Fall 2012,North,1494,ESL 068  04,EDUC'L INTERVIEW FOR ESL,0,W,2:45 PM,CC 3359,Vwright ,51,/,50,0,1,1,,
Fall 2012,North,1495,ESL 068  05,EDUC'L INTERVIEW FOR ESL,0,F,11:45 AM,IB 3327,Vwright ,25,/,50,0,0.5,0.5,,
Fall 2012,North,1496,ESL 068  06,EDUC'L INTERVIEW FOR ESL,0,T,1:45 PM,IB 3317,Vwright ,24,/,50,0,0.5,0.5,,
Fall 2012,North,1497,ESL 068  07,EDUC'L INTERVIEW FOR ESL,0,Arr,AR:R M,ARR,Lnausner ,5,/,50,0,0.1,0.1,,
Fall 2012,North,1498,ESL 068  08,EDUCATIONAL INTERVIEW,0,F,1:45 PM,IB 3327,Vwright ,28,/,40,0,0.6,0.6,,
Fall 2012,North,1499,ESL 083  01,STRATEGIC LEARNING,5,DAILY,8:00 AM,CC 3350,Jbarton ,10,/,28,0,3.3,3.3,,
Fall 2012,North,1502,HUM 105  C1,INTERCULTURAL COMMUNICAT,5,Other,10:30 AM,CC 2153,Kstuhldr ,38,/,0,1,12.7,11.3,1212B232,
Fall 2012,North,1503,HUM 110  C2,INTRO TO FILM,5,Other,10:00 AM,CC 2153,Jclapp ,28,/,0,0,9.3,8.3,1216B232,
Fall 2012,North,1504,HUM 200  HZ3,READING THE MEDIA,5,HYBRID - MW,8:20 PM,CC 2153,Jharradi ,22,/,28,0,7.3,6.7,,
Fall 2012,North,1505,HUM 200  01,READING THE MEDIA,5,Other,12:00 PM,IB 3315,Blane ,22,/,28,0,7.3,7.3,,
Fall 2012,North,1550,EDUC 200  01,PEER TUTORING,5,Arr,AR:R M,LB 3234,Dtarker ,0,/,10,0,0,0,,
Fall 2012,North,1552,EDUC 200  02,PEER TUTORING,5,Arr,AR:R M,ED 1845B,Plippert ,0,/,10,0,0,0,,
Fall 2012,North,1603,MUSC 110  01,INTRO TO WORLD MUSIC,5,Other,10:00 AM,LB 1142,Bpalmer ,31,/,35,0,10.3,7.7,,
Fall 2012,North,1630,MUSC 140  01,COLLEGE CHOIR,5,DAILY,11:00 AM,LB 1142,Bpalmer ,53,/,50,1,17.7,4,,
Fall 2012,North,1638,MUSC 154  01,SYMPHONIC BAND,2,M,7:30 PM,LB 1142,Charshman ,0,/,30,0,0,0,,
Fall 2012,North,1652,MUSC 299  01,PRACTICUM IN MUSIC,5,Arr,AR:R M,IB 2417B,Bpalmer ,0,/,10,0,0,0,,
Fall 2012,North,1657,MUSC 130  02,IND. INSTRUCTION: VOICE,2,Arr,AR:R M,IB 2407C,White ,2,/,10,0,0.3,0.1,,
Fall 2012,North,1659,MUSC 130  04,IND. INSTRUCTION: VOICE,2,Arr,AR:R M,IB 2407C,Cgrayson ,1,/,10,0,0,0,,
Fall 2012,North,1660,MUSC 130  05,IND. INSTRUCTION: VOICE,2,Arr,AR:R M,IB 2407C,Dgeorge ,0,/,10,0,0,0,,
Fall 2012,North,1661,MUSC 130  06,IND. INSTRUCTION: VOICE,2,Arr,AR:R M,IB 2407C,Rice ,0,/,10,0,0,0,,
Fall 2012,North,1663,MUSC 130  08,IND. INSTRUCTION: VOICE,2,Arr,AR:R M,IB 2407C,Rice ,0,/,10,0,0,0,,
Fall 2012,North,1665,MUSC 171  02,IND. INST: PIANO,2,Arr,AR:R M,IB 2407C,Ljeon ,7,/,10,0,0.9,0.1,,
Fall 2012,North,1666,MUSC 171  03,IND. INST: CLASSIC PIANO,2,Arr,AR:R M,IB 2407C,Rice ,0,/,10,0,0,0,,
Fall 2012,North,1669,MUSC 172  01,INDIVIDUAL INST: STRINGS,2,Arr,AR:R M,IB 2407C,Johnson ,0,/,10,0,0,0,,
Fall 2012,North,1670,MUSC 172  02,INDIVIDUAL INST: STRINGS,2,Arr,AR:R M,IB 2407C,Catford ,0,/,10,0,0,0,,
Fall 2012,North,1671,MUSC 172  03,INDIVIDUAL INST: STRINGS,2,Arr,AR:R M,IB 2407C,Funk ,1,/,10,0,0.1,0.1,,
Fall 2012,North,1672,MUSC 172  04,INDIVIDUAL INST: STRINGS,2,Arr,AR:R M,IB 2407C,Zadrozny ,0,/,10,0,0,0,,
Fall 2012,North,1674,MUSC 173  01,INDIVIDUAL INST: BRASS,2,Arr,AR:R M,IB 2407C,Landerso ,1,/,10,0,0.1,0.1,,
Fall 2012,North,1675,MUSC 173  02,INDIVIDUAL INST: BRASS,2,Arr,AR:R M,IB 2407C,Bpalmer ,0,/,10,0,0,0,,
Fall 2012,North,1676,MUSC 173  03,INDIVIDUAL INST: BRASS,2,Arr,AR:R M,IB 2407C,Schultz ,0,/,10,0,0,0,,
Fall 2012,North,1677,MUSC 173  04,INDIVIDUAL INST: BRASS,2,Arr,AR:R M,IB 2407C,Schultz ,0,/,10,0,0,0,,
Fall 2012,North,1678,MUSC 173  05,INDIVIDUAL INST: BRASS,2,Arr,AR:R M,IB 2407C,STAFF,0,/,10,0,0,0,,
Fall 2012,North,1679,MUSC 173  06,INDIVIDUAL INST: BRASS,2,Arr,AR:R M,IB 2407C,Dgeorge ,0,/,10,0,0,0,,
Fall 2012,North,1681,MUSC 134  01,IND. INST: WOODWINDS,2,Arr,AR:R M,IB 2407C,Jolivet ,0,/,10,0,0,0,,
Fall 2012,North,1682,MUSC 134  02,IND. INST: WOODWINDS,2,Arr,AR:R M,IB 2407C,Stone ,1,/,10,0,0,0,,
Fall 2012,North,1683,MUSC 134  03,IND. INST: WOODWINDS,2,Arr,AR:R M,IB 2407C,Stone ,0,/,10,0,0,0,,
Fall 2012,North,1684,MUSC 134  04,IND. INST: WOODWINDS,2,Arr,AR:R M,IB 2407C,STAFF,0,/,10,0,0,0,,
Fall 2012,North,1686,MUSC 135  01,IND. INST: PERCUSSION,2,Arr,AR:R M,IB 2407C,Hartman ,0,/,10,0,0,0,,
Fall 2012,North,1687,MUSC 135  02,IND. INST: PERCUSSION,2,Arr,AR:R M,IB 2407C,Vannoy ,0,/,10,0,0,0,,
Fall 2012,North,1688,MUSC 135  03,IND. INST: PERCUSSION,2,Arr,AR:R M,IB 2407C,Dgeorge ,0,/,10,0,0,0,,
Fall 2012,North,1692,MUSC 138  01,INDIVIDUAL INST: GUITAR,2,Arr,AR:R M,IB 2407C,Catford ,0,/,10,0,0,0,,
Fall 2012,North,1693,MUSC 138  02,INDIVIDUAL INST: GUITAR,2,Arr,AR:R M,IB 2407C,Sawyer ,1,/,10,0,0.1,0.1,,
Fall 2012,North,1694,MUSC 138  03,INDIVIDUAL INST: GUITAR,2,Arr,AR:R M,IB 2407C,Catford ,1,/,10,0,0.1,0.1,,
Fall 2012,North,1695,MUSC 138  04,INDIVIDUAL INST: GUITAR,2,Arr,AR:R M,IB 2407C,Sawyer ,1,/,10,0,0,0,,
Fall 2012,North,1696,MUSC 139  01,INDIVIDUAL INST: HARP,2,Arr,AR:R M,IB 2407C,Jaeger ,0,/,10,0,0,0,,
Fall 2012,North,1700,ASL& 121  01,AMERICAN SIGN LANGUAGE I,5,TTh,6:00 PM,CC 3357,Wseago ,26,/,25,4,8.7,6,,
Fall 2012,North,1710,CHIN&121  01,CHINESE I,5,DAILY,9:00 AM,IB 3426,Hxie ,32,/,36,0,10.7,3,,
Fall 2012,North,1720,FRCH&121  01,FRENCH I,5,DAILY,10:00 AM,IB 3426,Sbernhar ,29,/,30,0,9.7,6,,
Fall 2012,North,1724,FRCH&123  01,FRENCH III,5,DAILY,11:00 AM,IB 3426,Sbernhar ,12,/,30,0,4,3,,
Fall 2012,North,1726,FRCH&221  01,FRENCH IV,5,TTh,5:30 PM,IB 3426,Cancel 9/26,0,/,30,0,0,0,,
Fall 2012,North,1728,FRCH 231  01,ADV FRENCH LANG & LIT,5,TTh,5:30 PM,IB 3426,Cancel 9/26,0,/,0,0,0,0,,
Fall 2012,North,1732,FRCH 298  02,INDEPENDENT STUDY/FRENCH,5,Arr,AR:R M,IB 2309A,Czahajko ,0,/,10,0,0,0,,
Fall 2012,North,1740,GERM&121  01,GERMAN I,5,TTh,6:00 PM,CC 3343,Luciaman ,29,/,30,0,9.7,6.3,,
Fall 2012,North,1744,ITAL 121  01,ITALIAN I,5,Other,10:00 AM,ED 0840C,Vrzhondkovsk,26,/,30,0,8.7,6,,
Fall 2012,North,1748,JAPN&121  03,JAPANESE I,5,Other,8:00 AM,CC 3450,Kyamaguchi ,20,/,30,0,6.7,2.7,,
Fall 2012,North,1750,JAPN&121  01,JAPANESE I,5,Other,9:00 AM,CC 3450,Kyamaguchi ,26,/,30,1,8.7,2,,
Fall 2012,North,1752,JAPN&121  02,JAPANESE I,5,Other,10:00 AM,CC 3450,Kyamaguchi ,29,/,30,2,9.7,4.7,,
Fall 2012,North,1760,SPAN&121  01,SPANISH I,5,Other,9:00 AM,IB 3325,Czahajko ,34,/,40,0,11.3,8.7,,
Fall 2012,North,1762,SPAN&121  02,SPANISH I,5,Other,10:00 AM,IB 3325,Czahajko ,18,/,40,0,6,5,,
Fall 2012,North,1764,SPAN&121  03,SPANISH I,5,DAILY,11:00 AM,CC 3450,Jordantaylor,22,/,30,0,7.3,5.7,,
Fall 2012,North,1766,SPAN&121  04,SPANISH I,5,DAILY,12:00 PM,IB 3426,Sbernhar ,29,/,30,0,9.7,8,,
Fall 2012,North,1768,SPAN&121  05,SPANISH I,5,MW,5:30 PM,IB 3426,Jordantaylor,26,/,30,0,8.7,6.7,,
Fall 2012,North,1774,SPAN&121  H7,SPANISH I,5,HYBRID - Th,5:30 PM,IB 3325,Vrzhondkovsk,27,/,35,0,9,7,,
Fall 2012,North,1782,SPAN&123  01,SPANISH III,5,Other,11:00 AM,IB 3325,Czahajko ,9,/,30,0,3,2.7,,
Fall 2012,North,1788,SPAN&221  01,SPANISH IV,5,Other,5:30 PM,IB 3325,Cancel 8/08,0,/,30,0,0,0,,
Fall 2012,North,1792,SPAN 299  01,INDEPENDNT STDY SPANISH,5,Arr,AR:R M,IB 2309A,Czahajko ,5,/,10,0,1.7,1.3,,
Fall 2012,North,1800,ABE 020  01,ABE LEVEL 2,5,MW,9:00 AM,IB 1317,Vwright ,9,/,28,0,3,3,1800B232,
Fall 2012,North,1801,ABE 030  01,ABE LEVEL 3,5,MW,9:00 AM,IB 1317,Vwright ,6,/,0,0,2,2,1800B232,
Fall 2012,North,1810,ABE 021  01,ABE LEVEL 2 MATH,5,TTh,9:00 AM,IB 1317,Vwright ,14,/,28,0,4.7,4.7,1810B232,
Fall 2012,North,1811,ABE 031  01,ABE LEVEL 3 MATH,5,TTh,9:00 AM,IB 1317,Vwright ,10,/,0,0,3.3,3.3,1810B232,
Fall 2012,North,1814,ABE 040  03,ABE LEVEL 4,5,MW,9:00 AM,IB 3330,Jhaines ,8,/,28,0,2.7,2.7,1814B232,
Fall 2012,North,1815,GED 050  01,BASIC GED PREPARATION 5,5,MW,9:00 AM,IB 3330,Jhaines ,17,/,0,0,5.6,5.6,1814B232,
Fall 2012,North,1816,GED 060  01,ADVANCED GED PREP LVL 6,5,MW,9:00 AM,IB 3330,Jhaines ,4,/,0,0,1.3,1.3,1814B232,
Fall 2012,North,1820,ABE 041  01,ABE LEVEL 4 MATH,5,TTh,9:00 AM,IB 3330,Jhaines ,15,/,28,0,5,5,1820B232,
Fall 2012,North,1821,GED 051  01,BASIC GED PREP MATH 5,5,TTh,9:00 AM,IB 3330,Jhaines ,5,/,0,0,1.6,1.6,1820B232,
Fall 2012,North,1822,GED 061  01,ADVANCED GED PREP MATH 6,5,TTh,9:00 AM,IB 3330,Jhaines ,7,/,0,0,2.3,2.3,1820B232,
Fall 2012,North,1824,ABE 049  I1,BASIC SKILLS SUPP PROF/T,3,TF,8:15 AM,IB 1303,Mpalmer ,2,/,0,0,0.4,0.4,1414B232,
Fall 2012,North,1825,ABE 049  I2,BASIC SKILLS SUPP PROF/T,2,T,12:00 PM,IB 3315,Schai ,7,/,0,0,0.9,0.9,1415B232,
Fall 2012,North,1826,ABE 049  I3,BASIC SKILLS SUPP PROF/T,4,MTWTh,10:00 AM,IB 3309,Cancel 9/12,0,/,0,0,0,0,,
Fall 2012,North,1840,GED 050  02,BASIC GED PREPARATION 5,5,TTh,6:00 PM,IB 3330,Cancel 8/27,0,/,28,0,0,0,,
Fall 2012,North,1841,GED 060  02,ADVANCED GED PREP LVL 6,5,TTh,6:00 PM,IB 3330,Cancel 8/27,0,/,0,0,0,0,,
Fall 2012,North,1842,ABE 040  04,ABE LEVEL 4,5,TTh,6:00 PM,IB 3330,Cancel 8/27,0,/,0,0,0,0,,
Fall 2012,North,2004,ASTR&100  05,SURVEY OF ASTRONOMY,5,TTh,12:00 PM,AS 1623,Tfurutan ,33,/,36,0,11,9,,
Fall 2012,North,2012,BIOL 128  01,SURVEY OF HUMAN ANAT&PHY,5,Other,8:00 AM,AS 1521,Lhays ,27,/,32,0,9,8.7,,
Fall 2012,North,2018,BIOL&160  01,GENERAL BIOLOGY W/LAB,5,T,8:00 AM,AS 1622,Tfox ,32,/,32,0,10.7,8.3,,
Fall 2012,North,2024,BIOL&160  03,GENERAL BIOLOGY W/LAB,5,T,10:00 AM,AS 1627,Acaracol ,29,/,32,0,9.7,8.3,,
Fall 2012,North,2030,BIOL&160  05,GENERAL BIOLOGY W/LAB,5,T,12:00 PM,AS 1627,Jprice ,31,/,32,1,10.3,8.7,,
Fall 2012,North,2036,BIOL&160  H7,GENERAL BIOLOGY W/LAB,5,HYBRID - T,2:00 PM,AS 1617,Csheridan ,31,/,32,0,10.3,9.3,,
Fall 2012,North,2044,BIOL&160  08,GENERAL BIOLOGY W/LAB,5,MW,6:00 PM,AS 1617,Kbarndt ,27,/,32,0,9,7.7,,
Fall 2012,North,2050,BIOL&211  01,MAJORS CELLULAR,5,MT,8:00 AM,AS 1617,Egoulet ,24,/,32,0,8,5.3,,
Fall 2012,North,2060,BIOL&211  03,MAJORS CELLULAR,5,MT,10:00 AM,AS 1617,Bsaunder ,30,/,32,0,10,9.3,,
Fall 2012,North,2070,BIOL&211  09,MAJORS CELLULAR,5,TTh,6:00 PM,AS 1617,Lbauman ,34,/,32,0,11.3,9.7,,
Fall 2012,North,2080,BIOL&213  05,MAJORS PLANT,5,MT,12:00 PM,AS 1617,Kbarndt ,31,/,32,3,10.3,9.3,,
Fall 2012,North,2102,BIOL&241  01,HUMAN A & P 1,5,Other,8:00 AM,AS 1615,Msargizi ,28,/,32,0,9.3,9.3,,
Fall 2012,North,2108,BIOL&241  03,HUMAN A & P 1,5,Other,10:00 AM,AS 1615,Msargizi ,28,/,32,0,9.3,8.7,,
Fall 2012,North,2114,BIOL&241  05,HUMAN A & P 1,5,MW,12:00 PM,AS 1615,Acaracol ,31,/,32,0,10.3,10,,
Fall 2012,North,2120,BIOL&241  08,HUMAN A & P 1,5,Other,6:00 PM,AS 1521,Kmjohnson ,28,/,32,0,9.3,8.7,,
Fall 2012,North,2126,BIOL&241  09,HUMAN A & P 1,5,Other,6:00 PM,AS 1521,Kbentson ,28,/,32,0,9.3,9,,
Fall 2012,North,2132,BIOL&241  10,HUMAN A & P 1,5,Sa,8:30 AM,AS 1615,Jdahms ,33,/,32,1,11,10,,
Fall 2012,North,2140,BIOL&242  03,HUMAN A & P 2,5,Other,10:00 AM,AS 1521,Hiverson ,33,/,32,3,11,9.3,,
Fall 2012,North,2146,BIOL&242  05,HUMAN A & P 2,5,Other,12:00 PM,AS 1521,Hiverson ,27,/,32,0,9,8.7,,
Fall 2012,North,2152,BIOL&242  08,HUMAN A & P 2,5,MW,6:00 PM,AS 1615,Coreilly ,30,/,32,0,10,10,,
Fall 2012,North,2158,BIOL&242  09,HUMAN A & P 2,5,TTh,6:00 PM,AS 1615,Jlearn ,43,/,32,19,14.3,14,,
Fall 2012,North,2164,BIOL&260  H3,MICROBIOLOGY,5,HYBRID - MTW,10:00 AM,AS 1622,Sschlado ,25,/,32,0,8.3,8,,
Fall 2012,North,2170,BIOL&260  05,MICROBIOLOGY,5,Other,12:00 PM,AS 1622,Sschlado ,22,/,32,0,7.3,7,,
Fall 2012,North,2176,BIOL&260  08,MICROBIOLOGY,5,MW,6:00 PM,AS 1622,Psilver ,30,/,32,2,10,10,,
Fall 2012,North,2182,BIOL&260  09,MICROBIOLOGY,5,TTh,6:00 PM,AS 1622,Licenogle ,23,/,32,0,7.7,7.3,,
Fall 2012,North,2202,CHEM&121  01,INTRO TO CHEMISTRY,5,M,8:00 AM,AS 1627,Jfurutani ,27,/,32,0,9,8.3,,
Fall 2012,North,2208,CHEM&121  05,INTRO TO CHEMISTRY,5,M,12:00 PM,AS 1627,Blaesch ,30,/,32,0,10,8.7,,
Fall 2012,North,2210,CHEM&121  05A,INTRO TO CHEMISTRY,5,Other,12:00 PM,AS 1519,Nbuker ,31,/,32,0,10.3,6.7,,
Fall 2012,North,2214,CHEM&121  09,INTRO TO CHEMISTRY,5,T,6:00 PM,AS 1520,Sandrew ,28,/,32,0,9.3,6.7,,
Fall 2012,North,2220,CHEM&131  01,INTRO TO ORG & BIO CHEM,5,MT,8:00 AM,AS 1515,Sclary ,22,/,32,0,7.3,6,,
Fall 2012,North,2226,CHEM&131  09,INTRO TO ORG & BIO CHEM,5,TTh,6:00 PM,AS 1614,Sclary ,28,/,32,0,9.3,9,,
Fall 2012,North,2230,CHEM&139  H1,GENERAL CHEMISTRY PREP,5,HYBRID - TTh,8:00 AM,AS 1520,Kowens ,37,/,36,1,12.3,10,,
Fall 2012,North,2234,CHEM&139  H4,GENERAL CHEMISTRY PREP,5,HYBRID - TTh,11:00 AM,AS 1614,Kowens ,38,/,36,1,12.7,7,,
Fall 2012,North,2238,CHEM&139  08,GENERAL CHEMISTRY PREP,5,MW,6:00 PM,AS 1623,Cancel 5/02,0,/,36,0,0,0,,
Fall 2012,North,2244,CHEM&161  01,GENERAL CHEM W/LAB I,6,Other,8:00 AM,AS 1519,Nbuker ,29,/,32,0,11.6,10.4,,
Fall 2012,North,2250,CHEM&161  03,GENERAL CHEM W/LAB I,6,Other,10:00 AM,AS 1519,Nbuker ,31,/,32,0,12.4,11.6,,
Fall 2012,North,2256,CHEM&161  H5,GENERAL CHEM W/LAB I,6,HYBRID - F,12:00 PM,AS 1519,Jhong ,30,/,32,1,12,7.2,,
Fall 2012,North,2262,CHEM&161  08,GENERAL CHEM W/LAB I,6,Other,6:00 PM,AS 1519,Gting ,24,/,32,0,9.6,9.2,,
Fall 2012,North,2268,CHEM&162  H7,GENERAL CHEM W/LAB II,6,HYBRID - Th,2:00 PM,AS 1519,Jhong ,32,/,32,8,12.8,8.4,,
Fall 2012,North,2274,CHEM&163  H1,GENERAL CHEM W/LAB III,6,HYBRID - F,8:00 AM,AS 1519,Jhong ,31,/,32,0,12.4,8.4,,
Fall 2012,North,2280,CHEM&241  03,ORGANIC CHEM I,4,MTWTh,10:00 AM,AS 1614,Jpatters ,39,/,36,0,10.4,8.8,,
Fall 2012,North,2284,CHEM&241  06,ORGANIC CHEM I,4,MTWTh,1:00 PM,LB 1131,Jpatters ,41,/,36,0,10.9,6.9,,
Fall 2012,North,2288,CHEM&241  08,ORGANIC CHEM I,4,MW,6:00 PM,AS 1627,Rengel ,36,/,36,0,9.6,9.1,,
Fall 2012,North,2290,CHEM 255  05,BIOCHEMISTRY I,3,TTh,11:00 AM,AS 1520,Jpatters ,36,/,36,0,7.2,6.6,,
Fall 2012,North,2296,CHEM 255  09,BIOCHEMISTRY I,3,TTh,6:00 PM,AS 1627,Tfurutan ,29,/,36,0,5.8,5.6,,
Fall 2012,North,2304,CSC 110  02,INTRO TO CMPTR PROGMING,5,DAILY,9:00 AM,IB 3430,Voffenba ,28,/,28,3,9.3,6.3,,
Fall 2012,North,2308,CSC 110  03,INTRO TO CMPTR PROGMING,5,DAILY,10:00 AM,IB 3430,Voffenba ,30,/,28,2,10,6,,
Fall 2012,North,2312,CSC 110  08,INTRO TO CMPTR PROGMING,5,MW,6:00 PM,IB 3430,Djinguji ,29,/,28,1,9.7,8.3,,
Fall 2012,North,2318,CSC 142  04,COMPUTER PROGRAMMING,5,DAILY,11:00 AM,IB 3430,Dschaffe ,30,/,28,1,10,7.3,,
Fall 2012,North,2322,CSC 143  05,COMPUTER PROGRAMMING II,5,DAILY,12:00 PM,IB 3430,Bgoldner ,28,/,28,1,9.3,8.3,,
Fall 2012,North,2330,ECON&201  02,MICRO ECONOMICS,5,DAILY,9:00 AM,CC 3352,Dperry ,36,/,36,0,12,5,,
Fall 2012,North,2332,ECON&201  03,MICRO ECONOMICS,5,DAILY,10:00 AM,CC 3352,Dperry ,34,/,36,0,11.3,5.3,,
Fall 2012,North,2334,ECON&201  08,MICRO ECONOMICS,5,MW,6:00 PM,CC 3352,Tskeel ,37,/,36,0,12.3,7,,
Fall 2012,North,2335,ECON&202  H4,MACRO ECONOMICS,5,HYBRID - MWF,11:00 AM,CC 3352,Thcook ,32,/,36,0,10.7,4,2335B232,
Fall 2012,North,2336,ECON&202  HZ4,MACRO ECONOMICS,5,HYBRID - MWF,11:00 AM,CC 3352,Thcook ,4,/,0,0,1.3,1.3,2335B232,
Fall 2012,North,2337,ECON&202  H5,MACRO ECONOMICS,5,HYBRID - MWF,12:00 PM,CC 3352,Thcook ,33,/,36,0,11,7,2337B232,
Fall 2012,North,2338,ECON&202  HZ5,MACRO ECONOMICS,5,HYBRID - MWF,12:00 PM,CC 3352,Thcook ,2,/,0,0,0.7,0.7,2337B232,
Fall 2012,North,2340,ENGR&214  05,STATICS,5,DAILY,12:00 PM,IB 3422,Voffenba ,33,/,32,2,11,7,,
Fall 2012,North,2350,ENVS 150  03,ENVIRONMNTL ISSUES/PROBL,5,T,10:00 AM,IB 3422,Cancel 8/28,0,/,32,0,0,0,,
Fall 2012,North,2354,ENVS 150  03,ENVIRONMNTL ISSUES/PROBL,5,T,10:00 AM,AS 1623,Egoulet ,13,/,32,0,4.3,3.3,,
Fall 2012,North,2360,ENVS 150  04,ENVIRONMNTL ISSUES/PROBL,5,DAILY,11:00 AM,CC 1254A,Jfigge ,35,/,36,0,11.7,8.7,,
Fall 2012,North,2370,GEOL&101  05,PHYSICAL GEOLOGY,5,MW,12:00 PM,AS 1623,Tfurutan ,26,/,32,0,8.7,8.3,,
Fall 2012,North,2374,GEOL 104  03,INTRO TO GEOGRAPHIC SYST,5,MWTh,10:00 AM,AS 1623,Cancel 8/28,0,/,24,0,0,0,,
Fall 2012,North,2380,GEOL 111  09,GEOLOGY FIELD DAY,1,W,6:00 PM,AS 1614,Jfigge ,21,/,24,0,1.4,1.2,,
Fall 2012,North,2387,GEOL 298  01,SPECIAL TOPICS-RESEARCH,3,Arr,AR:R M,ARR,Jfigge ,1,/,1,0,0.2,0.2,,
Fall 2012,North,2390,HEA 150  02,HEALTH & HUMAN SEXUALITY,5,DAILY,9:00 AM,CC 1254A,Troot ,35,/,36,0,11.7,7.7,,
Fall 2012,North,2404,MATH 081  01,BASIC MATH SKILLS,5,DAILY,8:00 AM,CC 3457,Emurphy ,30,/,32,0,10,9.7,,
Fall 2012,North,2410,MATH 081  03,BASIC MATH SKILLS,5,DAILY,10:00 AM,CC 3457,Plippert ,33,/,32,1,11,10,,
Fall 2012,North,2416,MATH 081  Z4,BASIC MATH SKILLS,5,DAILY,11:00 AM,IB 3422,Bcampbel ,30,/,32,2,10,9.3,,
Fall 2012,North,2422,MATH 081  08,BASIC MATH SKILLS,5,MW,6:00 PM,CC 3457,Baschenb ,22,/,32,0,7.3,7,,
Fall 2012,North,2428,MATH 084  02,ALGEBRA I,5,DAILY,9:00 AM,CC 3457,Emurphy ,32,/,32,0,10.7,10.3,,
Fall 2012,North,2434,MATH 084  03,ALGEBRA I,5,Other,10:00 AM,CC 3443,Sdwilson ,26,/,32,0,8.7,8.3,,
Fall 2012,North,2440,MATH 084  04,ALGEBRA I,5,DAILY,11:00 AM,CC 3457,Mgaul ,33,/,32,2,11,10.7,,
Fall 2012,North,2446,MATH 084  05,ALGEBRA I,5,MTWTh,12:00 PM,CC 3455,Jdesoto ,32,/,32,0,10.7,10,,
Fall 2012,North,2452,MATH 084  09,ALGEBRA I,5,Other,6:00 PM,CC 3457,Rrobins ,31,/,32,0,10.3,10,,
Fall 2012,North,2458,MATH 085  02,ALGEBRA II,5,DAILY,9:00 AM,CC 3353,Fgarcia ,17,/,32,0,5.7,5.7,,
Fall 2012,North,2464,MATH 085  03,ALGEBRA II,5,Other,10:00 AM,CC 3443,Sdwilson ,12,/,32,0,4,3.7,,
Fall 2012,North,2470,MATH 085  05,ALGEBRA II,5,MTWTh,12:00 PM,CC 3457,Dli ,21,/,32,0,7,6.7,,
Fall 2012,North,2476,MATH 085  08,ALGEBRA II,5,MW,6:00 PM,IB 3315,Rwells ,18,/,32,0,6,6,,
Fall 2012,North,2490,MATH 089  01,MATH INDEPENDENT STUDY,1,Arr,AR:R M,CC 1353A,Plippert ,6,/,32,0,0.4,0.4,,
Fall 2012,North,2492,MATH 089  02,MATH INDEPENDENT STUDY,2,Arr,AR:R M,CC 1353A,Plippert ,36,/,32,2,4.8,4.7,,
Fall 2012,North,2510,MATH 097  03,ELEMENTARY ALGEBRA,5,DAILY,10:00 AM,CC 3353,Rjenne ,28,/,32,0,9.3,8.3,,
Fall 2012,North,2520,MATH 098  01,INTERMEDIATE ALGEBRA,5,DAILY,8:00 AM,CC 3453,Ltrimble ,33,/,32,0,11,10.7,,
Fall 2012,North,2530,MATH 098  02,INTERMEDIATE ALGEBRA,5,DAILY,9:00 AM,IB 3422,Dli ,33,/,32,0,11,9,,
Fall 2012,North,2540,MATH 098  04,INTERMEDIATE ALGEBRA,5,DAILY,11:00 AM,CC 3459,Fgarcia ,31,/,32,0,10.3,9.7,,
Fall 2012,North,2550,MATH 098  09,INTERMEDIATE ALGEBRA,5,TTh,6:00 PM,CC 3459,Mrice ,28,/,32,0,9.3,9,,
Fall 2012,North,2608,MATH&107  09,MATH IN SOCIETY,5,TTh,6:00 PM,CC 3345,Baschenb ,16,/,32,0,5.3,5.3,,
Fall 2012,North,2612,MATH&146  02,INTRODUCTION TO STATS,5,DAILY,9:00 AM,CC 3445,Mkuczynski ,25,/,32,0,8.3,8.3,,
Fall 2012,North,2618,MATH&146  05,INTRODUCTION TO STATS,5,MTWTh,12:00 PM,CC 3453,Rjenne ,34,/,32,1,11.3,9.7,,
Fall 2012,North,2624,MATH&146  08,INTRODUCTION TO STATS,5,MW,6:00 PM,CC 3353,Kbader ,29,/,32,0,9.7,8.7,,
Fall 2012,North,2630,MATH 116  01,APPL MATH TO MGT LIFE SC,5,MTWTh,7:45 AM,CC 3459,Mjaffrey ,19,/,32,0,6.3,3,,
Fall 2012,North,2636,MATH 116  05,APPL MATH TO MGT LIFE SC,5,Other,12:00 PM,CC 3459,Sdwilson ,32,/,32,0,10.7,3,,
Fall 2012,North,2642,MATH 116  09,APPL MATH TO MGT LIFE SC,5,TTh,6:00 PM,CC 3460,Nphouphakone,24,/,32,0,8,4.7,,
Fall 2012,North,2648,MATH&141  01,PRECALCULUS I,5,DAILY,8:00 AM,CC 3443,Pkurose ,32,/,32,0,10.7,7.3,,
Fall 2012,North,2654,MATH&141  03,PRECALCULUS I,5,DAILY,10:00 AM,CC 3459,Ejasso ,35,/,32,0,11.7,7,,
Fall 2012,North,2658,MATH&141  04,PRECALCULUS I,5,DAILY,11:00 AM,CC 3445,Ejasso ,32,/,32,0,10.7,7.7,,
Fall 2012,North,2662,MATH&141  05,PRECALCULUS I,5,MTWTh,12:00 PM,CC 3353,Hwatts ,32,/,32,0,10.7,7.7,,
Fall 2012,North,2666,MATH&141  09,PRECALCULUS I,5,TTh,6:00 PM,CC 3455,Nkholomyeva ,27,/,32,0,9,8.7,,
Fall 2012,North,2670,MATH&142  02,PRECALCULUS II,5,DAILY,9:00 AM,CC 3459,Akeel ,16,/,32,0,5.3,4.7,,
Fall 2012,North,2674,MATH&142  04,PRECALCULUS II,5,DAILY,11:00 AM,CC 3453,Akeel ,18,/,32,0,6,3.7,,
Fall 2012,North,2680,MATH&142  08,PRECALCULUS II,5,MW,6:00 PM,CC 3455,Jdesoto ,9,/,32,0,3,2,,
Fall 2012,North,2684,MATH&148  01,BUSINESS CALCULUS,5,MTWTh,7:45 AM,CC 3353,Hwatts ,31,/,32,1,10.3,2,,
Fall 2012,North,2690,MATH&148  04,BUSINESS CALCULUS,5,DAILY,11:00 AM,CC 3353,Mweinless ,30,/,32,0,10,3,,
Fall 2012,North,2696,MATH&148  08,BUSINESS CALCULUS,5,MW,6:00 PM,CC 3453,Nkholomyeva ,14,/,32,0,4.7,0.7,,
Fall 2012,North,2704,MATH&151  01,CALCULUS I,5,MTWTh,7:45 AM,IB 3422,Dli ,35,/,32,0,11.7,6,,
Fall 2012,North,2710,MATH&151  03,CALCULUS I,5,DAILY,10:00 AM,CC 3453,Hli ,35,/,32,2,11.7,7.7,,
Fall 2012,North,2716,MATH&151  05,CALCULUS I,5,MTWTh,12:00 PM,CC 3355,Hli ,27,/,32,1,9,3,,
Fall 2012,North,2722,MATH&151  06,CALCULUS I,5,MTWTh,1:00 PM,IB 3430,Dbrannan ,38,/,32,2,12.7,5,,
Fall 2012,North,2728,MATH&151  09,CALCULUS I,5,TTh,6:00 PM,CC 3353,Hwatts ,30,/,32,0,10,7.7,,
Fall 2012,North,2734,MATH&152  02,CALCULUS II,5,DAILY,9:00 AM,CC 3355,Rjenne ,29,/,32,0,9.7,8.7,,
Fall 2012,North,2740,MATH&152  06,CALCULUS II,5,MTWTh,1:15 PM,CC 3355,Mgaul ,36,/,32,0,12,5.7,,
Fall 2012,North,2746,MATH&152  08,CALCULUS II,5,MW,6:00 PM,CC 3355,Hli ,20,/,32,0,6.7,5,,
Fall 2012,North,2752,MATH&153  03,CALCULUS III,5,DAILY,10:00 AM,CC 3355,Mweinless ,9,/,32,0,3,2.7,,
Fall 2012,North,2758,MATH&153  06,CALCULUS III,5,MTWTh,1:15 PM,IB 3422,Ejasso ,25,/,32,0,8.3,6,,
Fall 2012,North,2764,MATH&153  09,CALCULUS III,5,TTh,6:00 PM,IB 3430,Ejasso ,24,/,32,0,8,5.7,,
Fall 2012,North,2770,MATH 220  08,LINEAR ALGEBRA,5,MW,6:00 PM,CC 3459,Dbrannan ,37,/,32,0,12.3,9,,
Fall 2012,North,2774,MATH 224  02,VECTOR CALCULUS,5,DAILY,9:00 AM,CC 3453,Hli ,18,/,32,0,6,4,,
Fall 2012,North,2778,MATH 238  03,DIFFERENTIAL EQUATIONS,5,DAILY,10:00 AM,CC 3455,Mgaul ,31,/,32,1,10.3,3.7,,
Fall 2012,North,2790,MSC 101  01,INTRO TO MATERIALS SCI,5,TTh,8:00 AM,ED 0843A,Pkazarinoff ,12,/,32,0,4,3.7,,
Fall 2012,North,2806,NANO 101  03,INTRO TO NANOTECHNOLOGY,5,MWTh,10:00 AM,ED 0843A,Aagnello ,11,/,20,0,3.7,3.3,,
Fall 2012,North,2810,NTR 150  01,HUMAN NUTRITION,5,DAILY,8:00 AM,CC 1254A,Speterson ,18,/,36,0,6,4.3,,
Fall 2012,North,2814,NTR 150  03,HUMAN NUTRITION,5,DAILY,10:00 AM,CC 1254A,Speterson ,35,/,36,0,11.7,10.3,,
Fall 2012,North,2818,NTR 150  08,HUMAN NUTRITION,5,MW,6:00 PM,CC 3460,Kbaum ,25,/,36,0,8.3,8,,
Fall 2012,North,2820,PHYS&114  H1,GENERAL PHYSICS I W/LAB,5,HYBRID - MW,8:00 AM,AS 1527,Deyres ,24,/,32,0,8,6.3,,
Fall 2012,North,2830,PHYS&114  H3,GENERAL PHYSICS I W/LAB,5,HYBRID - MW,10:00 AM,AS 1527,Deyres ,26,/,32,0,8.7,5.7,,
Fall 2012,North,2834,PHYS&114  H5,GENERAL PHYS I W/LAB,5,HYBRID - M,12:00 PM,AS 1527,Deyres ,27,/,32,0,9,5.7,,
Fall 2012,North,2840,PHYS&114  08,GENERAL PHYSICS I W/LAB,5,MW,6:00 PM,AS 1527,Jreid ,33,/,32,1,11,8.3,,
Fall 2012,North,2850,PHYS&115  H1,GENERAL PHYSICS II W/LAB,5,HYBRID - TTh,8:00 AM,AS 1527,Deyres ,23,/,32,0,7.7,6,,
Fall 2012,North,2860,PHYS&221  05,ENGINEERING PHYSICS I,5,TThF,12:00 PM,AS 1527,Msteffancin ,32,/,32,1,10.7,10.3,,
Fall 2012,North,2870,PHYS&221  09,ENGINEERING PHYSICS I,5,TTh,6:00 PM,AS 1527,Jreid ,35,/,32,3,11.7,9.7,,
Fall 2012,North,2880,PHYS&223  03,ENGINEERING PHYSICS III,5,TThF,10:00 AM,AS 1527,Msteffancin ,32,/,32,1,10.7,8,,
Fall 2012,North,2920,SCI 113  01,MARSH ECOLOGY,1,W,6:00 PM,AS 1520,Egoulet ,11,/,24,0,0.7,0.5,,
Fall 2012,North,2940,SCI 121  09,NATURAL DISASTERS,5,TTh,6:00 PM,AS 1623,Jfigge ,21,/,32,0,7,6.7,,
Fall 2012,North,2950,SCI 298  01,SPECIAL TOPICS,5,Arr,AR:R M,ARR,Aagnello ,0,/,3,0,0,0,,
Fall 2012,North,2960,UGR 294  01,INDEPENDENT RESEARCH,5,Arr,AR:R M,ARR,Bsaunder ,6,/,6,0,1.2,1.2,,
Fall 2012,North,2970,UGR 294  02,INDEPENDENT RESEARCH,3,Arr,AR:R M,ARR,Jfigge ,0,/,1,0,0,0,,
Fall 2012,North,3110,AME 151  H4,SOCIETIES & CULTURES:US,5,HYBRID - MTWTh,11:00 AM,LB 1131,Erolguin ,24,/,36,0,8,7.7,,
Fall 2012,North,3120,ANTH&100  H4,SURVEY OF ANTHROPOLOGY,5,HYBRID - MWF,11:00 AM,CC 3345,Nthompson ,22,/,35,0,7.3,6.3,,
Fall 2012,North,3126,ANTH&206  01,CULTURAL ANTHROPOLOGY,5,DAILY,8:00 AM,CC 3345,Mkleisath ,20,/,36,0,6.7,5.3,,
Fall 2012,North,3210,HIST&126  04,WORLD CIVILATIONS I,5,DAILY,11:00 AM,CC 3357,Srausch ,31,/,36,0,10.3,9.7,,
Fall 2012,North,3220,HIST 140  H3,AMERICAN WOMEN'S HISTORY,5,HYBRID - MTWTh,10:00 AM,CC 3357,Mnutting ,16,/,36,0,5.3,4.3,,
Fall 2012,North,3230,HIST&146  H2,US HISTORY 1: TO 1800,5,HYBRID - MTWTh,9:00 AM,CC 3357,Mnutting ,35,/,40,0,11.7,1.7,3230B232,
Fall 2012,North,3232,HIST&146  HZ2,US HISTORY 1: TO 1800,5,HYBRID - MTWTh,9:00 AM,CC 3357,Mnutting ,4,/,0,0,1.3,1.3,3230B232,
Fall 2012,North,3250,HIST&146  H8,US HISTORY 1: TO 1800,5,HYBRID - W,6:00 PM,CC 3357,Mnutting ,18,/,36,0,6,3.7,3250B232,
Fall 2012,North,3252,HIST&146  HZ8,US HISTORY 1: TO 1800,5,HYBRID - W,6:00 PM,CC 3357,Mnutting ,2,/,0,0,0.7,0.7,3250B232,
Fall 2012,North,3290,ISP 205  02,WOMEN IN THE GLOBAL CONT,5,Other,9:00 AM,CC 3443,Kstuhldr ,5,/,36,0,1.7,1.3,3290B232,
Fall 2012,North,3310,PHIL&101  03,INTRO TO PHILOSOPHY,5,Other,10:00 AM,CC 3343,Ovishnya ,32,/,36,0,10.7,10,,
Fall 2012,North,3320,PHIL&106  04,INTRO TO LOGIC,5,DAILY,11:00 AM,CC 3343,Ovishnya ,22,/,36,0,7.3,6.7,,
Fall 2012,North,3340,PHIL 267  HZ3,PHILOSOPHY OF RELIGION,5,HYBRID - MW,6:30 PM,CC 2153,Abates ,23,/,28,0,7.7,7,,
Fall 2012,North,3358,POLS&202  H1,AMERICAN GOVERNMENT,5,HYBRID - MTWTh,8:00 AM,LB 1131,Erolguin ,20,/,36,0,6.7,2.7,,
Fall 2012,North,3360,POLS&202  H2,AMERICAN GOVERNMENT,5,HYBRID - MTWTh,9:00 AM,LB 1131,Erolguin ,39,/,36,1,13,2,,
Fall 2012,North,3370,POLS&202  H5,AMERICAN GOVERNMENT,5,HYBRID - MTWTh,12:00 PM,LB 1131,Erolguin ,35,/,36,0,11.7,6.3,,
Fall 2012,North,3410,PSYC&100  H2,GENERAL PSYCHOLOGY,5,HYBRID - MTWTh,9:00 AM,CC 3452,Bholt ,33,/,36,0,11,8.3,,
Fall 2012,North,3416,PSYC&100  H3,GENERAL PSYCHOLOGY,5,HYBRID - MTWTh,10:00 AM,CC 3452,Bholt ,35,/,36,1,11.7,8.3,,
Fall 2012,North,3420,PSYC&100  H4,GENERAL PSYCHOLOGY,5,HYBRID - MTWTh,11:00 AM,CC 3452,Bholt ,34,/,36,2,11.3,8,,
Fall 2012,North,3426,PSYC&100  09,GENERAL PSYCHOLOGY,5,Other,6:00 PM,CC 3452,Mgrinley ,15,/,36,0,5,4.3,,
Fall 2012,North,3430,PSYC 230  H3,HUMAN SEXUALITY,5,HYBRID - MWF,10:00 AM,CC 3345,Ratkins ,18,/,36,0,6,5.7,3430B232,
Fall 2012,North,3440,PSYC&200  H3,LIFESPAN PSYCHOLOGY,5,HYBRID - MWF,10:00 AM,IB 3417,Cancel 8/02,0,/,36,0,0,0,,
Fall 2012,North,3450,PSYC&200  06,LIFESPAN PSYCHOLOGY,5,Other,1:00 PM,CC 3443,Avoorhies ,29,/,36,0,9.7,8.7,,
Fall 2012,North,3460,PSYC&200  08,LIFESPAN PSYCHOLOGY,5,Other,6:00 PM,CC 3452,Ratkins ,22,/,36,0,7.3,6.3,,
Fall 2012,North,3470,PSYC&220  05,ABNORMAL PSYCHOLOGY,5,TTh,12:00 PM,CC 3452,Hgill ,31,/,36,0,10.3,9,,
Fall 2012,North,3480,PSYC 245  06,SOCIAL PSYCHOLOGY,5,Other,1:00 PM,CC 3452,Mgrinley ,21,/,36,0,7,5.7,3480B232,
Fall 2012,North,3510,SOC& 101  01,INTRO TO SOCIOLOGY,5,Other,8:00 AM,CC 3452,Jmcnalley ,25,/,36,0,8.3,6.3,,
Fall 2012,North,3520,SOC& 101  H4,INTRO TO SOCIOLOGY,5,HYBRID - MWF,11:00 AM,IB 3413,Gpalmer ,32,/,36,0,10.7,8.7,,
Fall 2012,North,3530,SOC 230  H3,HUMAN SEXUALITY,5,HYBRID - MWF,10:00 AM,CC 3345,Ratkins ,15,/,0,0,5,4.7,3430B232,
Fall 2012,North,3540,SOC 245  06,SOCIAL PSYCHOLOGY,5,Other,1:00 PM,CC 3452,Mgrinley ,12,/,0,0,4,3.3,3480B232,
Fall 2012,North,3560,WMN 200  C1,INTRO TO WOMEN STUDIES,5,Other,10:30 AM,CC 2153,Kstuhldr ,11,/,0,1,3.7,3.3,1212B232,
Fall 2012,North,3570,WMN 205  02,WOMEN IN THE GLOBAL CONT,5,Other,9:00 AM,CC 3443,Kstuhldr ,9,/,0,0,3,2.7,3290B232,
Fall 2012,North,3804,HDC 100  01,CAREER PLAN/PERSNL EVALU,2,TTh,11:00 AM,CC 3352,Hoffman-robi,11,/,25,0,1.5,1.3,,
Fall 2012,North,3825,HDC 125  01,LEARNING STRATEGY MATH,2,TTh,12:00 PM,IB 3316,Jmao ,30,/,32,0,4,3.7,,
Fall 2012,North,4000,ACCT 110  01,INTRO TO ACCTG/BOOKG I,5,MW,9:00 AM,LB 1141,Slozano ,28,/,30,0,9.3,9,,
Fall 2012,North,4002,ACCT 110  02N,INTRO TO ACCTG/BOOKG I,5,TTh,5:30 PM,IB 3327,Zasmulski ,18,/,30,0,6,5.3,,
Fall 2012,North,4008,ACCT 131  01,QUICKBOOKS,5,TTh,11:00 AM,IB 3307,Cancel 9/12,0,/,18,0,0,0,,
Fall 2012,North,4009,ACCT 131  I1,QUICKBOOKS,5,TTh,11:00 AM,IB 3307,Cancel 6/11,0,/,12,0,0,0,,
Fall 2012,North,4021,ACCT&201  01,PRIN OF ACCOUNTING I,5,DAILY,9:00 AM,IB 3313,Jcsmith ,35,/,30,1,11.7,5.3,,
Fall 2012,North,4022,ACCT&201  02,PRIN OF ACCOUNTING I,5,DAILY,10:00 AM,IB 3313,Jcsmith ,28,/,30,1,9.3,5.7,,
Fall 2012,North,4023,ACCT&201  03,PRIN OF ACCOUNTING I,5,DAILY,11:00 AM,IB 3317,Esedlik ,35,/,35,2,11.7,4,,
Fall 2012,North,4024,ACCT&201  04N,PRIN OF ACCOUNTING I,5,TTh,5:30 PM,IB 3413,Kbreland ,29,/,30,0,9.7,8.3,,
Fall 2012,North,4026,ACCT&202  01,PRIN OF ACCOUNTING II,5,DAILY,11:00 AM,IB 3313,Jcsmith ,31,/,30,0,10.3,4.3,,
Fall 2012,North,4030,ACCT&202  02N,PRIN OF ACCOUNTING II,5,TTh,5:30 PM,IB 3313,Esedlik ,26,/,30,0,8.7,2.7,,
Fall 2012,North,4032,ACCT&203  01,PRIN OF ACCOUNTING III,5,Other,9:00 AM,IB 3317,Rwoods ,18,/,30,0,6,3.7,,
Fall 2012,North,4034,ACCT&203  02N,PRIN OF ACCOUNTING III,5,MW,5:30 PM,IB 3313,Jcsmith ,24,/,30,0,8,3.3,,
Fall 2012,North,4040,ACCT 255  01,INDIVIDUAL INCOME TAX,5,DAILY,9:00 AM,IB 3413,Lhopt ,13,/,30,0,4.3,3,,
Fall 2012,North,4044,ACCT 257  01N,BUSINESS TAX ACCOUNTING,5,MW,5:30 PM,IB 3413,Jzeng ,32,/,30,0,10.7,10.7,,
Fall 2012,North,4046,ACCT 261  01N,ACCOUNTING INFO SYSTEMS,5,TTh,5:30 PM,IB 3307,Jzeng ,24,/,25,0,8,7.7,,
Fall 2012,North,4100,BUS& 101  01,INTRO TO BUSINESS,5,MW,11:00 AM,IB 3327,Nadelson ,20,/,25,0,6.7,5.3,,
Fall 2012,North,4102,BUS& 101  01N,INTRO TO BUSINESS,5,MW,5:30 PM,IB 3417,Cancel 9/17,0,/,25,0,0,0,,
Fall 2012,North,4104,BUS 105  01,KEYBOARDING,4,DAILY,9:00 AM,IB 3309,Mfarrar ,11,/,28,0,2.9,2.7,4104B232,
Fall 2012,North,4106,BUS 105  02N,KEYBOARDING,4,MW,5:30 PM,IB 3309,Mfarrar ,7,/,28,0,1.9,1.6,4106B232,
Fall 2012,North,4108,BUS 106  01,KEYBOARDING/SKILLBUILD,3,DAILY,9:00 AM,IB 3309,Mfarrar ,10,/,28,0,2,2,4104B232,
Fall 2012,North,4110,BUS 106  02N,KEYBOARDING/SKILLBUILD,3,MW,5:30 PM,IB 3309,Mfarrar ,5,/,28,0,1,1,4106B232,
Fall 2012,North,4114,BUS 114  01,INTRO TO MARKETING,5,MW,1:30 PM,IB 3315,Nadelson ,26,/,25,0,8.7,7.7,,
Fall 2012,North,4115,BUS 115  01,COMPUTATIONAL SKILLBUILD,2,DAILY,9:00 AM,IB 3309,Mfarrar ,2,/,28,0,0.3,0.3,4104B232,
Fall 2012,North,4116,BUS 115  02N,COMPUTATIONAL SKILLBUILD,2,MW,5:30 PM,IB 3309,Mfarrar ,2,/,28,0,0.3,0.3,4106B232,
Fall 2012,North,4117,BUS 116  01N,BUSINESS MATH/SPREADSHET,5,TTh,6:00 PM,IB 3409,Mmelsness ,11,/,28,0,3.7,3.7,,
Fall 2012,North,4120,BUS 123  01,WORD FOR BUSINESS,5,Other,11:00 AM,IB 3404,Jelkins ,17,/,30,0,5.7,5.7,,
Fall 2012,North,4122,BUS 124  01,EXCEL FOR BUSINESS,5,MWF,8:30 AM,IB 3404,Rjones ,28,/,28,3,9.3,9,,
Fall 2012,North,4125,BUS 131  01,INTEGRATED COMM I,5,DAILY,10:00 AM,IB 3327,Mmelsness ,27,/,30,0,9,9,,
Fall 2012,North,4138,BUS 151  01N,INTRO TO ENTREPRENEURSHP,3,Other,6:00 PM,IB 3315,Deberhar ,20,/,35,0,4,3.6,,
Fall 2012,North,4144,BUS 169  01,USING COMPUTERS IN BUS,5,Other,11:00 AM,IB 3309,Tanderso ,25,/,28,0,8.3,8.3,,
Fall 2012,North,4146,BUS 169  02N,USING COMPUTERS IN BUS,5,Other,6:00 PM,IB 3309,Jelkins ,28,/,28,0,9.3,9.3,,
Fall 2012,North,4152,BUS 200  01,LAW AND SOCIETY,5,Other,12:00 PM,IB 3317,Lhopt ,26,/,35,0,8.7,3.3,,
Fall 2012,North,4154,BUS 200  02N,LAW AND SOCIETY,5,TTh,6:00 PM,IB 3316,Fbonner ,8,/,35,0,2.7,2,,
Fall 2012,North,4156,BUS& 201  01,BUSINESS LAW,5,Other,10:00 AM,IB 3422,Lhopt ,38,/,35,4,12.7,5.7,,
Fall 2012,North,4160,BUS 210  01,BUS & ECONOMIC STATISTIC,5,Other,10:00 AM,IB 3317,Wholt ,32,/,35,0,10.7,3.3,,
Fall 2012,North,4162,BUS 210  02,BUS & ECONOMIC STATISTIC,5,Other,12:00 PM,IB 3313,Wholt ,27,/,35,0,9,4.3,,
Fall 2012,North,4164,BUS 210  03N,BUS & ECONOMIC STATISTIC,5,MW,6:00 PM,IB 3317,Wholt ,15,/,35,0,5,3.7,,
Fall 2012,North,4166,BUS 215  01,INTRO TO INT'L TRADE BUS,5,DAILY,8:00 AM,IB 3317,Canc0l 9/14,0,/,25,0,0,0,,
Fall 2012,North,4168,BUS 236  01,I'PERSONAL COMM WORKPLAC,5,Other,11:00 AM,IB 3417,Tanderso ,20,/,25,0,6.7,6,,
Fall 2012,North,4169,BUS 236  02,I'PERSONAL COMM WORKPLAC,5,Other,11:00 AM,IB 3417,Deberhar ,23,/,25,0,7.7,7.7,,
Fall 2012,North,4170,BUS 236  03N,I'PERSONAL COMM WORKPLAC,5,MW,6:00 PM,IB 3316,Bradenco ,21,/,25,0,7,6.3,,
Fall 2012,North,4180,BUS 298  01,SPECIAL TOPICS: BUSINESS,5,MTW,AR:R M,ARR,STAFF,0,/,3,0,0,0,,
Fall 2012,North,4300,RES 100  01N,REAL ESTATE FUNDAMENTALS,5,W,5:30 PM,IB 3327,Nadelson ,29,/,25,0,9.7,9.3,,
Fall 2012,North,4305,RES 101  01N,TECHNOLOGY FOR REAL ESTA,5,MW,3:00 PM,IB 3404,Bcampbel ,16,/,25,0,5.3,5,,
Fall 2012,North,4316,RES 142  01,INSPECTING REAL ESTATE,3,Sa,8:30 AM,IB 3317,Mohandley ,16,/,25,0,3.2,2.8,,
Fall 2012,North,4317,RES 177  01N,REAL ESTATE TAXES,2,M,5:45 PM,IB 3327,Lhopt ,20,/,25,0,2,1.9,,
Fall 2012,North,4332,RES 202  01N,MUTI-FAMILY PROP MNGMT,3,T,6:00 PM,IB 3317,Efix ,22,/,25,0,4.4,4,,
Fall 2012,North,4364,RES 180  01,BASIC APPRAISAL PRINCIPL,3,,AR:R M,OFF,Cancel 5/08,0,/,25,0,0,0,,
Fall 2012,North,4525,RES 150  01,RESIDENTIAL SALES & LEAS,2,Sa,1:00 PM,IB 3317,Lbossard ,14,/,25,0,1.4,1.4,,
Fall 2012,North,4539,RES 298  01,SPECIAL PROJECTS-REALEST,6,Arr,AR:R M,IB 2413A,Nadelson ,4,/,5,0,1.6,1.6,,
Fall 2012,North,5100,TDR 100  H1N,BASIC BIM FOR DESIGN,5,HYBRID - M,5:30 PM,ED 2843B,Ssimmons ,28,/,28,0,9.3,9.3,,
Fall 2012,North,5102,TDR 109  01,ARCHITECTURAL EGRING LAB,1,M,7:30 PM,ED 2843B,Ssimmons ,21,/,24,0,1.4,1.3,,
Fall 2012,North,5104,TDR 111  H1N,BASIC CAD DRAFT/CONS&DES,5,HYBRID - W,5:30 PM,ED 2843B,Ssimmons ,30,/,28,3,10,9.3,,
Fall 2012,North,5107,TDR 113  01,BASIC DRAFTING,5,MW,3:00 PM,ED 2843B,Ssimmons ,22,/,24,0,7.3,7.3,,
Fall 2012,North,5110,TDR 124  01,MAT & METHOD OF CONSTRCT,5,TTh,3:00 PM,ED 2843B,Ncarlstr ,18,/,24,0,6,6,,
Fall 2012,North,5120,TDR 160  01,APPLIED MECHANICS I,5,TTh,5:30 PM,ED 2843B,Ncarlstr ,11,/,24,0,3.7,3.7,,
Fall 2012,North,5250,HVC 101  H1,ESSENTIALS OF HVAC,5,HYBRID - T,5:30 PM,ED 0845B,Mweber ,22,/,24,0,7.3,7,,
Fall 2012,North,5251,HVC 220  H1,GREEN HVAC,3,HYBRID - M,5:30 PM,ED 0845B,Caodahl ,9,/,24,0,1.8,1.8,,
Fall 2012,North,5256,HVC 212  H1,COOLING HEATING SYS SV 2,5,HYBRID - W,5:30 PM,ED 0845B,Mweber ,9,/,24,0,3,3,,
Fall 2012,North,5300,EEL 201  01N,ENERGY GENERATION CONVER,5,MW,6:00 PM,ED 2843A,Fjump ,15,/,24,0,5,5,5300B232,
Fall 2012,North,5305,EET 105  01,INTRO TO TECHNOLOGY,3,T,11:00 AM,IB 3327,Lwilkins ,26,/,24,5,5.2,4.8,,
Fall 2012,North,5307,EET 107  01N,PRINCIPLES OF ELECTRONIC,4,MW,6:00 PM,IB 3325,Djenkins ,14,/,25,0,3.7,3.7,,
Fall 2012,North,5309,EET 109  01,MATH APP FOR CIRCUIT ANY,5,DAILY,9:00 AM,ED 1840A,Lwilkins ,26,/,30,0,8.7,8,,
Fall 2012,North,5311,EET 109  02,MATH APP FOR CIRCUIT ANY,5,DAILY,10:00 AM,ED 1840A,Djenkins ,24,/,24,1,8,7.7,,
Fall 2012,North,5316,EET 131  02N,IT ESSENTIALS I A+ CERT,5,Other,6:00 PM,ED 1745B,Tfiegenb ,26,/,27,0,8.7,8,,
Fall 2012,North,5317,EET 131  01N,IT ESSENTIALS I A+ CERT,5,Other,6:00 PM,ED 1745B,Adole ,22,/,24,1,7.3,6.7,,
Fall 2012,North,5318,EET 135  01N,INTRO TO BROADBAND,5,Other,3:00 PM,ED 1745B,Tfiegenb ,13,/,20,0,4.3,4.3,,
Fall 2012,North,5319,EET 160  H1,INTRO TO ELECTY/ELECTRNC,5,HYBRID - TTh,2:30 PM,ED 1845C,Csanders ,26,/,25,0,8.7,8,,
Fall 2012,North,5320,EET 161  01,DC PRIN OF ELECTRONICS,5,MW,11:00 AM,ED 1840A,Lwilkins ,24,/,24,5,8,7.3,,
Fall 2012,North,5321,EET 161  02,DC PRIN OF ELECTRONICS,5,TTh,11:00 AM,ED 1840A,Djenkins ,15,/,24,0,5,5,,
Fall 2012,North,5322,EET 162  01,AC PRIN OF ELECTRONICS,5,TTh,1:00 PM,ED 1840A,Fjump ,17,/,24,0,5.7,5.7,,
Fall 2012,North,5324,EET 163  01,SOLID STATE ELECTRONICSI,5,MW,6:00 PM,ED 1840A,Lwilkins ,18,/,24,0,6,5.7,,
Fall 2012,North,5326,EET 165  01,ANALOG CIRCTS/DEVICE I,5,TTh,11:00 AM,ED 1745B,Csanders ,18,/,32,0,6,6,,
Fall 2012,North,5330,EET 171  01,DIGITAL CIRCUITS II,5,MW,1:00 PM,ED 1840A,Fjump ,15,/,24,0,5,5,,
Fall 2012,North,5340,EET 285  01N,ELECTRONICS TECH PROJECT,3,MW,6:00 PM,ED 2843A,Fjump ,3,/,24,0,0.6,0.6,5300B232,
Fall 2012,North,5346,EET 286  01N,BIOMEDICAL EQUIPMENT I,5,TTh,6:00 PM,ED 1840A,Dmcmahon ,16,/,16,0,5.3,5.3,,
Fall 2012,North,5348,EET 297  01,BIOMEDICAL TECHNICIAN,4,Arr,AR:R M,ARR,Lwilkins ,1,/,10,0,0.3,0,,
Fall 2012,North,5349,EET 298  01,SPECIAL TOPICS-ELEC.TECH,5,Arr,AR:R M,ARR,Lwilkins ,1,/,10,0,0,0,,
Fall 2012,North,5605,IT 101  01,SOFTWARE APPLICATIONS,5,Other,12:00 PM,IB 3406,Bcampbel ,24,/,28,0,8,8,,
Fall 2012,North,5610,IT 138  01N,UNIX FOR NETWORK ADMIN,5,TTh,6:00 PM,IB 3404,Dshoemaker ,16,/,28,0,5.3,5.3,,
Fall 2012,North,5612,IT 142  01N,NETWORK MGMT - CISCO I,5,MW,6:00 PM,ED 2841A,Mrice ,25,/,24,7,8.3,8.3,,
Fall 2012,North,5911,HIN 111  01,INTRO TO WATCH TECHNOLOG,6,DAILY,8:00 AM,IB 3420,Erolf ,4,/,12,0,1.6,1.6,,
Fall 2012,North,5912,HIN 112  01,"WATCH TECH I: TOOLS, EQU",6,DAILY,8:00 AM,IB 3420,Erolf ,4,/,12,0,1.6,1.6,,
Fall 2012,North,5913,HIN 113  01,WATCH TECH I: PRACTICUM,10,DAILY,8:00 AM,IB 3420,Erolf ,4,/,12,0,2.7,2.7,,
Fall 2012,North,5951,HIN 211  01,WATCH TECH V:PRECISION T,6,DAILY,8:00 AM,IB 3319,Egresseth ,10,/,12,0,4,4,,
Fall 2012,North,5952,HIN 212  01,WATCH TECH V:ELECTRONIC,6,DAILY,8:00 AM,IB 3319,Egresseth ,10,/,12,0,4,4,,
Fall 2012,North,5953,HIN 213  01,WATCH TECH V: PRACTICUM,10,DAILY,8:00 AM,IB 3319,Egresseth ,10,/,12,0,6.7,6.7,,
Fall 2012,North,6002,CCE 125  01,PROGRAM PLANNING,5,TTh,7:30 PM,IB 3417,Vbiesiedzins,19,/,24,0,6.3,6.3,,
Fall 2012,North,6004,CCE 135  01,FOUNDATIONS OF EARLY LEA,5,TTh,7:30 PM,IB 1303,Ndaniel ,15,/,24,0,5,4.7,,
Fall 2012,North,6006,CCE 159  01,BEHAVIOR MANAGEMENT,4,TTh,5:40 PM,IB 3417,Vbiesiedzins,24,/,24,0,6.4,6.1,,
Fall 2012,North,6008,CCE 160  D1,CONNECTING TO CHILDREN,2,M,6:00 PM,IB 3417,Vbiesiedzins,25,/,24,0,3.3,3.2,,
Fall 2012,North,6010,CCE 160  D2,CONNECTING TO CHILDREN,2,M,7:00 PM,IB 3417,Vbiesiedzins,25,/,24,0,3.3,3.2,,
Fall 2012,North,6012,CCE 165  01,UNDERSTANDING LITERACY,3,W,6:00 PM,IB 1303,Ndaniel ,24,/,24,0,4.8,4.6,,
Fall 2012,North,6014,CCE 232  01,PARENT INVOLVEMENT,4,Other,5:30 PM,CC 3345,Jkarshna ,15,/,24,0,4,3.5,,
Fall 2012,North,6016,CCE 234  01,STAFF RELATIONSHIPS,3,M,6:30 PM,IB 1303,Ndaniel ,21,/,24,0,4.2,4,,
Fall 2012,North,6018,CCE 240  01,MULTICULTURAL DIALOGUES,3,T,5:00 PM,IB 1303,Ndaniel ,14,/,24,0,2.8,2.8,,
Fall 2012,North,6020,CCE 261  01,RDGS IN EARLY CHLDHD ED,6,Arr,AR:R M,ARR,Ndaniel ,0,/,6,0,0,0,,
Fall 2012,North,6041,FAM 149  41,2ND PARENT CHLDSTDY/LAB,1,W,8:30 AM,IB 1407,Mmulcahy ,0,/,3,0,0,0,6401B232,
Fall 2012,North,6042,FAM 149  42,2ND PARENT CHLDSTDY/LAB,1,Th,12:15 PM,IB 1407,Iwagner ,0,/,3,0,0,0,6402B232,
Fall 2012,North,6045,FAM 149  45,2ND PARENT CHLDSTDY/LAB,1,Arr,AR:R M,OC,Lleiker ,0,/,3,0,0,0,6405B232,
Fall 2012,North,6046,FAM 149  46,2ND PARENT CHLDSTDY/LAB,1,T,8:30 AM,IB 1407,Bethgoss ,0,/,3,0,0,0,6406B232,
Fall 2012,North,6047,FAM 149  47,2ND PARENT CHLDSTDY/LAB,1,Arr,AR:R M,OC,Swilliams ,0,/,3,0,0,0,6407B232,
Fall 2012,North,6048,FAM 149  48,2ND PARENT CHLDSTDY/LAB,1,Arr,AR:R M,ARR,Abaumgarten ,0,/,3,0,0,0,6408B232,
Fall 2012,North,6049,FAM 149  49,2ND PARENT CHLDSTDY/LAB,1,Arr,AR:R M,OC,Iwagner ,1,/,3,0,0.1,0.1,6409B232,
Fall 2012,North,6050,FAM 149  50,2ND PARENT CHLDSTDY/LAB,1,Arr,AR:R M,OC,Dcarlsen ,0,/,3,0,0,0,6410B232,
Fall 2012,North,6051,FAM 149  51,2ND PARENT CHLDSTDY/LAB,1,Arr,AR:R M,OC,Iwagner ,0,/,3,0,0,0,6411B232,
Fall 2012,North,6052,FAM 149  52,2ND PARENT CHLDSTDY/LAB,1,Th,8:30 AM,IB 1407,Ecrary ,0,/,3,0,0,0,6412B232,
Fall 2012,North,6053,FAM 149  53,2ND PARENT CHLDSTDY/LAB,1,F,8:30 AM,IB 1407,Bethgoss ,0,/,3,0,0,0,6413B232,
Fall 2012,North,6054,FAM 149  54,2ND PARENT CHLDSTDY/LAB,1,Arr,AR:R M,OC,Ecrary ,0,/,3,0,0,0,6414B232,
Fall 2012,North,6055,FAM 149  55,2ND PARENT CHLDSTDY/LAB,1,M,8:00 AM,IB 1407,Bethgoss ,0,/,3,0,0,0,6415B232,
Fall 2012,North,6060,FAM 149  60,2ND PARENT CHLDSTDY/LAB,1,Arr,AR:R M,OC,Lleiker ,0,/,3,0,0,0,6405B232,
Fall 2012,North,6062,FAM 149  62,2ND PARENT CHLDSTDY/LAB,1,Arr,AR:R M,OC,Bcallahan ,0,/,3,0,0,0,6422B232,
Fall 2012,North,6063,FAM 149  63,2ND PARENT CHLDSTDY/LAB,1,T,8:15 AM,IB 1304,Dcarlsen ,0,/,3,0,0,0,6423B232,
Fall 2012,North,6064,FAM 149  64,2ND PARENT CHLDSTDY/LAB,1,Arr,AR:R M,OC,Ccrowser ,0,/,3,0,0,0,6424B232,
Fall 2012,North,6065,FAM 149  65,2ND PARENT CHLDSTDY/LAB,1,Arr,AR:R M,OC,Kkincaid ,0,/,3,0,0,0,6425B232,
Fall 2012,North,6066,FAM 149  66,2ND PARENT CHLDSTDY/LAB,1,Arr,AR:R M,ARR,Abaumgarten ,0,/,3,0,0,0,6408B232,
Fall 2012,North,6067,FAM 149  67,2ND PARENT CHLDSTDY/LAB,1,Arr,AR:R M,OC,Ccrowser ,0,/,3,0,0,0,6427B232,
Fall 2012,North,6068,FAM 149  68,2ND PARENT CHLDSTDY/LAB,1,Arr,AR:R M,OC,Bwilli ,1,/,3,0,0.1,0.1,6428B232,
Fall 2012,North,6069,FAM 149  69,2ND PARENT CHLDSTDY/LAB,1,Arr,AR:R M,OC,Bcallahan ,1,/,3,0,0.1,0.1,6429B232,
Fall 2012,North,6070,FAM 149  70,2ND PARENT CHLDSTDY/LAB,1,Arr,AR:R M,OC,Dcarlsen ,0,/,3,0,0,0,6430B232,
Fall 2012,North,6071,FAM 149  71,2ND PARENT CHLDSTDY/LAB,1,Arr,AR:R M,OC,Kkincaid ,0,/,3,0,0,0,6431B232,
Fall 2012,North,6072,FAM 149  72,2ND PARENT CHLDSTDY/LAB,1,Arr,AR:R M,OC,Dcarlsen ,0,/,3,0,0,0,6432B232,
Fall 2012,North,6077,FAM 149  77,2ND PARENT CHLDSTDY/LAB,1,Arr,AR:R M,OC,Ebird ,0,/,3,0,0,0,6437B232,
Fall 2012,North,6079,FAM 149  79,2ND PARENT CHLDSTDY/LAB,1,Arr,AR:R M,OC,Bwilli ,1,/,3,0,0.1,0.1,6439B232,
Fall 2012,North,6080,FAM 149  80,2ND PARENT CHLDSTDY/LAB,1,Arr,AR:R M,OC,Bwilli ,2,/,3,0,0.1,0.1,6440B232,
Fall 2012,North,6081,FAM 149  81,2ND PARENT CHLDSTDY/LAB,1,Arr,AR:R M,OC,Jward ,0,/,3,0,0,0,6441B232,
Fall 2012,North,6082,FAM 149  82,2ND PARENT CHLDSTDY/LAB,1,Arr,AR:R M,OC,Ebird ,2,/,3,0,0.1,0.1,6442B232,
Fall 2012,North,6083,FAM 149  83,2ND PARENT CHLDSTDY/LAB,1,Arr,AR:R M,OC,Ebird ,0,/,3,0,0,0,6443B232,
Fall 2012,North,6084,FAM 149  84,2ND PARENT CHLDSTDY/LAB,1,Arr,AR:R M,OC,Jward ,0,/,3,0,0,0,6444B232,
Fall 2012,North,6085,FAM 149  85,2ND PARENT CHLDSTDY/LAB,1,Arr,AR:R M,OC,Ebird ,0,/,3,0,0,0,6445B232,
Fall 2012,North,6086,FAM 149  86,2ND PARENT CHLDSTDY/LAB,1,Arr,AR:R M,OC,Jward ,1,/,3,0,0.1,0.1,6446B232,
Fall 2012,North,6087,FAM 149  87,2ND PARENT CHLDSTDY/LAB,1,Arr,AR:R M,OC,Sconnors ,0,/,3,0,0,0,6447B232,
Fall 2012,North,6089,FAM 149  89,2ND PARENT CHLDSTDY/LAB,1,Arr,AR:R M,OC,Sconnors ,0,/,3,0,0,0,6449B232,
Fall 2012,North,6090,FAM 149  90,2ND PARENT CHLDSTDY/LAB,1,Arr,AR:R M,OC,Swilliams ,0,/,3,0,0,0,6450B232,
Fall 2012,North,6091,FAM 149  91,2ND PARENT CHLDSTDY/LAB,1,Arr,AR:R M,OC,Jward ,0,/,3,0,0,0,6451B232,
Fall 2012,North,6092,FAM 149  92,2ND PARENT CHLDSTDY/LAB,1,Arr,AR:R M,OC,Lleiker ,2,/,3,0,0.1,0.1,6452B232,
Fall 2012,North,6093,FAM 149  93,2ND PARENT CHLDSTDY/LAB,1,Arr,AR:R M,OC,Ccrowser ,0,/,3,0,0,0,6453B232,
Fall 2012,North,6401,FAM 146  01,PARENT ED: 0-12 MONTHS,3,W,8:30 AM,IB 1407,Mmulcahy ,19,/,20,0,3.8,3.8,6401B232,
Fall 2012,North,6402,FAM 146  02,PARENT ED: 0-12 MONTHS,3,Th,12:15 PM,IB 1407,Iwagner ,19,/,20,0,3.8,3.8,6402B232,
Fall 2012,North,6404,FAM 146  04,PARENT ED: 0-12 MONTHS,2,Arr,AR:R M,OC,Iwagner ,20,/,20,0,3.3,3.3,,
Fall 2012,North,6405,FAM 156  05,PARENT ED.: 12-24 MONTHS,3,Arr,AR:R M,OC,Lleiker ,12,/,10,0,2.4,2.4,6405B232,
Fall 2012,North,6406,FAM 156  06,PARENT ED.: 12-24 MONTHS,3,T,8:30 AM,IB 1407,Bethgoss ,20,/,20,0,4,4,6406B232,
Fall 2012,North,6407,FAM 156  07,PARENT ED.: 12-24 MONTHS,3,Arr,AR:R M,OC,Swilliams ,20,/,20,0,4,4,6407B232,
Fall 2012,North,6408,FAM 156  08,PARENT ED.: 12-24 MONTHS,3,Arr,AR:R M,ARR,Abaumgarten ,8,/,10,0,1.6,1.6,6408B232,
Fall 2012,North,6409,FAM 156  09,PARENT ED.: 12-24 MONTHS,3,Arr,AR:R M,OC,Iwagner ,20,/,20,0,4,4,6409B232,
Fall 2012,North,6410,FAM 156  10,PARENT ED.: 12-24 MONTHS,3,Arr,AR:R M,OC,Dcarlsen ,20,/,20,0,4,4,6410B232,
Fall 2012,North,6411,FAM 156  11,PARENT ED.: 12-24 MONTHS,3,Arr,AR:R M,OC,Iwagner ,22,/,20,0,4.4,4.4,6411B232,
Fall 2012,North,6412,FAM 156  12,PARENT ED.: 12-24 MONTHS,3,Th,8:30 AM,IB 1407,Ecrary ,22,/,20,0,4.4,4.4,6412B232,
Fall 2012,North,6413,FAM 156  13,PARENT ED.: 12-24 MONTHS,3,F,8:30 AM,IB 1407,Bethgoss ,19,/,20,0,3.8,3.8,6413B232,
Fall 2012,North,6414,FAM 156  14,PARENT ED.: 12-24 MONTHS,3,Arr,AR:R M,OC,Ecrary ,21,/,20,0,4.2,4.2,6414B232,
Fall 2012,North,6415,FAM 156  15,PARENT ED.: 12-24 MONTHS,3,M,8:00 AM,IB 1407,Bethgoss ,19,/,20,0,3.8,3.8,6415B232,
Fall 2012,North,6417,FAM 156  17,PARENT ED.: 12-24 MONTHS,2,Arr,AR:R M,OC,Sconnors ,20,/,20,0,3.3,3.3,,
Fall 2012,North,6420,FAM 166  20,PARENT ED.: 24-36 MONTHS,3,Arr,AR:R M,OC,Lleiker ,13,/,0,0,2.6,2.6,6405B232,
Fall 2012,North,6422,FAM 166  22,PARENT ED.: 24-36 MONTHS,3,Arr,AR:R M,OC,Bcallahan ,21,/,20,0,4.2,4.2,6422B232,
Fall 2012,North,6423,FAM 166  23,PARENT ED.: 24-36 MONTHS,3,T,8:15 AM,IB 1304,Dcarlsen ,19,/,20,0,3.8,3.8,6423B232,
Fall 2012,North,6424,FAM 166  24,PARENT ED.: 24-36 MONTHS,3,Arr,AR:R M,OC,Ccrowser ,23,/,20,0,4.6,4.6,6424B232,
Fall 2012,North,6425,FAM 166  25,PARENT ED.: 24-36 MONTHS,3,Arr,AR:R M,OC,Kkincaid ,18,/,20,0,3.6,3.6,6425B232,
Fall 2012,North,6426,FAM 166  26,PARENT ED.: 24-36 MONTHS,3,Arr,AR:R M,ARR,Abaumgarten ,10,/,10,0,2,2,6408B232,
Fall 2012,North,6427,FAM 166  27,PARENT ED.: 24-36 MONTHS,3,Arr,AR:R M,OC,Ccrowser ,20,/,20,0,4,4,6427B232,
Fall 2012,North,6428,FAM 166  28,PARENT ED.: 24-36 MONTHS,3,Arr,AR:R M,OC,Bwilli ,20,/,20,0,4,4,6428B232,
Fall 2012,North,6429,FAM 166  29,PARENT ED.: 24-36 MONTHS,3,Arr,AR:R M,OC,Bcallahan ,20,/,20,0,4,4,6429B232,
Fall 2012,North,6430,FAM 166  30,PARENT ED.: 24-36 MONTHS,3,Arr,AR:R M,OC,Dcarlsen ,20,/,20,2,4,4,6430B232,
Fall 2012,North,6431,FAM 166  31,PARENT ED.: 24-36 MONTHS,3,Arr,AR:R M,OC,Kkincaid ,20,/,20,0,4,4,6431B232,
Fall 2012,North,6432,FAM 166  32,PARENT ED.: 24-36 MONTHS,3,Arr,AR:R M,OC,Dcarlsen ,20,/,20,0,4,4,6432B232,
Fall 2012,North,6433,FAM 166  33,PARENT ED.: 24-36 MONTHS,2,Arr,AR:R M,OC,Mmulcahy ,20,/,20,0,3.3,3.3,,
Fall 2012,North,6437,FAM 176  37,PARENT ED.: 36-48 MONTHS,3,Arr,AR:R M,OC,Ebird ,19,/,20,0,3.8,3.8,6437B232,
Fall 2012,North,6439,FAM 176  39,PARENT ED.: 36-48 MONTHS,3,Arr,AR:R M,OC,Bwilli ,19,/,20,0,3.8,3.8,6439B232,
Fall 2012,North,6440,FAM 176  40,PARENT ED.: 36-48 MONTHS,3,Arr,AR:R M,OC,Bwilli ,23,/,20,0,4.6,4.6,6440B232,
Fall 2012,North,6441,FAM 176  41,PARENT ED.: 36-48 MONTHS,3,Arr,AR:R M,OC,Jward ,20,/,20,0,4,4,6441B232,
Fall 2012,North,6442,FAM 176  42,PARENT ED.: 36-48 MONTHS,3,Arr,AR:R M,OC,Ebird ,20,/,20,0,4,4,6442B232,
Fall 2012,North,6443,FAM 176  43,PARENT ED.: 36-48 MONTHS,3,Arr,AR:R M,OC,Ebird ,20,/,20,0,4,4,6443B232,
Fall 2012,North,6444,FAM 176  44,PARENT ED.: 36-48 MONTHS,3,Arr,AR:R M,OC,Jward ,20,/,20,0,4,4,6444B232,
Fall 2012,North,6445,FAM 176  45,PARENT ED.: 36-48 MONTHS,3,Arr,AR:R M,OC,Ebird ,20,/,20,0,4,4,6445B232,
Fall 2012,North,6446,FAM 176  46,PARENT ED.: 36-48 MONTHS,3,Arr,AR:R M,OC,Jward ,20,/,20,0,4,4,6446B232,
Fall 2012,North,6447,FAM 176  47,PARENT ED.: 36-48 MONTHS,3,Arr,AR:R M,OC,Sconnors ,20,/,20,0,4,4,6447B232,
Fall 2012,North,6449,FAM 186  49,PARENT ED: 48-72 MONTHS,3,Arr,AR:R M,OC,Sconnors ,21,/,20,0,4.2,4.2,6449B232,
Fall 2012,North,6450,FAM 186  50,PARENT ED.: 48-72 MONTHS,3,Arr,AR:R M,OC,Swilliams ,19,/,20,0,3.8,3.8,6450B232,
Fall 2012,North,6451,FAM 186  51,PARENT ED.: 48-72 MONTHS,3,Arr,AR:R M,OC,Jward ,20,/,20,0,4,4,6451B232,
Fall 2012,North,6452,FAM 186  52,PARENT ED.: 48-72 MONTHS,3,Arr,AR:R M,OC,Lleiker ,18,/,20,0,3.6,3.6,6452B232,
Fall 2012,North,6453,FAM 186  53,PARENT ED.: 48-72 MONTHS,3,Arr,AR:R M,OC,Ccrowser ,20,/,20,0,4,4,6453B232,
Fall 2012,North,6454,FAM 186  54,PARENT ED.: 48-72 MONTHS,3,Arr,AR:R M,OC,Mmulcahy ,20,/,20,0,4,4,,
Fall 2012,North,6455,FAM 196  55,PARENT ED: SPECIAL PROG.,2,Arr,AR:R M,OC,Maabbott ,20,/,20,0,3.3,3.3,,
Fall 2012,North,6456,FAM 196  56,PARENT ED.: SPECIAL PROG,2,Arr,AR:R M,OC,Bwilli ,10,/,10,0,1.7,1.7,6456B232,
Fall 2012,North,6457,FAM 196  57,PARENT ED.: SPECIAL PROG,2,Arr,AR:R M,OC,Sconnors ,10,/,10,0,1.7,1.7,6457B232,
Fall 2012,North,6458,FAM 196  58,PARENT ED.: SPECIAL PROG,2,Arr,AR:R M,OC,Bwilli ,10,/,10,0,1.7,1.7,6456B232,
Fall 2012,North,6459,FAM 196  59,PARENT ED.: SPECIAL PROG,2,Arr,AR:R M,OC,Lleiker ,18,/,20,0,3,3,,
Fall 2012,North,6461,FAM 196  61,PARENT ED.: SPECIAL PROG,2,Arr,AR:R M,OC,Ccrowser ,20,/,20,0,3.3,3.3,,
Fall 2012,North,6462,FAM 196  62,PARENT ED.: SPECIAL PROG,2,Arr,AR:R M,OC,Maabbott ,10,/,10,0,1.7,1.7,6462B232,
Fall 2012,North,6463,FAM 196  63,PARENT ED: SPECIAL PROG,2,Arr,AR:R M,OC,Maabbott ,10,/,10,0,1.7,1.7,6462B232,
Fall 2012,North,6464,FAM 196  64,PARENT ED.: SPECIAL PROG,2,Arr,AR:R M,OC,Bethgoss ,19,/,20,0,3.2,3.2,,
Fall 2012,North,6465,FAM 196  65,PARENT ED.: SPECIAL PROG,2,Arr,AR:R M,OC,Bwilli ,10,/,10,0,1.7,1.7,6465B232,
Fall 2012,North,6466,FAM 196  66,PARENT ED.: SPECIAL PROG,2,Arr,AR:R M,OC,Lleiker ,10,/,10,0,1.7,1.7,6466B232,
Fall 2012,North,6467,FAM 196  67,PARENT ED.: SPECIAL PROG,2,Arr,AR:R M,OC,Lleiker ,10,/,10,0,1.7,1.7,6466B232,
Fall 2012,North,6468,FAM 196  68,PARENT ED.: SPECIAL PROG,2,Arr,AR:R M,OC,Sconnors ,10,/,10,0,1.7,1.7,6457B232,
Fall 2012,North,6470,FAM 196  70,PARENT ED: SPECIAL PROG,2,Arr,AR:R M,OC,Cancel 9/05,0,/,10,0,0,0,,
Fall 2012,North,6471,FAM 196  71,PARENT ED: SPECIAL PROG,2,Arr,AR:R M,OC,Ccrowser ,6,/,10,0,1,1,6465B232,
Fall 2012,North,6473,FAM 196  73,PARENT ED.: SPECIAL PROG,2,Arr,AR:R M,OC,Cancel 10/01,0,/,20,0,0,0,,
Fall 2012,North,6500,AHE 190  01,EMERG MEDICAL TECHNICIAN,10,Other,5:00 PM,LB 1141,Kurick ,37,/,42,0,24.7,24.7,6500B232,
Fall 2012,North,6502,AHE 191  CPR,HEALTHCARE PROVIDER CPR,2,Th,6:00 PM,IB 1409,Mbloom ,31,/,52,0,4.1,4.1,,
Fall 2012,North,6504,AHE 190  02,EMERG MEDICAL TECH.,10,Other,5:00 PM,LB 1141,Kurick ,33,/,42,0,22,22,6500B232,
Fall 2012,North,6506,AHE 103  01,MATH FOR HEALTH CAREERS,3,MW,1:00 PM,IB 3416,Tdguirl ,22,/,30,0,4.4,4.2,,
Fall 2012,North,6508,AHE 242  01,BASIC BLOOD COLLECTION,2,Sa,9:00 AM,IB 1317,Tdguirl ,20,/,20,0,2.7,2.7,,
Fall 2012,North,6512,AHE 118  01,INTRO TO PHLEBOTOMY I,5,T,8:00 AM,IB 1322,Tdguirl ,10,/,0,0,3.3,3,6512B232,
Fall 2012,North,6514,AHE 118  I2,INTRO TO PHLEBOTOMY I,5,T,8:00 AM,IB 1322,Tdguirl ,9,/,0,0,5.3,5.3,6512B232,
Fall 2012,North,6520,NUR 105  01,CPR FIRST AID HCARE PROV,2,M,10:00 AM,IB 1409,Mbloom ,13,/,0,0,1.7,1.7,6520B232,
Fall 2012,North,6522,NUR 105  I2,CPR FIRST AID HCARE PROV,2,M,10:00 AM,IB 1409,Mbloom ,10,/,0,0,2.3,2.3,6520B232,
Fall 2012,North,6524,NUR 107  01,NURSING ASSISTANT-CERT,12,TWF,10:00 AM,IB 1303,Lkuehl ,13,/,0,0,10.4,10.4,6524B232,
Fall 2012,North,6526,NUR 107  I2,NURSING ASSISTANT-CERT,12,TWF,10:00 AM,IB 1303,Lkuehl ,10,/,0,0,14,14,6524B232,
Fall 2012,North,6528,NUR 108  01,CLIN HOSP EXP FOR NAC,3,W,5:00 PM,IB 1414,Pguidon ,13,/,20,0,2.6,2.6,,
Fall 2012,North,6531,PHA 112  01,PHARMACY LAW,2,F,11:35 AM,IB 1421,Lramos ,29,/,28,0,3.9,3.9,,
Fall 2012,North,6532,PHA 115  01,ORIENT'N TO PHARM. PRAC.,2,Other,10:30 AM,IB 1421,Uthorstensen,29,/,28,0,3.9,3.9,,
Fall 2012,North,6533,PHA 116  01,HIV/AIDS AND HIPAA,1,F,1:20 PM,IB 1421,Lramos ,21,/,28,0,1.4,1.4,,
Fall 2012,North,6534,PHA 120  01,PHARMACY CALCULATIONS,3,Other,9:00 AM,IB 1421,Uthorstensen,31,/,29,0,6.2,6.2,,
Fall 2012,North,6535,PHA 170  01,PHARMACY RECORDS MGMNT,4,Other,11:25 AM,IB 1421,Uthorstensen,31,/,29,0,8.3,8.3,,
Fall 2012,North,6536,PHA 141  03,STERILE PRODS/ASE TECHII,2,Other,9:00 AM,IB 1421,Uthorstensen,21,/,28,0,2.8,2.8,,
Fall 2012,North,6537,PHA 151  03,PHARMACOLOGY II,3,F,9:00 AM,IB 1421,Lramos ,22,/,28,0,4.4,4.4,,
Fall 2012,North,6538,PHA 161  03,PHARMACY TECHNOLOGY II,2,Other,11:40 AM,ED 1841A,Uthorstensen,21,/,28,0,2.8,2.8,,
Fall 2012,North,6539,PHA 190  03,PHARMACY TECH EXTERNSHIP,13,Arr,AR:R M,OFF,Uthorstensen,21,/,28,0,12.5,12.5,,
Fall 2012,North,6550,NUR 115  01,INTRO TO PATIENT CARE,2,Arr,AR:R M,OFF,Dfiliatrault,31,/,32,0,4.1,4.1,,
Fall 2012,North,6551,NUR 116  01,NURSING FUNDAMENTALS,6,Arr,AR:R M,ARR,Dfiliatrault,31,/,32,0,12.4,12.4,,
Fall 2012,North,6552,NUR 117  01,NURSING FUNDAMENTALS LAB,2,Arr,AR:R M,ARR,Jgrosnick ,32,/,32,0,4.3,4.3,,
Fall 2012,North,6553,NUR 130  01,CRITICAL THINKING IN NSG,2,Arr,AR:R M,ARR,Nwhittier ,32,/,32,0,4.3,4.3,,
Fall 2012,North,6556,NUR 126  04,ROLE OF THE LPN,3,Other,8:00 AM,IB 1414,Dfiliatrault,28,/,32,0,5.6,5.6,,
Fall 2012,North,6557,NUR 139  04,TRANSITION TO LPN PRACT,4,Arr,AR:R M,OFF,Tcalender ,28,/,32,0,7.5,7.5,,
Fall 2012,North,6558,NUR 154  04,INTRAVENOUS THERAPY SKLL,1,Arr,AR:R M,ARR,Rmabbitt ,28,/,32,0,1.9,1.9,,
Fall 2012,North,6560,NUR 223  01,ADVANCED NURSING SKILLS,2,Arr,AR:R M,ARR,Dfiliatrault,31,/,32,0,4.1,4.1,,
Fall 2012,North,6561,NUR 225  01,FAMILY NURSING,6,Arr,AR:R M,ARR,Creinke ,31,/,40,0,12.4,12.4,,
Fall 2012,North,6562,NUR 231  01,FAMILY NURSING CLINICAL,4,Arr,AR:R M,OFF,Kcunnington ,31,/,32,0,8.3,8.3,,
Fall 2012,North,6570,PEC 104  01,BEGINNING MARTIAL ARTS,2,TTh,10:00 AM,WC 0827D,Bgittins ,10,/,0,0,1.3,0.8,6570B232,
Fall 2012,North,6571,PEC 105  01,INTERMEDIATE MARTIAL ART,2,TTh,10:00 AM,WC 0827D,Bgittins ,1,/,0,0,0.1,0.1,6570B232,
Fall 2012,North,6572,PEC 106  01,ADVANCED MARTIAL ARTS,2,TTh,10:00 AM,WC 0827D,Bgittins ,2,/,0,0,0.3,0.1,6570B232,
Fall 2012,North,6573,PEC 131  01,BEGINNING WEIGHT TRAING,2,MWF,8:00 AM,WC 0829B,Jblodgett ,14,/,0,0,1.9,0.9,6573B232,
Fall 2012,North,6574,PEC 131  02,BEGINNING WEIGHT TRAING,2,MWF,10:00 AM,WC 0829B,Jblodgett ,15,/,0,0,2,1.7,6574B232,
Fall 2012,North,6575,PEC 132  01,INTER WEIGHT TRAINING,2,MWF,8:00 AM,WC 0829B,Jblodgett ,4,/,0,0,0.5,0.1,6573B232,
Fall 2012,North,6576,PEC 132  02,INTER WEIGHT TRAINING,2,MWF,10:00 AM,WC 0829B,Jblodgett ,8,/,0,0,1.1,0.7,6574B232,
Fall 2012,North,6577,PEC 136  01,YOGA,2,MWF,8:00 AM,WC 0827D,Jhill ,20,/,20,0,2.7,0.8,,
Fall 2012,North,6578,PEC 136  02,YOGA,2,MWF,9:00 AM,WC 0827D,Jhill ,23,/,20,0,3.1,1.3,,
Fall 2012,North,6579,PEC 136  03,YOGA,2,MW,2:00 PM,WC 0827D,Jhill ,24,/,20,2,3.2,1.9,,
Fall 2012,North,6580,PEC 136  04,YOGA,2,TTh,4:00 PM,WC 0827D,Jhill ,24,/,20,1,3.2,1.7,,
Fall 2012,North,6581,PEC 150  01,BEGIN. PHYSICAL FITNESS,2,MW,1:00 PM,WC 0829B,Jblodgett ,16,/,0,0,2.1,0.7,6581B232,
Fall 2012,North,6582,PEC 151  01,INTERMED PHYSICAL FITNES,2,MW,1:00 PM,WC 0829B,Jblodgett ,3,/,0,0,0.4,0.3,6581B232,
Fall 2012,North,6583,PEC 155  02,FIRST AID & PERSONAL SAF,3,Other,1:00 PM,WC 0827A,Bkay ,12,/,25,0,2.4,1.8,,
Fall 2012,North,6584,PEC 180  01,TOTAL BODY TRAINING,2,MWF,10:00 AM,WC 0827D,Troot ,18,/,20,0,2.4,1.2,,
Fall 2012,North,6585,PEC 298  01,YOGA PILATES,2,TTh,2:00 PM,WC 0827D,Cancel 5/24,0,/,20,0,0,0,,
Fall 2012,North,6587,PEC 299  01,INDEPENDENT FITNESS,2,Sa,9:00 AM,WC 0827A,Lchristine ,22,/,25,0,2.9,2.1,,
Fall 2012,North,6588,PEC 298  03,CLASSIC/CONTEMP DANCE,2,MWF,11:00 AM,WC 0827D,Cancel 9/14,0,/,20,0,0,0,,
Fall 2012,North,6589,PEC 139  01,YOGA PILATES,2,TTh,2:00 PM,WC 0827D,Troot ,22,/,20,0,2.9,1.7,,
Fall 2012,North,6600,AMA 100  02,INTRO TO HEALTHCARE,1,Arr,AR:R M,IB 1318,Mallen ,11,/,0,0,0.7,0.7,,
Fall 2012,North,6601,AMA 101  02,COMMUNICATIONS IN HEALTH,2,Arr,AR:R M,IB 1318,Sstufflebeam,13,/,0,0,1.7,1.7,6601B232,
Fall 2012,North,6602,AMA 102  02,LEGAL CONCEPTS,1,Arr,AR:R M,IB 1318,Sstufflebeam,2,/,0,0,0.1,0.1,6601B232,
Fall 2012,North,6603,AMA 103  02,ETHICAL CONCEPTS,1,Arr,AR:R M,IB 1318,Sstufflebeam,3,/,0,0,0.2,0.2,6601B232,
Fall 2012,North,6604,AMA 104  02,OFFICE EMERGENCIES,2,Arr,AR:R M,IB 1318,Sstufflebeam,16,/,0,0,2.1,2.1,,
Fall 2012,North,6605,AMA 105  02,ASEPSIS & INFECTION CONT,1,Arr,AR:R M,IB 1318,Mallen ,9,/,0,0,0.6,0.6,,
Fall 2012,North,6606,AMA 106  02,PATIENT HISTORY,1,Arr,AR:R M,IB 1318,Sstufflebeam,13,/,0,0,0.9,0.9,,
Fall 2012,North,6607,AMA 107  02,VITAL SIGNS/MEASURMENTS,1,Arr,AR:R M,IB 1318,Sstufflebeam,6,/,0,0,0.4,0.4,6607B232,
Fall 2012,North,6608,AMA 108  02,NUTRITION & DEV BASICS,1,Arr,AR:R M,IB 1318,Sstufflebeam,3,/,0,0,0.2,0.2,6607B232,
Fall 2012,North,6609,AMA 109  02,PHARMACOLOGY,1,Arr,AR:R M,IB 1318,Sstufflebeam,0,/,0,0,0,0,6607B232,
Fall 2012,North,6610,AMA 110  02,INTRO TO LAB SAFETY,1,Arr,AR:R M,IB 1318,Mallen ,2,/,0,0,0.1,0.1,6610B232,
Fall 2012,North,6611,AMA 112  02,CREDENTIALS & EMPLOYMENT,1,Arr,AR:R M,IB 1318,Mallen ,10,/,0,0,0.7,0.7,6610B232,
Fall 2012,North,6612,AMA 114  02,BASIC PSYCHOLOGY PRINCIP,1,Arr,AR:R M,IB 1318,Mallen ,4,/,0,0,0.3,0.3,6610B232,
Fall 2012,North,6613,AMA 115  02,HIV/AIDS,1,Arr,AR:R M,IB 1318,Mallen ,4,/,0,0,0.3,0.3,6610B232,
Fall 2012,North,6614,AMA 116  02,PRINC OF IV THERAPY,1,Arr,AR:R M,IB 1318,Mallen ,6,/,0,0,0.4,0.4,6610B232,
Fall 2012,North,6615,AMA 120  02,FRONT OFFICE BASICS,1,Arr,AR:R M,IB 1318,Mcrichton ,14,/,0,0,0.9,0.9,,
Fall 2012,North,6616,AMA 121  02,PATIENT SCHEDULING,1,Arr,AR:R M,IB 1318,Mcrichton ,13,/,0,0,0.9,0.9,,
Fall 2012,North,6617,AMA 122  02,MED RECORDS & CORRESPOND,1,Arr,AR:R M,IB 1318,Mcrichton ,14,/,0,0,0.9,0.9,,
Fall 2012,North,6618,AMA 123  02,DAILY FINANCIAL MANAGEME,1,Arr,AR:R M,IB 1318,Mcrichton ,16,/,0,0,1.1,1.1,,
Fall 2012,North,6619,AMA 125  02,INTRO TO MED INS CODING,2,Arr,AR:R M,IB 1318,Mcrichton ,13,/,0,0,1.7,1.7,,
Fall 2012,North,6620,AMA 170  02,AP/TERMINOLOGY/PATHGY 1,2,Arr,AR:R M,IB 1318,Mcrichton ,3,/,0,0,0.4,0.4,6620B232,
Fall 2012,North,6621,AMA 171  02,AP/TERMINOLOGY/PATHGY 2,1,Arr,AR:R M,IB 1318,Mcrichton ,3,/,0,0,0.2,0.2,6620B232,
Fall 2012,North,6622,AMA 172  02,AP/TERMINOLOGY/PATHGY 3,1,Arr,AR:R M,IB 1318,Mcrichton ,3,/,0,0,0.2,0.2,6620B232,
Fall 2012,North,6623,AMA 173  02,AP/TERMINOLOGY/PATHGY 4,1,Arr,AR:R M,IB 1318,Mcrichton ,3,/,0,0,0.2,0.2,6620B232,
Fall 2012,North,6624,AMA 174  02,AP/TERMINOLOGY/PATHGY 5,1,Arr,AR:R M,IB 1318,Mcrichton ,3,/,0,0,0.2,0.2,6620B232,
Fall 2012,North,6625,AMA 175  02,AP/TERMINOLOGY/PATHGY 6,1,Arr,AR:R M,IB 1318,Mcrichton ,3,/,0,0,0.2,0.2,6620B232,
Fall 2012,North,6626,AMA 176  02,AP/TERMINOLOGY/PATHGY 7,1,Arr,AR:R M,IB 1318,Plarson ,3,/,0,0,0.2,0.2,6626B232,
Fall 2012,North,6627,AMA 177  02,AP/TERMINOLOGY/PATHGY 8,1,Arr,AR:R M,IB 1318,Plarson ,3,/,0,0,0.2,0.2,6626B232,
Fall 2012,North,6628,AMA 178  02,AP/TERMINOLOGY/PATHGY 9,1,Arr,AR:R M,IB 1318,Plarson ,3,/,0,0,0.2,0.2,6626B232,
Fall 2012,North,6629,AMA 179  02,AP/TERMINOLOGY/PATHGY 10,1,Arr,AR:R M,IB 1318,Plarson ,3,/,0,0,0.2,0.2,6626B232,
Fall 2012,North,6630,AMA 180  02,AP/TERMINOLOGY/PATHGY 11,1,Arr,AR:R M,IB 1318,Plarson ,3,/,0,0,0.2,0.2,6626B232,
Fall 2012,North,6631,AMA 181  02,AP/TERMINOLOGY/PATHGY 12,1,Arr,AR:R M,IB 1318,Plarson ,1,/,0,0,0.1,0.1,6626B232,
Fall 2012,North,6632,AMA 226  02,MED INSURANCE CODING 1,1,Arr,AR:R M,IB 1318,Mcrichton ,14,/,0,0,0.9,0.9,,
Fall 2012,North,6633,AMA 227  02,MED INSURANCE BILLING,2,Arr,AR:R M,IB 1318,Mcrichton ,12,/,0,0,1.6,1.6,6633B232,
Fall 2012,North,6634,AMA 230  02,MEDICAL OFFICE MANAGEMEN,1,Arr,AR:R M,IB 1318,Mcrichton ,8,/,0,0,0.5,0.5,6633B232,
Fall 2012,North,6635,AMA 240  02,GYN/PEDIATRICS,1,Arr,AR:R M,IB 1318,Plarson ,8,/,0,0,0.5,0.5,6635B232,
Fall 2012,North,6636,AMA 241  02,MALE REPRODUCTIVE/GERONT,1,Arr,AR:R M,IB 1318,Plarson ,2,/,0,0,0.1,0.1,6635B232,
Fall 2012,North,6637,AMA 242  02,EXAMS BY BODY SYSTEMS,2,Arr,AR:R M,IB 1318,Plarson ,8,/,0,0,1.1,1.1,6637B232,
Fall 2012,North,6638,AMA 243  02,REHABILITATION,1,Arr,AR:R M,IB 1318,Plarson ,6,/,0,0,0.4,0.4,6637B232,
Fall 2012,North,6639,AMA 244  02,INTRO TO IMAGING,1,Arr,AR:R M,IB 1318,Plarson ,6,/,0,0,0.4,0.4,,
Fall 2012,North,6640,AMA 245  02,MINOR SURGERY,2,Arr,AR:R M,IB 1318,Plarson ,4,/,0,0,0.5,0.5,6640B232,
Fall 2012,North,6641,AMA 246  02,PATIENT PRIORITIZING INS,1,Arr,AR:R M,IB 1318,Plarson ,2,/,0,0,0.1,0.1,6640B232,
Fall 2012,North,6642,AMA 250  02,MEDICATION CALC & ADMIN,2,Arr,AR:R M,IB 1318,Sstufflebeam,6,/,0,0,0.8,0.8,6642B232,
Fall 2012,North,6643,AMA 251  02,EKG,1,Arr,AR:R M,IB 1318,Sstufflebeam,5,/,0,0,0.3,0.3,6642B232,
Fall 2012,North,6644,AMA 252  02,PHLEBOTOMY,2,Arr,AR:R M,IB 1318,Sstufflebeam,7,/,0,0,0.9,0.9,6642B232,
Fall 2012,North,6645,AMA 253  02,HEMATOLOGY,1,Arr,AR:R M,IB 1318,Plarson ,7,/,0,0,0.5,0.5,6645B232,
Fall 2012,North,6646,AMA 254  02,URINALYSIS,1,Arr,AR:R M,IB 1318,Plarson ,6,/,0,0,0.4,0.4,6645B232,
Fall 2012,North,6647,AMA 255  02,BASIC MICROBIOLOGY,1,Arr,AR:R M,IB 1318,Plarson ,6,/,0,0,0.4,0.4,6647B232,
Fall 2012,North,6648,AMA 256  02,SPECIALTY LAB TESTS/CHEM,1,Arr,AR:R M,IB 1318,Plarson ,7,/,0,0,0.5,0.5,6647B232,
Fall 2012,North,6650,AHM 101  02,PATHOLOGY 1,1,Arr,AR:R M,IB 1318,Mallen ,5,/,0,0,0.3,0.3,,
Fall 2012,North,6651,AHM 102  02,PATHOLOGY 2,1,Arr,AR:R M,IB 1318,Mallen ,4,/,0,0,0.3,0.3,,
Fall 2012,North,6652,AHM 103  02,PATHOLOGY 3,1,Arr,AR:R M,IB 1318,Mallen ,4,/,0,0,0.3,0.3,,
Fall 2012,North,6653,AHM 104  02,PATHOLOGY 4,1,Arr,AR:R M,IB 1318,Mallen ,4,/,0,0,0.3,0.3,,
Fall 2012,North,6654,AHM 105  02,PATHOLOGY 5,1,Arr,AR:R M,IB 1318,Mallen ,4,/,0,0,0.3,0.3,,
Fall 2012,North,6655,AHM 117  02,INTRO TO LAB & CLIN SAFT,1,Arr,AR:R M,IB 1318,Mallen ,0,/,0,0,0,0,,
Fall 2012,North,6656,AHM 118  02,INTRO TO PATIENT HISTORY,1,Arr,AR:R M,IB 1318,Mallen ,0,/,0,0,0,0,,
Fall 2012,North,6657,AHM 124  02,INTRO TO MEDICAL TRANSCR,1,Arr,AR:R M,IB 1318,Mallen ,3,/,0,0,0.2,0.2,,
Fall 2012,North,6658,AHM 140  02,PHLEBOTOMY 2,1,Arr,AR:R M,IB 1318,Mallen ,0,/,0,0,0,0,,
Fall 2012,North,6659,AHM 141  02,LAB EQUIPMENT/MEASUREMEN,1,Arr,AR:R M,IB 1318,Mallen ,0,/,0,0,0,0,,
Fall 2012,North,6660,AHM 142  02,NON-BLOOD SPECIMEN COLL,1,Arr,AR:R M,IB 1318,Mallen ,0,/,0,0,0,0,,
Fall 2012,North,9334,HDC 100  D1,CAREER PLAN/PERSNL EVALU,2,Online,-,-,Jmao ,25,/,25,0,3.3,3.2,,
Fall 2012,North,9336,AHI 100  D1,INTRO TO MED VOCABULARY,3,Online,-,-,Bgeary ,23,/,0,0,4.6,4.6,,
Fall 2012,North,9338,AHI 100  D2,INTRO TO MED VOCABULARY,3,Online,-,-,Bgeary ,25,/,0,0,5,4.6,,
Fall 2012,North,9340,AHI 100  DP3,INTRO TO MED VOCABULARY,3,Online,-,-,Bgeary ,19,/,0,0,3.8,3.8,,
Fall 2012,North,9344,CCE 200  D1,CHILDREN AND NATURE,3,Online,-,-,Jkarshna ,26,/,25,1,5.2,5.2,,
Fall 2012,North,9350,FAM 180  D1,SPEC. TOPICS FOR PARENTS,5,Online,-,-,Vdonato ,19,/,18,0,6.3,6.3,,
Fall 2012,North,9352,FAM 181  D1,STAR PARENTING,5,Online,-,-,Ecrary ,11,/,18,0,3.7,3.7,,
Fall 2012,North,9370,AMA 102  D2,LEGAL CONCEPTS,1,Online,-,-,Mallen ,12,/,0,0,0.8,0.8,9370B232,
Fall 2012,North,9372,AMA 103  D2,ETHICAL CONCEPTS,1,Online,-,-,Mallen ,12,/,0,0,0.8,0.8,9370B232,
Fall 2012,North,9374,AMA 108  D2,NUTRITION & DEV BASICS,1,Online,-,-,Mallen ,6,/,0,0,0.4,0.4,9374B232,
Fall 2012,North,9376,AMA 109  D2,PHARMACOLOGY,1,Online,-,-,Mallen ,3,/,0,0,0.2,0.2,9374B232,
Fall 2012,North,9378,AMA 115  D2,HIV/AIDS,1,Online,-,-,Mallen ,7,/,0,0,0.5,0.5,9378B232,
Fall 2012,North,9380,AMA 241  D2,MALE REPRODUCTIVE/GERONT,1,Online,-,-,Mallen ,7,/,0,0,0.5,0.5,9378B232,
Fall 2012,North,9382,AMA 246  D2,PATIENT PRIORITIZING INS,1,Online,-,-,Mallen ,10,/,0,0,0.7,0.7,9382B232,
Fall 2012,North,9384,AMA 290  D2,MED ASSISTING EXTERNSHIP,7,Online,-,-,Mallen ,7,/,15,0,3.3,3.3,9382B232,
Fall 2012,North,9388,AMA 170  D1,AP/TERMINOLOGY/PATHGY 1,2,Online,-,-,Mallen ,16,/,0,0,2.1,2.1,9388B232,
Fall 2012,North,9389,AMA 171  D2,AP/TERMINOLOGY/PATHGY 2,1,Online,-,-,Mallen ,15,/,0,0,1,1,9388B232,
Fall 2012,North,9390,AMA 172  D3,AP/TERMINOLOGY/PATHGY 3,1,Online,-,-,Mallen ,15,/,0,0,1,1,9390B232,
Fall 2012,North,9391,AMA 173  D4,AP/TERMINOLOGY/PATHGY 4,1,Online,-,-,Mallen ,15,/,0,0,1,1,9390B232,
Fall 2012,North,9392,AMA 174  D5,AP/TERMINOLOGY/PATHGY 5,1,Online,-,-,Mallen ,14,/,0,0,0.9,0.9,9392B232,
Fall 2012,North,9393,AMA 175  D6,AP/TERMINOLOGY/PATHGY 6,1,Online,-,-,Mallen ,16,/,0,0,1.1,1.1,9392B232,
Fall 2012,North,9394,AMA 176  D7,AP/TERMINOLOGY/PATHGY 7,1,Online,-,-,Mallen ,16,/,0,0,1.1,1.1,9394B232,
Fall 2012,North,9395,AMA 177  D8,AP/TERMINOLOGY/PATHGY 8,1,Online,-,-,Mallen ,21,/,0,0,1.4,1.4,9394B232,
Fall 2012,North,9396,AMA 178  D9,AP/TERMINOLOGY/PATHGY 9,1,Online,-,-,Mallen ,19,/,0,0,1.3,1.3,,
Fall 2012,North,9397,AMA 179  D10,AP/TERMINOLOGY/PATHGY 10,1,Online,-,-,Mallen ,20,/,0,0,1.3,1.3,9397B232,
Fall 2012,North,9398,AMA 180  D11,AP/TERMINOLOGY/PATHGY 11,1,Online,-,-,Mallen ,19,/,0,0,1.3,1.3,9397B232,
Fall 2012,North,9399,AMA 181  D12,AP/TERMINOLOGY/PATHGY 12,1,Online,-,-,Mallen ,17,/,0,0,1.1,1.1,,
Fall 2012,North,9400,ACCT 110  D2,INTRO TO ACCTG/BOOKG I,5,Online,-,-,Egodifay ,21,/,30,0,7,7,,
Fall 2012,North,9405,ACCT 131  D2,QUICKBOOKS,5,Online,-,-,Htian ,26,/,25,0,8.7,8,,
Fall 2012,North,9407,ACCT 120  D1,INTRO TO ACCTG/BOOKG II,5,Online,-,-,Djovanovich ,10,/,25,0,3.3,3,,
Fall 2012,North,9410,ACCT&201  D1,PRIN OF ACCOUNTING I,5,Online,-,-,Lpsomostithi,24,/,25,4,8,7.7,,
Fall 2012,North,9412,ACCT&202  D1,PRIN OF ACCOUNTING II,5,Online,-,-,Rwoods ,24,/,25,0,8,7.7,,
Fall 2012,North,9414,ACCT&203  D1,PRIN OF ACCOUNTING III,5,Online,-,-,Rwoods ,22,/,25,0,7.3,6.3,,
Fall 2012,North,9417,ACCT 200  D1,ACCT FOR NON ACCOUNTANTS,5,Online,-,-,Cancel 9/21,0,/,25,0,0,0,,
Fall 2012,North,9418,ACCT 251  D1,INTERMEDIATE ACCOUNTG I,5,Online,-,-,Rwoods ,29,/,25,0,9.7,9.7,,
Fall 2012,North,9422,ACCT 254  D1,ADVANCED ACCOUNTING,5,Online,-,-,Cancel 5/11,0,/,25,0,0,0,,
Fall 2012,North,9424,ACCT 255  D2,INDIVIDUAL INCOME TAX,5,Online,-,-,Egodifay ,22,/,30,0,7.3,7.3,,
Fall 2012,North,9425,ACCT 256  D1,TAXATION OF CORP AND PAR,5,Online,-,-,Nrdaniels ,28,/,25,1,9.3,9,,
Fall 2012,North,9426,ACCT 260  D1,PEACHTREE ACCOUNTING,5,Online,-,-,Htian ,25,/,25,3,8.3,8.3,,
Fall 2012,North,9431,ACCT 267  D1,NOT FOR PROFIT FIN MNGMT,5,Online,-,-,Kfoe ,23,/,25,0,7.7,7.3,,
Fall 2012,North,9433,ACCT 272  D1,FRAUD EXAMINATION,5,Online,-,-,Lpsomostithi,21,/,25,0,7,7,,
Fall 2012,North,9434,ACCT 275  D1,AUDITING,5,Online,-,-,Kfoe ,24,/,25,11,8,8,,
Fall 2012,North,9435,BUS& 101  D1,INTRO TO BUSINESS,5,Online,-,-,Nadelson ,24,/,25,0,8,7.3,,
Fall 2012,North,9437,BUS 124  D1,EXCEL FOR BUSINESS,5,Online,-,-,Bbarry ,24,/,25,0,8,7.3,,
Fall 2012,North,9440,BUS 118  D1,PROJECT MGMNT INTRO OVER,5,Online,-,-,Wholt ,24,/,25,0,8,8,,
Fall 2012,North,9442,BUS 119  D1,LEADERSHIP MNGMT SKILLS,3,Online,-,-,Cancel 4/24,0,/,25,0,0,0,,
Fall 2012,North,9450,BUS 200  D1,LAW AND SOCIETY,5,Online,-,-,Lhopt ,24,/,25,2,8,6,,
Fall 2012,North,9452,BUS 236  D1,I'PERSONAL COMM WORKPLAC,5,Online,-,-,Bradenco ,19,/,25,0,6.3,6.3,,
Fall 2012,North,9460,EET 136  D1,INTRODUCTION TO ROBOTS,5,Online,-,-,Tfiegenb ,24,/,25,0,8,8,,
Fall 2012,North,9461,EET 136  D2,INTRODUCTION TO ROBOTS,5,Online,-,-,Tfiegenb ,17,/,24,0,5.7,5,,
Fall 2012,North,9464,IT 101  D1,SOFTWARE APPLICATIONS,5,HYBRID - ,: M,OFF,Bcampbel ,23,/,25,0,7.7,7.7,,
Fall 2012,North,9466,IT 111  D1,INTERNET AND WEB AUTHORI,5,Online,-,-,Jkent ,25,/,25,0,8.3,8.3,,
Fall 2012,North,9467,IT 122  D1,NETWORK OS 1 WINDOWS CLI,5,Online,-,-,Mrice ,10,/,0,3,3.3,3.3,9467B232,
Fall 2012,North,9468,IT 126  D1,NETWORK OS 3 WINDOWS NET,5,Online,-,-,Mrice ,10,/,0,2,3.3,3.3,9467B232,
Fall 2012,North,9469,IT 128  D1,NETWORK OS 4 WINDOWS ACT,5,Online,-,-,Mrice ,5,/,0,1,1.7,1.7,9467B232,
Fall 2012,North,9470,RES 180  D1,BASIC APPRAISAL PRINCIPL,3,Online,-,-,Galberti ,28,/,25,0,5.6,5.4,,
Fall 2012,North,9482,INFO 101  D1,ETHICS IN DIGITAL WORLD,3,Online,-,-,Cancel 8/14,0,/,25,0,0,0,,
Fall 2012,North,9484,LIB 180  WOL,RESEARCH FOR 21ST CENTRY,5,Online,-,-,Wa-on-line ,1,/,0,0,0.3,0.3,,
Fall 2012,North,9486,BIOL 125  D1,BIOLOGY OF THE PAC NW,5,Online,-,-,Plortz ,32,/,30,5,10.7,10.3,,
Fall 2012,North,9488,CHEM&121  D1,INTRO TO CHEMISTRY,5,HYBRID - ,: M,OC,Jowens ,25,/,25,15,8.3,6.3,,
Fall 2012,North,9492,CHEM&139  D1,GENERAL CHEMISTRY PREP,5,Online,-,-,Jowens ,24,/,25,6,8,5.3,,
Fall 2012,North,9494,CHEM&139  D2,GENERAL CHEMISTRY PREP,5,Online,-,-,Kowens ,24,/,25,4,8,7.7,,
Fall 2012,North,9496,CSC 110  D1,INTRO TO CMPTR PROGMING,5,Online,-,-,Bgoldner ,25,/,25,1,8.3,7.3,,
Fall 2012,North,9500,CSC 111  D1,COMPUTERS FOR MATH & SCI,5,Online,-,-,Dschaffe ,21,/,25,0,7,7,,
Fall 2012,North,9504,CSC 142  D1,COMPUTER PROGRAMMING,5,Online,-,-,Djinguji ,28,/,25,0,9.3,8.7,,
Fall 2012,North,9510,ECON&201  D1,MICRO ECONOMICS,5,Online,-,-,Thcook ,24,/,25,0,8,4.7,,
Fall 2012,North,9512,ECON&202  D1,MACRO ECONOMICS,5,Online,-,-,Thcook ,25,/,25,3,8.3,4.3,,
Fall 2012,North,9516,ENVS 150  D1,ENVIRONMNTL ISSUES/PROBL,5,Online,-,-,Bsaunder ,23,/,25,2,7.7,7,,
Fall 2012,North,9518,GEOL&101  D1,PHYSICAL GEOLOGY,5,Online,-,-,Mharrell ,24,/,25,0,8,6.3,,
Fall 2012,North,9522,HEA 150  D1,HEALTH & HUMAN SEXUALITY,5,Online,-,-,Troot ,28,/,25,4,9.3,6.3,,
Fall 2012,North,9524,MATH 081  D1,BASIC MATH SKILLS,5,Online,-,-,Dli ,20,/,25,0,6.7,6.3,,
Fall 2012,North,9528,MATH 084  D1,ALGEBRA I,5,Online,-,-,Plippert ,27,/,25,3,9,9,,
Fall 2012,North,9532,MATH 085  D1,ALGEBRA II,5,Online,-,-,Dbrannan ,12,/,18,0,4,4,,
Fall 2012,North,9536,MATH 090  D1,MATHEMATICAL MODULES,2,Online,-,-,Dli ,16,/,25,0,2.1,2.1,,
Fall 2012,North,9540,MATH 097  D1,ELEMENTARY ALGEBRA,5,Online,-,-,Bgoldner ,18,/,25,0,6,6,,
Fall 2012,North,9542,MATH 098  D1P,INTERMEDIATE ALGEBRA,5,Online,-,-,Dbrannan ,25,/,32,1,8.3,8.3,,
Fall 2012,North,9546,MATH&146  D1,INTRODUCTION TO STATS,5,Online,-,-,Pkurose ,20,/,25,8,6.7,6.7,,
Fall 2012,North,9548,NTR 150  D1,HUMAN NUTRITION,5,Online,-,-,Jlearn ,28,/,25,4,9.3,6.7,,
Fall 2012,North,9550,NTR 150  D2,HUMAN NUTRITION,5,Online,-,-,Jlearn ,27,/,25,1,9,7.3,,
Fall 2012,North,9552,NTR 150  D3,HUMAN NUTRITION,5,Online,-,-,Tstilson ,23,/,25,0,7.7,7.3,,
Fall 2012,North,9554,NTR 150  D4,HUMAN NUTRITION,5,Online,-,-,Tstilson ,23,/,25,0,7.7,6.7,,
Fall 2012,North,9572,HIST&126  D1,WORLD CIVILIZATIONS I,5,Online,-,-,Srausch ,24,/,25,0,8,8,,
Fall 2012,North,9576,HIST&146  D1,US HISTORY I: TO 1800,5,Online,-,-,Srausch ,25,/,25,2,8.3,5,,
Fall 2012,North,9578,HIST&147  D1,US HISTORY II:1800-1900,5,Online,-,-,Bbrubake ,24,/,25,0,8,6.7,,
Fall 2012,North,9584,PHIL&106  D1,INTRO TO LOGIC,5,Online,-,-,Swerre ,26,/,25,0,8.7,8.3,,
Fall 2012,North,9590,PHIL 111  D1,INTRO TO BIOETHICS,5,Online,-,-,Scondit ,22,/,25,1,7.3,7.3,,
Fall 2012,North,9596,POLS&202  D1,AMERICAN GOVERNMENT,5,Online,-,-,Jlane ,25,/,25,4,8.3,3.3,,
Fall 2012,North,9598,POLS&202  D2,AMERICAN GOVERNMENT,5,Online,-,-,Jlane ,22,/,25,2,7.3,3.3,,
Fall 2012,North,9600,PSYC&100  D1,GENERAL PSYCHOLOGY,5,Online,-,-,Mgrinley ,20,/,25,1,6.7,6.7,,
Fall 2012,North,9602,PSYC&100  D2,GENERAL PSYCHOLOGY,5,Online,-,-,Mgrinley ,20,/,25,0,6.7,6.3,,
Fall 2012,North,9606,PSYC&200  D1,LIFESPAN PSYCHOLOGY,5,Online,-,-,Nfinle ,21,/,25,0,7,7,,
Fall 2012,North,9608,PSYC&200  D2,LIFESPAN PSYCHOLOGY,5,Online,-,-,Nfinle ,22,/,25,0,7.3,7.3,,
Fall 2012,North,9610,PSYC&200  D3,LIFESPAN PSYCHOLOGY,5,Online,-,-,Kkuwada ,27,/,25,0,9,8,,
Fall 2012,North,9616,SOC& 101  D1,INTRO TO SOCIOLOGY,5,Online,-,-,Ratkins ,26,/,30,1,8.7,5.3,,
Fall 2012,North,9617,SOC& 101  D2,INTRO TO SOCIOLOGY,5,Online,-,-,Ratkins ,29,/,30,0,9.7,7,,
Fall 2012,North,9620,ENGL&101  D1,ENGLISH COMPOSITION I,5,Online,-,-,Gnovember ,25,/,25,4,8.3,8.3,,
Fall 2012,North,9622,ENGL&101  D2,ENGLISH COMPOSITION I,5,Online,-,-,Cscheuer ,23,/,25,0,7.7,5,,
Fall 2012,North,9624,ENGL&101  D3,ENGLISH COMPOSITION I,5,Online,-,-,Cscheuer ,24,/,25,7,8,6.7,,
Fall 2012,North,9625,ENGL&101  D4,ENGLISH COMPOSITION I,5,Online,-,-,Jclapp ,14,/,25,0,4.7,2.7,,
Fall 2012,North,9626,ENGL&102  D1,COMPOSITION II,5,Online,-,-,Bschaeffer ,20,/,25,0,6.7,6.7,,
Fall 2012,North,9628,ENGL&102  D2,COMPOSITION II,5,Online,-,-,Kknudson ,21,/,25,0,7,4.7,,
Fall 2012,North,9629,ENGL&111  D1,INTRO TO LITERATURE,5,Online,-,-,Tchung ,22,/,25,0,7.3,6.3,,
Fall 2012,North,9630,ENGL 151  D1,CREATIVE WRITING,5,Online,-,-,Mtenenba ,20,/,25,0,6.7,5.7,9630B232,
Fall 2012,North,9631,ENGL 152  D1,CREATIVE WRITING,5,Online,-,-,Mtenenba ,5,/,0,0,1.7,1.7,9630B232,
Fall 2012,North,9632,ENGL 153  D1,CREATIVE WRITING,5,Online,-,-,Mtenenba ,0,/,0,0,0,0,9630B232,
Fall 2012,North,9635,HUM 110  D1,INTRODUCTION TO FILM,5,Online,-,-,Jclapp ,20,/,25,0,6.7,6.3,,
Fall 2012,North,9639,MUSC 110  D1,INTRO TO WORLD MUSIC,5,Online,-,-,Bpalmer ,25,/,25,5,8.3,6,,
Fall 2012,North,9640,MUSC 113  D2,MUSIC IN THE U.S.,5,Online,-,-,Awoodbur ,22,/,25,2,7.3,4.3,,
Fall 2012,North,9644,CMST&230  D1,SMALL GROUP COMMUNICATN,5,Online,-,-,Jreis ,22,/,26,0,7.3,7.3,,
