SPRING 13 : 6/11/2013 6:22:19 PM,,,,,,,,,,,,,,
,,,,,,,,,,,,,,
Report Title: All Classes ,,,,,,,,,,,,,,
,,,,,,,,,,,,,,
Non-Clustered Classes: ,,,,,,,,,,,,,,
Item,Course ID,Title,CR,Days,Time,Room,Instructor,Enrolled,,,Wait,FTES,,
,,,,,,,,,,,List,TOTAL,STATE,
8310,ABE 060  STT,WK DISCOVERY/PIVOT POINT,15,MTWTh,12:30 PM,OLY0103,Romaneschi T,37,/,25,0,31.3,24.6,
1404,ABE 061  01,COMPASS PREP MATH 6,7,DAILY,9:00 AM,CAS0316,Nachman ,17,/,30,0,7.9,7.9,
1408,ABE 062  01,COMPASS PREP COMM 6,8,DAILY,10:40 AM,CAS0316,Nachman ,18,/,30,0,9.6,9.6,
1491,ABE 070  02,ED INTERVIEW FOR ABE/GED,0,Th,9:00 AM,CAS0312,Nachman ,25,/,30,0,0.5,0.5,
1492,ABE 070  25,ED INTERVIEW FOR ABE/GED,0,W,6:00 PM,CAS0312,Nachman ,38,/,50,0,0.8,0.8,
1496,ABE 070  06,ED INTERVIEW FOR ABE/GED,0,F,9:00 AM,CAS0312,Nachman ,11,/,35,0,0.2,0.2,
1490,ABE 070  01,ED INTERVIEW FOR ABE/GED,0,W,9:00 AM,CAS0312,Nachman ,30,/,30,0,0.6,0.6,
1494,ABE 070  50,ED INTERVIEW FOR ABE/GED,0,W,9:00 AM,NEH0205,"Kindzia, B. ",12,/,20,0,0.2,0.2,
8332,ABE 070  STT,ED INTERVIEW FOR ABE/GED,3,Arr,AR:R M,TBA,Romaneschi T,20,/,900,0,4,4,
8349,ABE 070  STT,ED INTERVIEW FOR ABE/GED,3,Arr,AR:R M,TBA,Ingels ,216,/,900,0,43.2,41.4,
2100,ABR 111  01,INTRO TO AUTO COLLISION,4,DAILY,7:00 AM,ABR0101,"Ford, S. ",9,/,10,0,2.4,2.4,
2105,ABR 112  01,SAFETY/ENVIRON PRACTICES,3,DAILY,7:00 AM,ABR0101,"Ford, S. ",10,/,10,0,2,2,
2110,ABR 113  01,WELDING AND CUTTING,8,DAILY,7:00 AM,ABR0101,"Ford, S. ",9,/,10,0,4.8,4.8,
2115,ABR 131  01,UNDERSTAND AUTO FINISHES,2,DAILY,7:00 AM,ABR0101,"Ford, S. ",8,/,20,0,1.1,0.9,
2116,ABR 132  01,PREP SURFACE FOR REFINSH,6,DAILY,7:00 AM,ABR0101,"Ford, S. ",7,/,20,0,2.8,2.8,
2117,ABR 133  01,PREP EQUIP/PAINT/MATERIL,5,DAILY,7:00 AM,ABR0101,"Ford, S. ",7,/,20,0,2.3,2.3,
2118,ABR 134  01,DETAILING,1,DAILY,7:00 AM,ABR0101,"Ford, S. ",7,/,20,0,0.5,0.5,
2135,ABR 181  01,STEERING & SUSPENSION,6,DAILY,7:00 AM,ABR0101,"Ford, S. ",18,/,20,0,7.2,7.2,
2136,ABR 182  01,ELECTRICL/ELECTNC SYSTMS,7,DAILY,7:00 AM,ABR0101,"Ford, S. ",19,/,20,0,8.9,8.9,
2137,ABR 183  01,MECHANICAL SYSTEMS,3,DAILY,7:00 AM,ABR0101,"Ford, S. ",19,/,20,0,3.8,3.8,
,,,,,,,,,,,,,,
Item,Course ID,Title,CR,Days,Time,Room,Instructor,Enrolled,,,Wait,FTES,,
,,,,,,,,,,,List,TOTAL,STATE,
6500,ACCT 110  01,INTRO TO ACCTG/BOOKG I,5,DAILY,11:00 AM,OLY0205,Wu ,22,/,25,0,7.3,6.3,
9800,ACCT&201  70,PRIN OF ACCOUNTING I,5,Online,-,-,Lockhart ,28,/,30,0,9.3,6.7,
9801,ACCT&202  70,PRIN OF ACCOUNTING II,5,Online,-,-,Lockhart ,19,/,25,0,6.3,4,
9802,ACCT&203  70,PRIN OF ACCOUNTING III,5,Online,-,-,Lozano ,24,/,30,0,8,4.3,
772,ACCT&203  01,PRIN OF ACCOUNTING III,5,DAILY,12:00 PM,UNI0100,Lockhart ,33,/,35,0,11,8.7,
6525,ACCT 214  01,ACCOUNTING SYSTEMS,5,DAILY,12:00 PM,OLY0205,Wu ,12,/,25,0,4,3.3,
6520,ACCT 257  01,BUSINESS TAX ACCOUNTING,5,DAILY,1:00 PM,OLY0104,Lockhart ,12,/,35,0,4,3.7,
8395,ACM 120  STT,COMPOSITE FABRICATION,4,DAILY,: M,TBA,Bjelajac ,16,/,25,0,4.3,4.3,
8396,ACM 125  STT,COMPOSITE ASSEMBLY,4,Arr,AR:R M,TBA,Bjelajac ,16,/,25,0,4.3,4.3,
8397,ACM 130  STT,COMPOSITE REPAIR,4,Arr,AR:R M,TBA,Bjelajac ,16,/,25,0,4.3,4.3,
8398,ACM 145  STT,SPECIAL PROJECTS,3,Arr,AR:R M,TBA,Bjelajac ,16,/,25,0,3.2,3.2,
8314,AHE 104  STT,MED OFFICE PROC AND DOC,9,DAILY,9:00 AM,TEC0133A,Dodd ,11,/,30,0,6.6,6.6,
8315,AHE 105  STT,MED TERM INS BILL CODING,10,DAILY,9:00 AM,TEC0133A,"Evans, J. ",11,/,25,0,7.3,7.3,
8350,AHE 130  STT,MEDICAL CODING AND INSUR,5,DAILY,10:00 AM,OLY0203,"Evans, J. ",1,/,25,0,0.3,0.3,
9960,AHE 168  70,MEDICAL TERMINOLOGY,5,Online,-,-,"Haran, S ",21,/,25,0,7,6,
555,AME 151  01,SOCIETIES & CULTURES:US,5,DAILY,9:00 AM,RAH0212,Mc Crath ,17,/,35,0,5.7,5.3,
2901,AMT 111  01,BASIC SCI. FOR AVIATION,17,DAILY,7:00 AM,AMT0208,Bennett ,32,/,35,0,36.3,31.7,
2907,AMT 113  02,AIRFRAME STRUCTURE,17,DAILY,2:00 PM,AMT0206,Bentley J ,19,/,25,0,21.5,19.3,
2915,AMT 133  01,POWERPLANT THEORY & MAIN,17,DAILY,7:00 AM,AMT0206,Burgess D ,21,/,25,0,23.8,22.7,
2909,AMT 214  01,AIRFRAME SYSTEMS,17,DAILY,7:00 AM,RAH0119,Hadley M ,22,/,25,0,24.9,24.9,
,,,,,,,,,,,,,,
Item,Course ID,Title,CR,Days,Time,Room,Instructor,Enrolled,,,Wait,FTES,,
,,,,,,,,,,,List,TOTAL,STATE,
2910,AMT 214  02,AIRFRAME SYSTEMS,17,DAILY,2:00 PM,RAH0119,Prociv P ,15,/,25,0,17,15.9,
2913,AMT 215  02,ADVANCED AIRFRAME,17,DAILY,2:00 PM,RAH0119,Daehne F ,14,/,25,0,15.9,15.9,
2919,AMT 234  02,POWERPLANT SYS & COMPONT,17,DAILY,2:00 PM,AMT0104,Klevstad E ,21,/,25,0,23.8,19.3,
2921,AMT 235  01,ADVANCED POWERPLANT,17,DAILY,7:00 AM,AMT,Amaratunge A,17,/,25,0,19.3,19.3,
3161,AMTA 101  01,AJAC BASIC ELECTRICITY,5,Th,5:00 PM,OFF,"Hadley, M. ",4,/,20,0,1.3,1.3,
3165,AMTA 101  01,BASIC ELECTRICITY,5,Arr,AR:R M,TBA,"Hadley, M. ",0,/,20,0,0,0,
297,ASTR&100  01,SURVEY OF ASTRONOMY,5,DAILY,10:00 AM,RAH0304,"Coskey, T. ",38,/,35,0,12.7,9.3,
9814,ASTR 201  70,UNIVERS & ORIGIN OF LIFE,5,Online,-,-,"Coskey, T. ",21,/,25,0,7,6.3,
2345,AUT 197  PCM,INDUSTRY INTERNSHIP,5,Arr,AR:R M,TEC0140,"Park, D. ",1,/,5,0,0.1,0.1,
2360,AUT 299  02,SPEC TOPICS:AUTOMOTIVE,18,DAILY,7:00 AM,AUT0106,"Andersen, H ",1,/,5,0,0.6,0.6,
9815,BIOL&100  70,SURVEY OF BIOLOGY,5,Online,-,-,Schroyer ,23,/,25,0,7.7,7,
9830,BIOL 150  70,BIO AND EVO INFECTIOUS,5,Online,-,-,Schroyer ,14,/,25,0,4.7,4,
309,BIOL&160  02,GENERAL BIOLOGY W/LAB,5,MWF,10:00 AM,OLY0305,Forough ,26,/,27,0,8.7,7.7,
310,BIOL&160  03,GENERAL BIOLOGY W/LAB,5,TThF,12:00 PM,OLY0307,Fox ,30,/,27,0,10,7.7,
308,BIOL&160  25,GENERAL BIOLOGY W/LAB,5,TTh,6:00 PM,OLY0305,Higa ,11,/,27,0,3.7,3.3,
306,BIOL&160  01,GENERAL BIOLOGY W/LAB,5,TThF,8:00 AM,OLY0305,Herbig ,23,/,27,0,7.7,7.3,
336,BIOL&211  01,MAJORS CELLULAR,5,TThF,8:00 AM,OLY0307,Kang ,27,/,27,0,9,8,
338,BIOL&213  01,MAJORS PLANT,5,MW,12:00 PM,OLY0305,Bauman ,28,/,27,0,9.3,7.7,
339,BIOL&213  25,MAJORS PLANT,5,MW,6:00 PM,OLY0305,Forson ,20,/,27,0,6.7,4.3,
438,BIOL&241  03,HUMAN A & P 1,5,MWF,11:00 AM,RAH0306,Franco ,14,/,27,0,4.7,4.7,
,,,,,,,,,,,,,,
Item,Course ID,Title,CR,Days,Time,Room,Instructor,Enrolled,,,Wait,FTES,,
,,,,,,,,,,,List,TOTAL,STATE,
446,BIOL&241  02,HUMAN A & P 1,5,TThF,10:00 AM,RAH0308,Robinson ,8,/,27,0,2.7,2.7,
437,BIOL&241  01,HUMAN A & P 1,5,TThF,8:00 AM,RAH0306,Franco ,10,/,27,0,3.3,3.3,
439,BIOL&241  25,HUMAN A & P 1,5,MW,6:00 PM,RAH0308,Follis ,25,/,27,0,8.3,8,
628,BIOL&241  77,HUMAN A & P 1,5,HYBRID - Sa,8:00 AM,RAH0308,Wilkinson ,16,/,25,0,5.3,5,
629,BIOL&241  77,HUMAN A & P 1,5,HYBRID - Sa,1:00 PM,RAH0306,Cudaback ,28,/,25,0,9.3,8.3,
634,BIOL&242  77,HUMAN A & P 2,5,HYBRID - Sa,1:00 PM,RAH0308,Robinson ,7,/,25,0,2.3,2,
443,BIOL&242  25,HUMAN A & P 2,5,TTh,6:00 PM,RAH0308,Wilkinson ,25,/,27,0,8.3,8.3,
445,BIOL&242  02,HUMAN A & P 2,5,MWF,11:00 AM,RAH0308,Bentson ,15,/,27,0,5,5,
444,BIOL&242  01,HUMAN A & P 2,5,MWF,8:00 AM,RAH0308,Freedman ,16,/,27,0,5.3,5.3,
631,BIOL&242  77,HUMAN A & P 2,5,HYBRID - Sa,8:00 AM,RAH0306,Cudaback ,33,/,27,0,11,10.7,
704,BIOL&260  26,MICROBIOLOGY,5,TTh,6:00 PM,OLY0307,Robinson ,30,/,27,0,10,9.7,
633,BIOL&260  77,MICROBIOLOGY,5,HYBRID - Sa,8:00 AM,OLY0307,Kemp ,22,/,27,0,7.3,7.3,
316,BIOL&260  01,MICROBIOLOGY,5,MWF,10:00 AM,OLY0307,Franco ,28,/,27,0,9.3,9.3,
703,BIOL&260  25,MICROBIOLOGY,5,MW,6:00 PM,OLY0307,Franco ,24,/,27,0,8,8,
3190,BOE 100  01,BOEING MACH APPRENTICE,6,T,4:00 PM,GTA0122,"Runciman,H ",8,/,15,0,3.2,3.2,
3191,BOE 100  02,BOEING MACH APPRENTICE,6,W,4:00 PM,OFF,"Kanninen, R ",12,/,15,0,4.8,4.8,
3192,BOE 105  01,BOEING ELECT MAINT/TECH,6,Th,4:00 PM,GTA0122,"Sanford, Cec",10,/,15,0,4,4,
6310,BUS 116  01,BUSINESS MATH/SPREADSHET,5,DAILY,10:00 AM,OLY0104,"Baker, C. ",23,/,24,0,7.7,7,
6355,BUS 140  01,CUSTOMER RELATIONS,5,DAILY,11:00 AM,OLY0104,"Baker, C. ",20,/,24,0,6.7,6,
8322,BUS 197  STT,INTERSHIP,6,Arr,AR:R M,TBA,Yedlin ,7,/,25,0,2.8,2.8,
,,,,,,,,,,,,,,
Item,Course ID,Title,CR,Days,Time,Room,Instructor,Enrolled,,,Wait,FTES,,
,,,,,,,,,,,List,TOTAL,STATE,
6395,BUS 197  DKP,WORK EXPER/BUSINESS OCC.,12,Arr,AR:R M,RSB0079B,"Park, D. ",7,/,30,0,1.4,1.4,
774,BUS 200  01,LAW AND SOCIETY,5,DAILY,12:00 PM,UNI0200,Pau ,13,/,35,0,4.3,2.7,
9816,BUS& 201  70,BUSINESS LAW,5,Online,-,-,Morphew ,37,/,40,0,12.3,9,
776,BUS 210  01,BUS & ECONOMIC STATISTIC,5,DAILY,9:00 AM,UNI0100,Sauer ,22,/,35,0,7.3,2,
6340,BUS 216  01,PROFESSIONAL DEVELOPMENT,5,DAILY,8:00 AM,OLY0104,Yedlin ,17,/,25,0,5.7,5.7,
8323,BUS 216  STT,PROFESSIONAL DEVELOPMENT,4,Arr,AR:R M,TBA,"Evans, J. ",7,/,35,0,1.9,1.9,
6390,BUS 298  01,SPECIAL TOPICS: BUSINESS,4,Arr,AR:R M,OLY0208,"Haran, S ",4,/,7,0,1.1,1.1,
8308,BUS 298  STT,SPECIAL TOPICS: BUSINESS,5,MTWTh,9:00 AM,LIB0217,,11,/,30,0,3.7,3.3,
8316,BUS 298  STT,SPECIAL TOPICS: BUSINESS,2,DAILY,9:00 AM,TEC0133A,Castillo ,11,/,30,0,1.5,1.5,
8324,BUS 298  STT,CUSTOMER RELATIONS,2,Arr,AR:R M,TBA,Castillo ,7,/,30,0,0.9,0.9,
359,CHEM&121  NS,INTRO TO CHEMISTRY,5,MWF,12:00 PM,RAH0305,Ashcraft ,28,/,27,0,9.3,9.3,
354,CHEM&121  99,INTRO TO CHEMISTRY,5,Sa,8:00 AM,OLY0304,Sprafka ,27,/,27,0,9,8,
369,CHEM&121  02,INTRO TO CHEMISTRY,5,TThF,8:00 AM,RAH0305,Allen ,16,/,27,0,5.3,4,
357,CHEM&121  25,INTRO TO CHEMISTRY,5,T,6:00 PM,OLY0304,Solyanik ,27,/,27,0,9,6.3,
358,CHEM&122  01,INTRO TO ORGANIC CHEM,5,TThF,8:00 AM,OLY0304,"Westphal, S.",11,/,27,0,3.7,3.7,
355,CHEM&139  01,GENERAL CHEMISTRY PREP,5,DAILY,11:00 AM,RAH0305,Di Franco ,37,/,30,0,12.3,8.7,
9825,CHEM&139  70,GENERAL CHEMISTRY PREP,5,Online,-,-,Solyanik ,27,/,30,0,9,6.7,
364,CHEM&161  01,GENERAL CHEM W/LAB I,6,MTThF,10:00 AM,OLY0304,Ashcraft ,26,/,27,0,10.4,8.4,
365,CHEM&162  01,GENERAL CHEM W/LAB II,6,MW,12:00 PM,OLY0304,"Westphal, S.",26,/,27,0,10.4,7.2,
362,CHEM&163  01,GENERAL CHEM W/LAB III,6,MTWTh,11:00 AM,OLY0304,Ashcraft ,26,/,27,0,10.4,7.2,
,,,,,,,,,,,,,,
Item,Course ID,Title,CR,Days,Time,Room,Instructor,Enrolled,,,Wait,FTES,,
,,,,,,,,,,,List,TOTAL,STATE,
196,CMST&101  02,INTRODUCTION TO COMM,5,DAILY,10:00 AM,UNI0202,Pellman ,26,/,28,0,8.7,5,
191,CMST&101  01,INTRODUCTION TO COMM,5,DAILY,8:00 AM,UNI0202,Pellman ,26,/,28,0,8.7,6.7,
198,CMST&101  03,INTRODUCTION TO COMM,5,DAILY,12:00 PM,UNI0202,Oehlschlaege,28,/,28,0,9.3,4.3,
199,CMST 205  01,MULTICULTURAL COMM,5,DAILY,11:00 AM,UNI0200,Swift ,28,/,25,0,9.3,8.7,
192,CMST&220  25,PUBLIC SPEAKING,5,MW,6:00 PM,UNI0202,Oehlschlaege,18,/,20,0,6,4.3,
194,CMST&220  02,PUBLIC SPEAKING,5,DAILY,11:00 AM,UNI0202,Pellman ,21,/,20,0,7,5.7,
193,CMST&220  01,PUBLIC SPEAKING,5,DAILY,9:00 AM,UNI0202,Pellman ,18,/,20,0,6,4,
9817,CMST 275  70,ONLINE COMMUNICATION,5,Online,-,-,McCarthy ,25,/,25,0,8.3,7,
6100,CSC 110  01,INTRO TO CMPTR PROGMING,5,DAILY,12:00 PM,CAS0300A,Duffy ,19,/,25,0,6.3,5.7,
6103,CSC 143  01,COMPUTER PROGRAMMING II,5,DAILY,11:00 AM,CAS0300A,Eichler West,13,/,25,0,4.3,2.7,
5105,CTN 101  01,INTRO TO COMPUTING TECH,5,TTh,10:00 AM,TEC0119,Abram ,16,/,20,0,5.3,4.3,
5107,CTN 121  01,DATABASE II,5,MWF,12:00 PM,TEC0133C,"Koepke, C. ",27,/,24,0,9,9,
5115,CTN 143  01,OPERATING SYSTEMS III,5,MWF,8:00 AM,TEC0119,Herman ,24,/,24,0,8,7.7,
5135,CTN 171  01,PC HARDWARE II,5,TThF,12:00 PM,TEC0118,Abram ,17,/,24,0,5.7,5.3,
5180,CTN 197  DKP,COMPUTING INTERNSHIP,15,Arr,AR:R M,RSB0079,"Park, D. ",1,/,20,0,0.2,0.2,
5170,CTN 281  01,SECURITY+ CERTIFICATION,5,MWF,10:00 AM,TEC0119,Abram ,14,/,24,0,4.7,4.3,
5165,CTN 284  01,CISCO III,5,TThF,10:00 AM,TEC0133C,"Koepke, C. ",11,/,24,0,3.7,3.7,
5178,CTN 285  01,CISCO IV,3,TTh,9:00 AM,TEC0133C,"Koepke, C. ",10,/,24,0,2,2,
5185,CTN 286  01,VIRTUALIZATION & CLOUD 2,5,TThF,12:00 PM,TEC0119,Herman ,13,/,24,0,4.3,4,
3275,EAR 100  01,SCL BEAM CLASS,10,MWTh,5:30 PM,GTA0123,Kleyman ,24,/,30,0,16,16,
,,,,,,,,,,,,,,
Item,Course ID,Title,CR,Days,Time,Room,Instructor,Enrolled,,,Wait,FTES,,
,,,,,,,,,,,List,TOTAL,STATE,
3260,EAR 163  01,SCL 2ND YR CONST/CABLE,4,Th,5:00 PM,OFF,"Kuhnly, S ",4,/,7,0,1.1,1.1,
3265,EAR 163  06,SCL 2ND YR LINE WORKER,4,W,5:00 PM,OFFD001,"Joy, Jeffrey",14,/,14,0,3.7,3.7,
3270,EAR 163  11,SCL 2ND ELECTRICIAN CONT,4,T,5:00 PM,OFF,"Board, Sally",8,/,8,0,2.1,2.1,
3272,EAR 163  13,SCL 2ND YR METER ELECTRI,4,W,4:00 PM,OFF,"Harris, Brad",4,/,4,0,1.1,1.1,
3315,EAR 171  01,NW CONST LINE 1ST YR,2,Sa,8:00 AM,GTC0208,"Kime, Brad A",16,/,20,0,2.1,2.1,
3319,EAR 171  05,NW LINEMEN EUGENE 2ND YR,2,Sa,8:00 AM,OFF,Paulus ,10,/,20,0,1.3,1.3,
3323,EAR 171  09,NW LINEMEN PORTLAND 3ND,2,Sa,8:00 AM,OFF,Marlowe ,9,/,20,0,1.2,1.2,
3316,EAR 171  02,NW CONST LINE 2ND YR,2,Sa,8:00 AM,GTA0123,Freudenstein,15,/,20,0,2,2,
3318,EAR 171  04,NW LINEMEN EUGENE 1ST YR,2,Sa,8:00 AM,OFF,"Ferguson, R ",16,/,20,0,2.1,2.1,
3321,EAR 171  08,NW LINEMEN PORTLAND 1ST,2,Sa,8:00 AM,OFF,"Winter, Pat ",19,/,30,0,2.5,2.5,
3322,EAR 171  08,NW LINEMEN PORTLAND 2ND,2,Sa,8:00 AM,OFF,Howett ,23,/,23,0,3.1,3.1,
3317,EAR 171  03,NW CONST LINE 3RD YR,2,Sa,8:00 AM,GTA0125,"Burtron,Tim ",30,/,30,0,4,4,
3320,EAR 171  06,NW LINEMEN EUGENE 3RD YR,2,Sa,8:00 AM,OFF,Paradis ,5,/,20,0,0.7,0.7,
3301,EAR 175  02,TREE TRIMMERS SEATTLE 2,2,Sa,8:00 AM,GTB0123,"Paquette, R ",9,/,20,0,1.2,1.2,
3305,EAR 175  06,TREE TRIMMERS PORTLAND 2,2,Sa,8:00 AM,OFF,Serill ,16,/,28,0,2.1,2.1,
3300,EAR 175  01,TREE TRIMMERS SEATTLE 1,2,Sa,8:00 AM,GTB0123,"Puhich, J ",33,/,34,0,4.4,4.4,
3306,EAR 175  07,TREE TRIMMERS CENTRAL 1,3,Sa,8:00 AM,OFF,Kallai ,11,/,20,0,2.2,2.2,
3302,EAR 175  03,TREE TRIMMERS SPOKANE 1,3,Sa,8:00 AM,OFF,"Voight, T ",8,/,20,0,1.6,1.6,
3303,EAR 175  04,TREE TRIMMERS SPOKANE 2,3,Sa,8:00 AM,OFF,STAFF,11,/,20,0,2.2,2.2,
3307,EAR 175  08,TREE TRIMMERS MEDFORD 2,2,Sa,8:00 AM,OFF,"McElroy, D ",8,/,20,0,1.1,1.1,
,,,,,,,,,,,,,,
Item,Course ID,Title,CR,Days,Time,Room,Instructor,Enrolled,,,Wait,FTES,,
,,,,,,,,,,,List,TOTAL,STATE,
3304,EAR 175  05,TREE TRIMMERS PORTLAND 1,2,Sa,8:00 AM,OFF,Nesta ,16,/,20,0,2.1,2.1,
9867,ECON&201  70,MICRO ECONOMICS,5,Online,-,-,Angel ,23,/,25,0,7.7,5.3,
467,ECON&201  01,MICRO ECONOMICS,5,Other,9:00 AM,RAH0218,Angel ,33,/,35,0,11,7,
475,ECON&202  01,MACRO ECONOMICS,5,Other,11:00 AM,RAH0218,Angel ,34,/,35,0,11.3,4.3,
9868,ECON&202  70,MACRO ECONOMICS,5,Online,-,-,Angel ,21,/,25,0,7,4.3,
3229,EEL 141  01,PS ELECTRICIANS-1ST YEAR,48,DAILY,7:30 AM,OFF,"Kraft, Joe ",12,/,20,0,38.4,38.4,
3220,EEL 150  01,PS Electricians-1ST Year,10,TW,7:30 AM,OFF,Matthiesen ,28,/,80,0,18.7,18.7,
3223,EEL 150  04,PSE COM 1ST - 5TH,6,Sa,9:00 AM,OFFD001,Ringle ,8,/,20,0,3.2,3.2,
3224,EEL 150  05,PS Elec residential 1 Yr,5,W,5:00 PM,OFF,"Ghods, Abbas",9,/,20,0,3,3,
3230,EEL 151  01,PS ELECTRICIANS-2ND YEAR,10,TW,7:30 AM,OFF,"Maloney, K ",16,/,80,0,10.7,10.7,
3235,EEL 152  01,PS Electricians-3rd Year,10,ThF,7:30 AM,OFF,Berg ,22,/,80,0,14.7,14.7,
3246,EEL 154  02,PS ELECTRICIANS-5TH YEAR,10,TWThF,7:30 AM,OFF,"McBride, B ",59,/,80,0,39.3,39.3,
3245,EEL 154  01,PS ELECTRICIANS-5TH YEAR,10,WThF,7:30 AM,OFF,"McBride, B ",31,/,80,0,20.7,20.7,
3252,EEL 157  03,PSE SOUND COMMUN. 2ND YR,6,MW,4:30 PM,OFFD001,McClure C. ,21,/,40,0,8.4,8.4,
3251,EEL 157  02,PSE SOUND COMMUN. 1ST YR,6,TTh,4:30 PM,OFFD001,"Barnett, D ",23,/,40,0,9.2,9.2,
3250,EEL 157  01,PSE SOUND COMMUN. 1ST YR,6,TTh,4:30 PM,OFFD001,Murphy ,10,/,40,0,4,4,
3253,EEL 157  04,PSE SOUND COMMUN. 3RD YR,6,TTh,4:30 PM,OFFD001,"Southwick, J",10,/,20,0,4,4,
66,ENGL 079  99,ENGLISH SAT PREP,2,Sa,8:00 AM,UNI0200,Quillian ,12,/,25,0,1.6,1.5,
815,ENGL 095  01,COLL PREP READ STUDY III,5,DAILY,10:00 AM,RAH0217,Mirabella ,11,/,25,0,3.7,3.7,
887,ENGL 096  01,COLLEGE PREP WRITING III,5,DAILY,11:00 AM,RAH0217,Mirabella ,18,/,25,0,6,6,
,,,,,,,,,,,,,,
Item,Course ID,Title,CR,Days,Time,Room,Instructor,Enrolled,,,Wait,FTES,,
,,,,,,,,,,,List,TOTAL,STATE,
820,ENGL 098  02,COLLEGE PREP WRITING IV,5,DAILY,11:00 AM,OLY0103,Walsh ,14,/,25,0,4.7,3,
942,ENGL 098  01,COLLEGE PREP WRITING IV,5,DAILY,9:00 AM,RAH0313,Hickey ,16,/,25,0,5.3,4.3,
821,ENGL 100  01,CRITICAL LITERACY COL WR,5,DAILY,12:00 PM,RAH0216,Gilman ,20,/,20,0,6.7,6,
822,ENGL 100  02,CRITICAL LITERACY COL WR,5,HYBRID - MWF,11:00 AM,RAH0310,Malcolm ,18,/,20,0,6,3.7,
51,ENGL&101  01,ENGLISH COMPOSITION I,5,DAILY,8:00 AM,OLY0101,"Newman, M. ",27,/,28,0,9,6.7,
54,ENGL&101  05,ENGLISH COMPOSITION I,5,DAILY,11:00 AM,OLY0101,Dela-Cruz ,30,/,28,0,10,9,
58,ENGL&101  04,ENGLISH COMPOSITION I,5,DAILY,10:00 AM,OLY0103,Whitham ,25,/,28,0,8.3,5.7,
637,ENGL&101  25,ENGLISH COMPOSITION I,5,MW,6:00 PM,OLY0101,Moss ,23,/,28,0,7.7,5.7,
53,ENGL&101  03,ENGLISH COMPOSITION I,5,DAILY,10:00 AM,OLY0101,Hickey ,23,/,28,0,7.7,6.3,
941,ENGL&101  NS,ENGLISH COMPOSITION I,5,DAILY,9:00 AM,RAH0304,McKnight ,22,/,28,0,7.3,7.3,
9832,ENGL&102  70,COMPOSITION II,5,Online,-,-,Whitham ,21,/,25,0,7,7,
9829,ENGL&102  70,COMPOSITION II,5,Online,-,-,Gilman ,17,/,25,0,5.7,5,
61,ENGL&102  01,COMPOSITION II,5,DAILY,8:00 AM,OLY0103,Quillian ,22,/,28,0,7.3,5.7,
62,ENGL&102  02,COMPOSITION II,5,DAILY,9:00 AM,UNI0201,Moss ,21,/,28,0,7,6.3,
63,ENGL&102  03,COMPOSITION II,5,DAILY,10:00 AM,OLY0105,Dela-Cruz ,29,/,28,0,9.7,7,
73,ENGL&102  04,COMPOSITION II,5,DAILY,10:00 AM,UNI0201,McKnight ,37,/,28,0,12.3,5,
64,ENGL&102  05,COMPOSITION II,5,DAILY,11:00 AM,UNI0201,Quillian ,25,/,28,0,8.3,7.3,
76,ENGL 153  25,CREATIVE WRITING,5,TTh,6:00 PM,RAH0218,Moss ,15,/,28,0,5,5,
72,ENGL 201  01,ADVANCED COMPOSITION,5,MWF,11:00 AM,OLY0100,Hickey ,11,/,35,0,3.7,3.3,
9892,ENGL&235  70,TECHNICAL WRITING,5,Online,-,-,Bourret ,22,/,25,0,7.3,5.7,
,,,,,,,,,,,,,,
Item,Course ID,Title,CR,Days,Time,Room,Instructor,Enrolled,,,Wait,FTES,,
,,,,,,,,,,,List,TOTAL,STATE,
90,ENGL 252  01,NOVELS OF WESTERN LIT,5,DAILY,10:00 AM,RAH0210,Thompson ,26,/,30,0,8.7,6,
81,ENGL 260  01,ASIAN AMERICAN LIT,5,DAILY,9:00 AM,OLY0206,Dela-Cruz ,14,/,35,0,4.7,4.7,
6104,ENGR 110  01,ENGINEERING ORIENTATION,2,F,12:00 PM,OLY0206,"Thomas, L ",20,/,24,0,2.7,1.9,
6115,ENGR&204  01,ELECTRICAL CIRCUITS,5,MWF,2:00 PM,OLY0200,Boudreaux ,6,/,24,0,2,1.7,
6118,ENGR&215  01,DYNAMICS,5,DAILY,1:00 PM,OLY0200,"Lyman, H. ",14,/,24,0,4.7,3.7,
472,ENVS 170  01,ENERGY&RESOURCES-NOW&FUT,5,DAILY,10:00 AM,OLY0206,Walsh ,30,/,35,0,10,8.3,
1156,ESL 013  25,ESL - LEVEL 1C,12,MTWTh,6:00 PM,CAS0210,Ioselovich ,19,/,30,0,15.2,15.2,
3829,ESL 017  50,COMPUTER SKILLS ESL 1,2,WTh,12:00 PM,NEH0207,Albright N. ,19,/,28,0,2.5,2.5,
1159,ESL 021  25,ESL - LEVEL 2A,12,MTWTh,6:00 PM,AUT0134,"Harder, M. ",27,/,30,0,20.7,20.7,
1162,ESL 022  25,ESL - LEVEL 2B,12,MTWTh,6:00 PM,CAS0310,Morote ,24,/,30,0,19,19,
1165,ESL 023  25,ESL - LEVEL 2C,12,MTWTh,6:00 PM,CAS0201,"Mearls, J ",28,/,30,0,21.3,21.3,
3851,ESL 023  55,ESL - LEVEL 2C,12,MTWTh,6:00 PM,NEH0202,"Taylor, M. ",21,/,30,0,16.4,16.4,
1115,ESL 023  01,ESL - LEVEL 2C,12,MTWTh,8:00 AM,CAS0212,Sun ,24,/,30,0,18.1,18.1,
1118,ESL 031  01,ESL - LEVEL 3A,12,MTWTh,8:00 AM,CAS0201,Williams A ,27,/,30,0,20.3,20.3,
1168,ESL 031  25,ESL - LEVEL 3A,12,MTWTh,6:00 PM,RAH0312,"Holly, D. ",26,/,30,0,19.6,19.6,
1121,ESL 032  01,ESL - LEVEL 3B,12,MTWTh,8:00 AM,AUT0134,Baldwin S. ,31,/,35,0,24,24,
1171,ESL 032  25,ESL - LEVEL 3B,12,MTWTh,6:00 PM,CAS0202,Rullan-Milla,18,/,30,0,14.4,14.4,
1172,ESL 032  26,ESL - LEVEL 3B,12,MTWTh,6:00 PM,RAH0309,"Kulik, M. ",25,/,30,0,19.2,19.2,
1174,ESL 041  25,ESL - LEVEL 4A,12,MTWTh,6:00 PM,RAH0310,"Collins, D. ",32,/,35,0,25.6,25.6,
1124,ESL 041  01,ESL - LEVEL 4A,12,MTWTh,8:00 AM,CAS0210,Bissonnette ,36,/,35,0,28.3,28.3,
,,,,,,,,,,,,,,
Item,Course ID,Title,CR,Days,Time,Room,Instructor,Enrolled,,,Wait,FTES,,
,,,,,,,,,,,List,TOTAL,STATE,
1177,ESL 042  25,ESL - LEVEL 4B,12,MTWTh,6:00 PM,RAH0313,"Ali, Abou ",31,/,33,0,24.8,24.8,
1127,ESL 042  01,ESL - LEVEL 4B,12,MTWTh,8:00 AM,CAS0202,"Lysaker, K. ",22,/,30,0,17.6,17.6,
1242,ESL 049  25,MATH FOR ESL,3,F,6:00 PM,CAS0320,Miropolskiy ,13,/,30,0,2.6,2.6,
1241,ESL 049  03,ESL MATH SKILLS,4,MTWTh,11:00 AM,AUT0134,Sun ,28,/,30,0,7.5,7.5,
1314,ESL 049  01,NA-C SUPPORT,3,F,9:00 AM,RAH0116,"Rackl, Ann ",5,/,25,0,1,0.8,
1285,ESL 068  01,EDUC'L INTERVIEW FOR ESL,0,T,9:00 AM,CAS0110,"French, A ",32,/,50,0,0.6,0.6,
1286,ESL 068  02,EDUC'L INTERVIEW FOR ESL,0,T,9:00 AM,CAS0110,"French, A ",30,/,50,0,0.6,0.6,
1287,ESL 068  03,EDUC'L INTERVIEW FOR ESL,0,W,9:00 AM,CAS0110,"French, A ",28,/,50,0,0.6,0.6,
1289,ESL 068  05,EDUC'L INTERVIEW FOR ESL,0,F,9:00 AM,CAS0110,"French, A ",27,/,60,0,0.5,0.5,
1292,ESL 068  26,EDUC'L INTERVIEW FOR ESL,0,T,6:00 PM,CAS0110,"French, A ",40,/,50,0,0.8,0.8,
1294,ESL 068  28,EDUC'L INTERVIEW FOR ESL,0,W,6:00 PM,CAS0110,"French, A ",43,/,60,0,0.9,0.9,
1291,ESL 068  25,EDUC'L INTERVIEW FOR ESL,0,T,6:00 PM,CAS0110,"French, A ",44,/,50,0,0.9,0.9,
1293,ESL 068  27,EDUC'L INTERVIEW FOR ESL,0,W,6:00 PM,CAS0110,"French, A ",46,/,60,0,0.9,0.9,
3896,ESL 068  56,EDUC'L INTERVIEW FOR ESL,0,Th,6:00 PM,NEH0202,"French, A ",42,/,50,0,0.8,0.8,
1290,ESL 068  06,EDUC'L INTERVIEW FOR ESL,0,F,9:00 AM,CAS0110,"French, A ",26,/,60,0,0.5,0.5,
3890,ESL 068  50,EDUC'L INTERVIEW FOR ESL,0,Th,9:00 AM,NEH0202,"French, A ",40,/,50,0,0.8,0.8,
3891,ESL 068  51,EDUC'L INTERVIEW FOR ESL,0,Th,9:00 AM,NEH0202,"French, A ",38,/,50,0,0.8,0.8,
3895,ESL 068  55,EDUC'L INTERVIEW FOR ESL,0,W,6:00 PM,NEH0202,"French, A ",45,/,50,0,0.9,0.9,
2095,FAM 014  01,GENEALOGY,2,F,9:30 AM,OFFC001,"Little, S ",33,/,40,0,4.4,4.4,
2097,FAM 014  03,AMERICAN GOV PART V,2,F,10:00 AM,OFFC001,Lockerbie ,25,/,36,0,3.3,3.3,
,,,,,,,,,,,,,,
Item,Course ID,Title,CR,Days,Time,Room,Instructor,Enrolled,,,Wait,FTES,,
,,,,,,,,,,,List,TOTAL,STATE,
8125,FAM 049  02,PARENT ED: 6-12 MONTHS,3,T,9:30 AM,RAH0201,Hirshberg ,15,/,18,0,3,3,
8100,FAM 049  01,"0-6 MONTHS, INFANTS",3,M,12:00 PM,RAH0201,"Hirshberg, ",15,/,18,0,3,3,
8103,FAM 055  03,"12-24 MONS, LINCOLN PARK",3,W,9:00 AM,OFFF001,Ushimaru ,16,/,18,0,3.2,3.2,
8101,FAM 055  01,12-24 MONS JUST WALKERS,3,Th,9:30 AM,RAH0201,Giomi ,18,/,21,0,3.6,3.6,
8102,FAM 055  02,12-24 MONS ONEDAY TODLRS,3,W,9:30 AM,RAH0201,Giomi ,16,/,21,0,3.2,3.2,
8105,FAM 055  04,12-24 MONS ONEDAY TODDLR,3,F,9:30 AM,RAH0201,Wainswright ,15,/,21,0,3,3,
8128,FAM 065  08,"24-36 MONTHS, ADM 2",3,WTh,9:30 AM,OFFF001,Danforth ,17,/,15,0,3.4,3.4,
8106,FAM 065  01,"24-36 MONTHS, ALKI 2",3,ThF,9:30 AM,OFFF001,Danforth ,17,/,18,0,3.4,3.4,
8109,FAM 065  04,"24-36 MONS, LINCOLN PARK",3,ThF,9:30 AM,OFFF001,Ushimaru ,15,/,18,0,3,3,
8110,FAM 065  05,24-36 MONS ARBOR HEIGHTS,3,MT,9:15 AM,OFFF001,Ushimaru ,15,/,16,0,3,3,
8111,FAM 065  06,"24-36 MONTHS, ADMIRAL 2",3,ThF,9:30 AM,OFFF001,Danforth ,18,/,18,0,3.6,3.6,
8131,FAM 065  07,24-36 MONS ARBORHEIGHTS2,3,ThF,9:15 AM,OFFF001,Jenness ,15,/,15,0,3,3,
8112,FAM 075  01,"36-48 MONTHS, ALKI 3",3,MTW,9:30 AM,OFFF001,Chase ,15,/,18,0,3,3,
8114,FAM 075  03,36-48 MONS LINCOLN PARK3,3,MT,9:00 AM,OFFF001,Huntley ,15,/,18,0,3,3,
8116,FAM 075  04,"36-48 MONTHS, ADMIRAL 3",3,ThF,9:00 AM,OFFF001,Chase ,15,/,15,0,3,3,
8118,FAM 075  06,36-48 MONS ARBORHEIGHTS3,3,WThF,9:30 AM,OFFF001,Hirshberg ,15,/,16,0,3,3,
8113,FAM 075  02,36-48 MONS ARBOR HEIGHTS,3,MTW,9:00 AM,OFFF001,Schill ,15,/,18,0,3,3,
8117,FAM 075  05,"36-48 MONTHS, ADMIRAL 3",3,MTW,9:00 AM,OFFF001,Huntley ,18,/,18,0,3.6,3.6,
8121,FAM 085  03,"48-60 MONTHS, ADMIRAL 4",3,MTWTh,12:30 PM,OFFF001,Huntley ,16,/,18,0,3.2,3.2,
8122,FAM 085  04,"48-60 MONTHS, Akli 4",3,MTWTh,12:30 PM,OFFF001,Chase ,16,/,18,0,3.2,3.2,
,,,,,,,,,,,,,,
Item,Course ID,Title,CR,Days,Time,Room,Instructor,Enrolled,,,Wait,FTES,,
,,,,,,,,,,,List,TOTAL,STATE,
8129,FAM 085  02,48-60 MONS LINCOLNPARK 4,3,MTThF,12:00 PM,OFFF001,Jenness ,16,/,16,0,3.2,3.2,
8119,FAM 085  01,48-60 MONS ARBOR HEIGHTS,3,MTWTh,12:30 PM,OFFF001,Hall ,15,/,18,0,3,3,
4106,FSD 100  70,SANITATION,3,Online,-,-,Wasson ,23,/,40,0,4.6,4.6,
4109,FSD 101  01,ORIENTATION/FOOD PRODCTN,1,MTWTh,2:00 PM,CAB0001,Houot ,12,/,50,0,0.8,0.8,
4191,FSD 160  01,THEORY 1 - CULINARY FUND,5,DAILY,7:00 AM,RAH0212,Scribner ,13,/,30,0,4.3,4.3,
4108,FSD 165  01,CULINARY 1,15,DAILY,8:00 AM,TBA,Scribner ,12,/,25,0,12,12,
4192,FSD 170  01,THEORY 2 - ADV CUL FUND,5,DAILY,7:00 AM,,McNamara ,15,/,25,0,5,5,
4118,FSD 175  01,CULINARY 2,15,DAILY,8:00 AM,TBA,McNamara ,14,/,24,0,14,14,
4193,FSD 180  01,THEORY 3 - GARDE MANGER,5,DAILY,7:00 AM,RAH0218,Houot ,24,/,25,0,8,7.7,
4119,FSD 185  01,CULINARY 3,15,DAILY,8:00 AM,TBA,Houot ,22,/,24,0,22,21,
4128,FSD 195  01,CULINARY 4,15,DAILY,7:00 AM,TBA,Harris-Gane ,1,/,25,0,1,1,
4195,FSD 200  01,THEORY 5 - MNGMT TECHNIQ,5,DAILY,7:00 AM,,Tsukiji ,10,/,25,0,3.3,3.3,
4131,FSD 205  01,RESTAURANT PRODUCTION,15,DAILY,8:00 AM,TBA,Tsukiji ,12,/,24,0,12,12,
4141,FSD 215  01,BANQUETS AND CATERING,15,DAILY,8:00 PM,CAB0101,Tsukiji ,6,/,25,0,6,6,
1403,GED 051  01,BASIC GED PREP MATH 5,7,DAILY,9:00 AM,CAS0320,Harness ,27,/,30,0,12.6,12.6,
1407,GED 052  01,GED COMM BASIC,8,DAILY,10:40 AM,CAS0320,Harness ,21,/,30,0,11.2,11.2,
8362,GED 064  STT,CMPT-ASSTED GED-KCTLC,12,MTWTh,9:00 AM,OFF,Su ,41,/,900,0,31.4,31.4,
8363,GED 064  DOC,CMPT-ASSTED GED-NEWHOLLY,6,,12:30 PM,OFF,Gropp ,6,/,35,0,4,4,
8360,GED 064  STT,CMPT-ASSTED GED-NEWHOLLY,6,Sa,8:30 AM,OFF,Gropp ,5,/,35,0,2,2,
385,GEOL&101  25,PHYSICAL GEOLOGY,5,TTh,6:00 PM,RAH0301,Giese-Sola ,19,/,35,0,6.3,5.7,
,,,,,,,,,,,,,,
Item,Course ID,Title,CR,Days,Time,Room,Instructor,Enrolled,,,Wait,FTES,,
,,,,,,,,,,,List,TOTAL,STATE,
383,GEOL 106  01,DINOSAURS,5,DAILY,9:00 AM,RAH0301,Irving ,26,/,35,0,8.7,6.7,
3211,HAR 141  02,MEATCUTTERS-2ND YEAR,5,M,5:30 PM,GTB1232,"Brooks, C ",10,/,10,0,3.3,3.3,
3210,HAR 141  01,MEATCUTTERS 1ST YEAR,4,Th,5:30 PM,GTB0123,"Patterson, B",24,/,25,0,6.4,6.4,
8341,HDM 171  STT,LIFT TRUCK OPERATOR,2,Arr,AR:R M,OFF,Castillo ,17,/,25,0,2.3,2.3,
8331,HDM 171  STT,LIFT TRUCK OPERATOR,2,Arr,AR:R M,TBA,Randolph ,20,/,25,0,2.7,2.7,
2797,HDM 197  DKP,INTERNSHIP HEAVY DUTY D,5,Arr,AR:R M,TEC0106,"Park, D. ",1,/,10,0,0.1,0.1,
9845,HEA 125  70,HEALTH AND WELLNESS,5,Online,-,-,Kapp ,20,/,25,0,6.7,5.7,
9844,HEA 150  70,HEALTH & HUMAN SEXUALITY,5,Online,-,-,Hinson ,28,/,30,0,9.3,7.7,
9847,HIST 140  70,WOMEN IN AMERICAN HISTOR,5,Online,-,-,Bush ,26,/,30,0,8.7,8,
495,HIST&146  02,US HISTORY I,5,DAILY,12:00 PM,RAH0210,Thompson ,31,/,30,0,10.3,6.3,
496,HIST&148  01,US HISTORY III,5,DAILY,9:00 AM,RAH0210,Thompson ,26,/,30,0,8.7,4.3,
5205,HMG 314  02,DIVERSITY/CULTURE TRAVEL,5,HYBRID - MW,3:00 PM,OLY0204,Krull ,14,/,25,0,4.7,4.3,
5200,HMG 314  01,DIVERSITY/CULTURE TRAVEL,5,MW,12:00 PM,OLY0204,Krull ,27,/,35,0,9,8.7,
5210,HMG 401  01,COST CONTROLS,5,MW,10:30 AM,OLY0204,Kabeleova ,20,/,25,0,6.7,6.3,
5215,HMG 401  02,COST CONTROLS,5,MW,1:30 PM,OLY0204,Kabeleova ,18,/,25,0,6,5.7,
5220,HMG 420  01,ETHICAL LEADERSHIP,3,HYBRID - T,12:00 PM,0LY0204,Kabeleova ,15,/,30,0,3,3,
5225,HMG 420  02,ETHICAL LEADERSHIP,3,HYBRID - Th,12:00 PM,OLY0204,Kabeleova ,16,/,30,0,3.2,3,
5240,HMG 490  01,INTERSHIP LECTURE,3,MW,AR:R M,OLY0204,Frazier ,2,/,30,0,0.4,0.4,
5241,HMG 490  01,INTERSHIP LECTURE,3,MW,AR:R M,OLY0204,Frazier ,0,/,30,0,0,0,
5230,HMG 491  01,HOSPITALITY MNGMT CAPSNE,5,TTh,9:00 AM,TEC0122,Krull ,16,/,30,0,5.3,5.3,
,,,,,,,,,,,,,,
Item,Course ID,Title,CR,Days,Time,Room,Instructor,Enrolled,,,Wait,FTES,,
,,,,,,,,,,,List,TOTAL,STATE,
5235,HMG 491  02,HOSPITALITY MNGMT CAPSNE,5,TTh,1:30 PM,TEC0122,Krull ,15,/,30,0,5,4.7,
4107,HOS 203  70,NUTRITION,3,Online,-,-,Wasson ,24,/,40,0,4.8,4.4,
4103,HOS 299  08,COMPETITON CLASS,3,TTh,2:00 PM,FSA0101,Houot ,23,/,18,0,4.6,4.2,
9855,HUM 130  70,WORLD CINEMA,5,Online,-,-,Whitham ,24,/,25,0,8,7.3,
8343,IFS 100  STT,INDUSTRIALFIRSTAID&SAFTY,2,Arr,AR:R M,DUW,Rahkonen ,17,/,25,0,2.3,2.3,
8328,IFS 100  STT,INDUSTRIALFIRSTAID&SAFTY,2,Arr,AR:R M,TBA,Rahkonen ,20,/,25,0,2.7,2.7,
3503,INSC 103  02,CITC CARPENTRY ONLINE,4,Arr,5:00 PM,OFF,Ormsby ,1,/,15,0,0.3,0.3,
3501,INSC 103  01,CITC CARPENTRY BELLEVUE,4,MSa,5:00 PM,OFF,Apodaca ,9,/,15,0,2.4,2.4,
3504,INSC 123  01,CITC CARPENTRY BELLEVUE,4,T,5:00 PM,OFF,Bortles ,6,/,15,0,1.6,1.6,
3505,INSC 133  01,CITC CARPENTRY TACOMA,4,TSa,5:00 PM,OFF,Beecher ,3,/,15,0,0.8,0.8,
3506,INSC 133  02,CITC CARPENTRY ONLINE,4,Arr,5:00 PM,OFF,Ormsby ,1,/,15,0,0.3,0.3,
3507,INSC 143  01,CITC CARPENTRY BELLEVUE,4,Th,5:00 PM,OFF,Knudson ,16,/,20,0,4.3,4.3,
3523,INSH 103  01,CITC HVAC BELLEVUE,6,W,6:00 PM,OFF,Horn ,7,/,15,0,2.8,2.8,
3522,INSH 103  02,CITC HVAC BELLEVUE,6,T,6:00 PM,OFF,Horn ,8,/,15,0,3.2,3.2,
3521,INSH 103  01,CITC HVAC ONLINE,6,W,6:00 PM,OFF,Horn ,3,/,15,0,1.2,1.2,
3564,INSP 103  02,CITC PLUMBING VANCOUVER,6,Th,5:00 PM,OFF,Zea ,14,/,20,0,5.6,5.6,
3562,INSP 103  01,CITC PLUMBING ONLINE,6,Arr,5:00 PM,OFF,Deems ,10,/,21,0,4,4,
3565,INSP 122  01,CITC PLUMBNGCSTR YR2 PT1,6,Arr,5:00 PM,OFF,Deems ,17,/,20,0,6.8,6.8,
3566,INSP 133  01,CITC PLUMBING ONLINE,6,Arr,5:00 PM,OFF,Deems ,7,/,20,0,2.8,2.8,
3569,INSP 142  03,CITC PLUMBING ONLINE,6,Arr,5:00 PM,OFF,Deems ,5,/,20,0,2,2,
,,,,,,,,,,,,,,
Item,Course ID,Title,CR,Days,Time,Room,Instructor,Enrolled,,,Wait,FTES,,
,,,,,,,,,,,List,TOTAL,STATE,
3568,INSP 142  02,CITC PLUMBING VANCOUVER,6,Th,5:00 PM,OFF,Sullivan ,3,/,20,0,1.2,1.2,
3567,INSP 143  01,CITC PLUMBING BELLEVUE,6,W,5:00 PM,OFF,Sullivan ,6,/,20,0,2.4,2.4,
8326,INT 101  STT,MANUFACTURING BASICS I,3,Arr,AR:R M,TBA,Randolph ,20,/,25,0,4,4,
8329,INT 108  STT,INTRO BLUEPRINT READING,3,Arr,AR:R M,TBA,Moran ,20,/,25,0,4,4,
8330,INT 109  STT,FLAGGING AND TRAFFIC,2,Arr,AR:R M,TBA,Randolph ,20,/,25,0,2.7,2.7,
8344,INT 109  STT,FLAGGING AND TRAFFIC,1,Arr,AR:R M,DUW,Autry ,17,/,20,0,1.1,1.1,
8335,INT 112  STT,TOOLS AND TRADES,5,Arr,AR:R M,TBA,Randolph ,20,/,20,0,6.7,6.7,
8338,INT 115  STT,INTRO TO LEAN MFG,3,Arr,AR:R M,TBA,,20,/,20,0,4,4,
8336,INT 165  STT,OSHA 30 GEN SAFETY,3,Arr,AR:R M,TBA,"Raymond, M ",20,/,20,0,4,4,
8337,INT 180  STT,INTRO TO COMPOSITES,3,Arr,AR:R M,TBA,Randolph ,20,/,20,0,4,4,
117,JAPN&123  25,JAPANESE III,5,TTh,6:00 PM,RAH0304,Levin ,10,/,30,0,3.3,2.3,
4702,LHO 112  01,NURSERY OPERATIONS,3,Th,10:00 AM,LHO0003,Skamser ,13,/,25,0,2.6,2.2,
4705,LHO 117  01,SPRNG PLANT IDENTIFICATN,3,T,9:00 AM,LHO0002,Bobbitt ,22,/,25,0,4.4,4.2,
4710,LHO 119  01,NATIVE PLANTS FOR NW LND,3,F,9:00 AM,LHO0003,Bobbitt ,15,/,25,0,3,3,
4740,LHO 120  02,PERENNIAL PLANT ID,3,W,4:30 PM,CEC0102,Skamser ,16,/,25,0,3.2,2.8,
4713,LHO 137  01,LANDSCAPE MANAGEMENT,3,W,9:00 AM,LHO0002,Bobbitt ,20,/,25,0,4,4,
4797,LHO 197  DKP,INTERNSHIP,8,Arr,AR:R M,TEC0140,"Park, D. ",6,/,10,0,1.1,1.1,
4730,LHO 210  02,PLANT PROBLEM DIAGNOSTIC,3,M,4:30 PM,LHO0002,Bobbitt ,21,/,25,0,4.2,4.2,
4753,LHO 217  01,PLANT PROPAGATION WRKSHP,3,F,9:00 AM,LHO0002,Skamser ,6,/,25,0,1.2,1.2,
4793,LHO 237   01,ADV IRRIGATION DIAG REPR,5,M,8:30 AM,LHO0002,Hilderbrand ,5,/,20,0,1.7,1.7,
,,,,,,,,,,,,,,
Item,Course ID,Title,CR,Days,Time,Room,Instructor,Enrolled,,,Wait,FTES,,
,,,,,,,,,,,List,TOTAL,STATE,
4791,LHO 255  01,EDIBLE TREES SHRUBS VINE,3,T,2:00 PM,CEC0102,Skamser ,19,/,25,0,3.8,3.8,
4752,LHO 262  01,LANDSCAPE DESIGN III,4,F,9:00 AM,LHO0001,"Burman, A ",11,/,20,0,2.9,2.7,
4763,LHO 265  01,Landscape Contracts&Spec,3,T,5:00 PM,LHO0001,Hilderbrand ,6,/,20,0,1.2,1.2,
4745,LHO 273  01,LNDSCP CONSTRC PRJ SPRNG,4,Th,9:00 AM,LHO0002,Hilderbrand ,9,/,20,0,2.4,2.4,
4787,LHO 299  01,SPECIAL TOPICS,4,Arr,AR:R M,TBA,Bobbitt ,2,/,25,0,0.5,0.5,
4775,LHO 299  02,SPECIAL TOPICS,4,Arr,AR:R M,LHO0001,Skamser ,0,/,25,0,0,0,
4799,LHO 299  02,SPECIAL TOPICS,3,Arr,AR:R M,LHO0001,Skamser ,1,/,25,0,0.2,0.2,
128,LIB 101  01,INT. TO INFOR. RESOURCES,3,T,1:00 PM,LIB0105,Nelson ,2,/,25,0,0.4,0.4,
8353,LST 090  STT,LIFE SKILL WORK-NEWHOLLY,6,Sa,8:30 AM,OFF,"Garcia, J. ",38,/,100,0,15.2,14.8,
8352,LST 090  STT,LIFE SKILL WORK KC-JAIL,6,MTWTh,8:30 AM,OFF,"Wong, K. ",66,/,100,0,26.4,26.4,
8354,LST 090  STT,LIFE SKILL WORK-NEWHOLLY,6,Arr,AR:R M,OFF,Creech ,26,/,100,0,10.4,10.4,
3282,MAR 151  03,SPRINKLER FITTERS 1ST YR,5,TTh,5:00 PM,GTB0134,"Brooks, C ",15,/,20,0,5,5,
3281,MAR 151  02,SPRINKLER FITTERS 5TH YR,5,TTh,5:00 PM,GTB0118,"Fowler, C ",15,/,20,0,5,5,
3206,MARN 110  01,MARINE ELECTRIC. 1ST YR,5,MWTh,5:00 PM,OFF,Olson ,4,/,20,0,1.3,1.3,
3208,MARN 110  03,MARINE ELECTR 3RD,8,TTh,5:00 PM,OFF,Olson ,6,/,15,0,3.2,3.2,
67,MATH 079  99,MATH SAT PREP,2,Sa,12:00 PM,UNI0200,Ursino ,11,/,25,0,1.5,1.5,
870,MATH 081  81,BASIC MATH SKILLS,5,DAILY,10:00 AM,LIB0215,Simmons ,23,/,25,0,7.7,6.3,
915,MATH 081  81,BASIC MATH SKILLS,5,MW,6:00 PM,LIB0215,Miropolskiy ,29,/,25,0,9.7,9.3,
914,MATH 081  81,BASIC MATH SKILLS,5,DAILY,12:00 PM,LIB0215,Zou ,18,/,25,0,6,5.7,
855,MATH 083  11,ARITHMETIC,5,DAILY,11:00 AM,RAH0205,Sullivan ,26,/,30,0,8.7,8.3,
,,,,,,,,,,,,,,
Item,Course ID,Title,CR,Days,Time,Room,Instructor,Enrolled,,,Wait,FTES,,
,,,,,,,,,,,List,TOTAL,STATE,
854,MATH 083  10,ARITHMETIC,5,DAILY,9:00 AM,RAH0205,Sullivan ,24,/,30,0,8,7.7,
9880,MATH 083  70,ARITHMETIC,5,Online,-,-,Alsup ,11,/,25,0,3.7,3.7,
871,MATH 084  10,ALGEBRA I,5,DAILY,9:00 AM,UNI0203,"Toutonghi, J",23,/,30,0,7.7,7.7,
859,MATH 085  10,ALGEBRA II,5,DAILY,9:00 AM,RAH0312,Downs ,21,/,30,0,7,7,
861,MATH 094  25,ALGEBRA 1/2,5,TTh,6:00 PM,OLY0100,Park ,13,/,30,0,4.3,4.3,
862,MATH 095  01,ALGEBRA 3/4,5,DAILY,11:00 AM,UNI0100,"Toutonghi, J",28,/,30,0,9.3,9,
866,MATH 098  01,INTERMEDIATE ALGEBRA,5,DAILY,8:00 AM,RAH0218,"Howard, D. ",24,/,35,0,8,7.3,
943,MATH 098  NS,INTERMEDIATE ALGEBRA,5,DAILY,10:00 AM,RAH0301,Rogers ,25,/,32,0,8.3,8.3,
9883,MATH 098  70,INTERMEDIATE ALGEBRA,5,Online,-,-,Dhingra ,25,/,25,0,8.3,7.7,
9884,MATH 102  70,COLLEGE ALGEBRA,5,Online,-,-,"Coskey, T. ",21,/,25,0,7,6.3,
208,MATH 102  02,COLLEGE ALGEBRA,5,DAILY,10:00 AM,UNI0203,"Lyman, H. ",36,/,35,0,12,11.3,
210,MATH 102  25,COLLEGE ALGEBRA,5,MW,6:00 PM,UNI0200,Sauer ,10,/,35,0,3.3,3,
8376,MATH 110  STT,APPL MATH FOR TECHNICIAN,3,Arr,AR:R M,TBA,Simmons ,21,/,35,0,4.2,3.8,
8327,MATH 110  STT,APPL MATH FOR TECHNICIAN,3,Arr,AR:R M,TBA,Randolph ,20,/,35,0,4,4,
236,MATH 111  02,APPLIED MATH,5,Arr,AR:R M,TBA,Ursino ,16,/,31,0,5.3,5.3,
227,MATH 116  02,APPL MATH TO MGT LIFE SC,5,DAILY,12:00 PM,UNI0203,Mc Arthur ,15,/,35,0,5,2,
228,MATH&141  01,PRECALCULUS I,5,DAILY,10:00 AM,RAH0205,Downs ,30,/,35,0,10,8.3,
229,MATH&141  02,PRECALCULUS I,5,DAILY,12:00 PM,RAH0212,Alvarez ,19,/,35,0,6.3,4.3,
230,MATH&142  01,PRECALCULUS II,5,DAILY,8:00 AM,RAH0304,"Toutonghi, J",34,/,35,0,11.3,9,
231,MATH&142  25,PRECALCULUS II,5,MW,6:00 PM,RAH0216,Tosch ,23,/,35,0,7.7,5.7,
,,,,,,,,,,,,,,
Item,Course ID,Title,CR,Days,Time,Room,Instructor,Enrolled,,,Wait,FTES,,
,,,,,,,,,,,List,TOTAL,STATE,
250,MATH&146  01,INTRODUCTION TO STATS,5,DAILY,9:00 AM,OLY0100,Post F. ,38,/,35,0,12.7,10.3,
9835,MATH&146  70,INTRODUCTION TO STATS,5,Online,-,-,Tosch ,17,/,25,0,5.7,5.3,
221,MATH&148  01,BUSINESS CALCULUS,5,DAILY,10:00 AM,UNI0100,Mc Arthur ,21,/,35,0,7,5.7,
269,MATH&151  02,CALCULUS I,5,DAILY,12:00 PM,RAH0304,"Coskey, T. ",37,/,35,0,12.3,8.7,
233,MATH&151  01,CALCULUS I,5,DAILY,7:00 AM,UNI0203,"Lyman, H. ",34,/,35,0,11.3,7.3,
235,MATH&152  01,CALCULUS II,5,DAILY,8:00 AM,RAH0309,Downs ,16,/,35,0,5.3,3.7,
270,MATH&152  03,CALCULUS II,5,Arr,AR:R M,OFF,Ursino ,16,/,35,0,5.3,0,
240,MATH&153  25,CALCULUS III,5,MW,6:00 PM,OLY0100,Park ,18,/,35,0,6,4.7,
238,MATH&153  01,CALCULUS III,5,DAILY,8:00 AM,UNI0200,Zou ,31,/,35,0,10.3,6,
249,MATH 224  01,VECTOR CALCULUS,5,DAILY,12:00 PM,RAH0217,Torres ,8,/,35,0,2.7,1.7,
248,MATH 238  01,DIFFERENTIAL EQUATIONS,5,DAILY,11:00 AM,RAH0301,Zou ,15,/,35,0,5,3.7,
9890,MUSC 117  70,ROCK MUSIC II,5,Online,-,-,Schmidt ,23,/,25,0,7.7,7,
658,MUSC 165  25,COMMUNITY CHORALE,2,M,7:00 PM,RSB0080,Herd ,7,/,50,0,0.9,0.8,
164,MUSC 299  01,PRACTICUM IN MUSIC,3,Arr,: M,ARR,Herd ,1,/,5,0,0.1,0.1,
165,MUSC 299  02,PRACTICUM IN MUSIC,3,Arr,: M,ARR,Schmidt ,1,/,5,0,0,0,
398,NTR 150  25,HUMAN NUTRITION,5,TTh,6:00 PM,UNI0201,Levesque ,18,/,35,0,6,4.3,
9886,NTR 150  70,HUMAN NUTRITION,5,Online,-,-,Levenhagen ,23,/,30,0,7.7,6.3,
9891,NTR 150  70,HUMAN NUTRITION,5,Online,-,-,Kapp ,25,/,25,0,8.3,7.7,
1325,NUR 096  02,INTRO APPLY ACAD STRATGY,3,MTTh,11:00 AM,CAS0202,"Hanson, J. ",34,/,30,0,6.8,6.8,
1310,NUR 098  01,INTRO APPLY ACAD STRATGY,3,MTTh,11:00 AM,CAS0212,Baldwin S. ,8,/,25,0,1.6,1.6,
,,,,,,,,,,,,,,
Item,Course ID,Title,CR,Days,Time,Room,Instructor,Enrolled,,,Wait,FTES,,
,,,,,,,,,,,List,TOTAL,STATE,
5012,NUR 170  01,NA-C BASIC HEALTH CARE,12,MTW,8:00 AM,RAH0116,Nicholson ,10,/,20,0,8,8,
5013,NUR 170  IBS,NA-C BASIC HEALTH CARE,12,MTW,8:00 AM,RAH0116,"Moran, Arios",9,/,10,0,12.6,11.2,
5053,NUR 173  01,LPN III - MED/SURG II,12,WTh,11:00 AM,RAH0109,Nagai ,40,/,40,0,32,32,
5048,NUR 173  01B,LPN III- LAB B,0,Th,3:00 PM,RAH0107,Nagai ,20,/,20,0,0,0,
5043,NUR 173  01A,LPN III- LAB A,0,W,3:00 PM,RAH0107,Nagai ,20,/,20,0,0,0,
422,PHYS&221  01,ENGINEERING PHYSICS I,5,MTWF,9:00 AM,OLY0200,Rogers ,26,/,25,0,8.7,5.7,
428,PHYS&223  01,ENGINEERING PHYSICS III,5,MTWF,10:00 AM,OLY0200,Muirhead ,17,/,25,0,5.7,3.7,
4180,PST 101  01,PASTRY BAKING ORIENTATIO,5,DAILY,7:00 AM,PBA0113,Harris ,8,/,10,0,2.7,2.7,
4181,PST 103  01,BEGINING DECO,4,DAILY,7:00 AM,PBA0113,Smith ,14,/,25,0,3.7,3.7,
4185,PST 111  01,BAKING 1,15,DAILY,8:00 AM,PBA0106,Harris ,10,/,25,0,10,10,
4186,PST 112  01,PASTRY 1,15,DAILY,8:00 AM,PBA0102,Smith ,8,/,45,0,8,8,
4187,PST 113  01,BAKING 2,15,DAILY,8:00 AM,PBA0106,Harris ,7,/,45,0,7,7,
4188,PST 211  01,PASTRY 2,15,DAILY,8:00 AM,PBA0102,Smith ,4,/,45,0,4,4,
4189,PST 212  01,PASTRY 3,15,DAILY,8:00 AM,PBA0103,Smith ,6,/,45,0,6,6,
4190,PST 213  01,PASTRY 4,15,DAILY,8:00 AM,PAB0103,Harris ,4,/,45,0,4,4,
558,PSYC&100  25,GENERAL PSYCHOLOGY,5,MW,6:00 PM,OLY0202,"Peterson,E. ",24,/,35,0,8,6,
553,PSYC&100  02,GENERAL PSYCHOLOGY,5,DAILY,9:00 AM,OLY0202,Larsen ,36,/,35,0,12,7.3,
9859,PSYC&100  70,GENERAL PSYCHOLOGY,5,Online,-,-,"Peterson,E. ",32,/,30,0,10.7,7.3,
9862,PSYC&100  70,GENERAL PSYCHOLOGY,5,Online,-,-,"Palek, M. ",26,/,30,0,8.7,8,
9806,PSYC&200  70,LIFESPAN PSYCHOLOGY,5,Online,-,-,Rice ,23,/,25,0,7.7,7.7,
,,,,,,,,,,,,,,
Item,Course ID,Title,CR,Days,Time,Room,Instructor,Enrolled,,,Wait,FTES,,
,,,,,,,,,,,List,TOTAL,STATE,
9805,PSYC&200  70,LIFESPAN PSYCHOLOGY,5,Online,-,-,Rice ,21,/,25,0,7,6.7,
559,PSYC&200  02,LIFESPAN PSYCHOLOGY,5,DAILY,12:00 PM,OLY0202,Larsen ,35,/,35,0,11.7,10.3,
560,PSYC&200  01,LIFESPAN PSYCHOLOGY,5,DAILY,10:00 AM,OLY0100,Larsen ,35,/,35,0,11.7,8.3,
4129,PSYC 240  10,PSYCH OF HUMAN RELATIONS,3,TWTh,2:00 PM,OLY0105,Stowers ,20,/,30,0,4,3.8,
1006,PSYC 240  99,PSYCH OF HUMAN RELATIONS,3,Sa,8:30 AM,OLY0105,Stowers ,23,/,30,0,4.6,4.6,
9861,PSYC 240  70,PSYCH OF HUMAN RELATIONS,3,Online,-,-,"Bolt, S ",15,/,30,0,3,2.8,
9869,PSYC 240  70,PSYCH OF HUMAN RELATIONS,3,Online,-,-,Brauburger ,16,/,25,0,3.2,3.2,
9945,SMG 100  70,LEADERSHIP & SUPERVISION,3,Online,-,-,Graham G. ,9,/,25,0,1.8,1.8,
2065,SMG 197  DKP,INTERNSHIP/CO-OP ED-SMG,5,Arr,AR:R M,TBA,"Park, D. ",1,/,24,0,0.3,0.3,
2050,SMG 201  01,ENTREPRENEURIAL MANAGER,3,MW,6:00 PM,OLY0205,Stowers ,9,/,25,0,1.8,1.8,
2055,SMG 213  01,FUNDRAISING AND GRANTWRI,2,MW,6:00 PM,OLY0205,Stowers ,11,/,24,0,1.5,1.5,
2060,SMG 298  01,INDEPENDENT STUDY-SMG,10,Arr,AR:R M,TBA,Stowers ,5,/,10,0,2.2,2.2,
578,SOC& 101  25,INTRO TO SOCIOLOGY,5,TTh,6:00 PM,RAH0212,Mc Crath ,16,/,30,0,5.3,5,
576,SOC& 101  01,INTRO TO SOCIOLOGY,5,DAILY,9:00 AM,OLY0105,Stowers ,39,/,30,0,13,11.7,
577,SOC& 101  02,INTRO TO SOCIOLOGY,5,DAILY,10:00 AM,RAH0212,Mc Crath ,33,/,30,0,11,8.3,
187,SPAN&121  01,SPANISH I,5,DAILY,9:00 AM,RAH0309,Brauburger ,32,/,30,0,10.7,7.3,
184,SPAN&122  02,SPANISH II,5,DAILY,10:00 AM,RAH0310,"Tran,A ",25,/,30,0,8.3,4,
189,SPAN&122  01,SPANISH II,5,DAILY,9:00 AM,RAH0310,"Tran,A ",25,/,30,0,8.3,7,
186,SPAN&123  01,SPANISH III,5,DAILY,8:00 AM,RAH0310,"Tran,A ",18,/,30,0,6,4.3,
647,SPAN&123  25,SPANISH III,5,MW,6:00 PM,OLY0105,Spannagel ,8,/,30,0,2.7,2,
,,,,,,,,,,,,,,
Item,Course ID,Title,CR,Days,Time,Room,Instructor,Enrolled,,,Wait,FTES,,
,,,,,,,,,,,List,TOTAL,STATE,
8305,SSW 094  STT,EMPOYMENT SEARCH BASICS,6,MTWTh,9:00 AM,LIB0217,"Strongman, E",11,/,30,0,4.4,4,
8306,SSW 095  STT,TAKING THE FIRST STEP,6,MTWTh,9:00 AM,LIB0217,Nichols ,11,/,30,0,4.4,4,
8307,SSW 096  STT,YOU AND THE WORKPLACE,6,MTWTh,9:00 AM,LIB0217,"Weber, T. ",11,/,30,0,4.4,4,
5995,TDR 237  01,DESIGN PROJECT I,2,TTh,1:00 PM,CAS0300B,Nguyen ,3,/,20,0,0.4,0.4,
3173,WAR 151  04,PAINTERS INDUSTRIAL,5,DAILY,8:00 AM,GTE,Rahkonen ,7,/,20,0,2.3,2.3,
3174,WAR 155  01,PAINTERS COMMERCIAL,5,DAILY,8:00 AM,GTE,Lopez Sarmie,9,/,20,0,3,3,
3172,WAR 155  03,PAINTERS 5TH & 6TH BRACK,4,Th,5:00 PM,GTE,Rahkonen ,3,/,20,0,0.8,0.8,
3170,WAR 155  01,PAINTERS 1ST - 2ND BRACK,4,M,5:00 PM,GTE,Rahkonen ,27,/,28,0,7.2,7.2,
3171,WAR 155  02,PAINTERS 2ND - 4TH BRACK,4,T,5:00 PM,GTE,Lopez Sarmie,8,/,20,0,2.1,2.1,
3140,WAR 158  01,DRYWALL FINISHER 1ST YR,5,DAILY,6:00 AM,GTE,Palmer ,7,/,15,0,2.3,2.3,
3141,WAR 158  02,DRYWALL FINISHER 3RD YR,5,DAILY,6:00 AM,GTE,"Brocker, H ",7,/,15,0,2.3,2.3,
3105,WAR 165  02,BRICKLAYERS 2ND YEAR,4,DAILY,7:00 AM,GTD,"West, D. ",15,/,15,0,4,4,
3116,WAR 168  02,TILE SETTERS & FINISHERS,4,DAILY,7:00 AM,GTD,"Charest,J ",8,/,20,0,2.1,2.1,
3130,WAR 171  01,CEMENT FIRST YEAR,4,DAILY,7:00 AM,GTD,"Johnston, J ",15,/,20,0,4,4,
3131,WAR 171  02,CEMENT SECOND YEAR,4,DAILY,7:00 AM,GTD,"Kyle, Jerry ",12,/,20,0,3.2,3.2,
3132,WAR 171  03,CEMENT THIRD YEAR,4,DAILY,7:00 AM,GTD,Nickell ,11,/,20,0,2.9,2.9,
3160,WAR 178  01,FLOORCOVERING,3,FSa,8:00 AM,GTE,"Greer, Jeff ",5,/,15,0,1,1,
3158,WAR 180  01,GLAZIERS RESIDENTIAL 1ST,4,Sa,8:00 AM,GTE,STAFF,6,/,10,0,1.6,1.6,
8372,WFT 100  SJI,WELDING THEORY,5,DAILY,12:00 PM,WWB0101,Weber ,21,/,20,0,7,6.3,
5726,WFT 111  01,MATERIALS AND TESTING,5,DAILY,11:00 AM,WWB0101,Weber ,26,/,20,0,8.7,8,
,,,,,,,,,,,,,,
Item,Course ID,Title,CR,Days,Time,Room,Instructor,Enrolled,,,Wait,FTES,,
,,,,,,,,,,,List,TOTAL,STATE,
5843,WFT 111  01,MATERIALS AND TESTING,5,DAILY,5:00 PM,WWB0101,Brown ,21,/,25,0,7,7,
8373,WFT 120  SJI,INTRO.WELDING(OXY/SMAW),6,DAILY,12:00 PM,WWB0101,Weber ,21,/,20,0,8.4,7.6,
8374,WFT 121  SJI,SMAW Shielded Metal Arc,6,DAILY,12:00 PM,WWB0101,Weber ,21,/,20,0,8.4,7.6,
5752,WFT 124  SJI,GMAW Gas Metal Arc Wldg.,6,DAILY,12:00 PM,WWB0101,Weber ,1,/,20,0,0.4,0.4,
5756,WFT 125  SJI,FCAW Flux Core Metal Arc,6,DAILY,12:00 PM,WWB0101,Weber ,1,/,20,0,0.4,0.4,
5789,WFT 238  01,ADVANCED FABRICATION II,8,DAILY,7:00 AM,WWB0101,Weber ,3,/,20,0,1.6,1.6,
5842,WFT 238  02,ADVANCED FABRICATION II,8,DAILY,6:00 PM,WWB0101,"Brown, Ocie ",3,/,20,0,1.6,1.6,
5790,WFT 297  01,SPEC TOPICS WELD FABRICA,12,Arr,AR:R M,WWB0101,Weber ,23,/,20,0,4,3.3,
5800,WFT 297  02,SPEC TOPICS WELD FABRICA,12,Arr,AR:R M,TBAV001,"Brown, Ocie ",4,/,20,0,0.7,0.7,
8375,WFT 298  STT,INDEPENDANT STUDY,2,Arr,AR:R M,TBA,Castillo ,21,/,25,0,2.8,2.5,
4250,WIN 101  01,INTRO TO ENOLOGY,3,M,2:00 PM,WWB0110,Bos ,20,/,28,0,4,3.4,
4263,WIN 105  01,ELEMENTS OF WINE PRODIII,4,W,6:00 PM,WWB0110,Bos ,19,/,20,0,5.1,4,
4265,WIN 109  01,WINERY PRODUCTION III,1,Th,6:00 PM,WWB0110,Bos ,19,/,20,0,1.3,1,
4258,WIN 121  01,INTRO TO VITICULTURE,3,Th,6:00 PM,WWB0113,Scott ,13,/,28,0,2.6,2.2,
4251,WIN 123  01,SENSORY EVALUATION,3,W,2:00 PM,WWB0110,Daigneault ,16,/,28,0,3.2,3.2,
4204,WIN 131  01,INTRO TO WASHINGTON WINE,3,T,6:00 PM,WWB0110,Bos ,16,/,28,0,3.2,2.2,
4207,WIN 132  01,WINE HISTORY & APPRECIAT,3,T,6:00 PM,WWB0113,Darling ,15,/,28,0,3,2.2,
4252,WIN 133  01,INTRO WINES OF THE WORLD,5,TTh,6:00 PM,TBA,Daigneault ,22,/,28,0,7.3,6.7,
4259,WIN 141  01,WINE MARKETING & SALES,3,M,6:00 PM,WWB0110,Ord ,18,/,28,0,3.6,2.6,
4211,WIN 151  01,INTRO FOOD & WINE PAIRIN,3,W,2:00 PM,WWB0113,DeLong ,11,/,28,0,2.2,2.2,
,,,,,,,,,,,,,,
Item,Course ID,Title,CR,Days,Time,Room,Instructor,Enrolled,,,Wait,FTES,,
,,,,,,,,,,,List,TOTAL,STATE,
4297,WIN 197  DKP,INTERNSHIP,5,Arr,AR:R M,TEC0140,"Park, D. ",7,/,10,0,1.7,0.7,
4209,WIN 298  01,ST- FOOD & WINE CHEESE,3,M,2:00 PM,WWB0113,Rede ,20,/,28,0,4,3.8,
4215,WIN 299  05,Independant Wine Study,5,Arr,AR:R M,WWB0112,Daigneault ,3,/,12,0,0.6,0.2,
4283,WIN 299  01,ST:ADV WORLD WINE EUROPE,3,W,6:00 PM,WWB0113,Daigneault ,19,/,28,0,3.8,3.2,
,,,,,,,,,,,,,,
Clustered Classes:,,,,,,,,,,,,,,
Item,Course ID,Title,CR,Days,Time,Room,Instructor,Enrolled,,,Wait,FTES,,Cluster
,,,,,,,,,,,List,TOTAL,STATE,
10,ART 101  01,DESIGN-COLOR,5,MW,9:00 AM,RSB0017A,Lantz ,21,/,25,0,7,4,0010B234
11,ART 102  01,DESIGN-COLOR,5,MW,9:00 AM,RSB0017A,Lantz ,4,/,25,0,1.3,1,0010B234
12,ART 103  01,DESIGN-COLOR,5,MW,9:00 AM,RSB0017A,Lantz ,1,/,25,0,0.3,0,0010B234
13,ART 299  01,SPECIAL PROBLEMS IN ART,5,Arr,: M,ARR,Lantz ,6,/,5,0,0.4,0.1,0010B234
14,ART 111  01,DRAWING,5,MW,12:00 PM,RSB0017A,Lantz ,23,/,25,0,7.7,6.7,0014B234
15,ART 112  01,DRAWING,5,MW,12:00 PM,RSB0017A,Lantz ,4,/,25,0,1.3,0.7,0014B234
16,ART 113  01,DRAWING,5,MW,12:00 PM,RSB0017A,Lantz ,1,/,25,0,0.3,0,0014B234
17,ART 299  02,SPECIAL PROBLEMS IN ART,5,Arr,: M,ARR,Lantz ,6,/,5,0,1.6,0.5,0014B234
18,ART 201  01,PAINTING,5,TTh,12:00 PM,RSB0017A,Lantz ,17,/,25,0,5.7,5.7,0018B234
19,ART 202  01,PAINTING,5,TTh,12:00 PM,RSB0017A,Lantz ,4,/,25,0,1.3,0.7,0018B234
21,ART 205  01,WATER COLOR PAINTING,5,TTh,12:00 PM,RSB0017A,Lantz ,7,/,25,0,2.3,1.7,0018B234
22,ART 206  01,WATER COLOR PAINTING,5,TTh,12:00 PM,RSB0017A,Lantz ,2,/,25,0,0.7,0,0018B234
24,ART 299  04,SPECIAL PROBLEMS IN ART,5,Arr,: M,ARR,Lantz ,9,/,5,0,0,0,0018B234
27,ART 210  01,COMPUTER ART,5,HYBRID - TTh,12:00 PM,OLY0102,Koutsky ,17,/,25,0,5.7,4.3,0027B234
28,ART 214  01,ADVANCED COMPUTER ART,5,HYBRID - TTh,12:00 PM,OLY0102,Koutsky ,1,/,25,0,0.3,0.3,0027B234
9811,ART 214  70,ADVANCED COMPUTER ART,5,Online,-,-,Koutsky ,4,/,25,0,1.3,1,0027B234
,,,,,,,,,,,,,,
Item,Course ID,Title,CR,Days,Time,Room,Instructor,Enrolled,,,Wait,FTES,,Cluster
,,,,,,,,,,,List,TOTAL,STATE,
9812,ART 215  70,ADV COMPUTER ART II,5,Online,-,-,Koutsky ,1,/,25,0,0.3,0.3,0027B234
29,ART 215  01,ADV COMPUTER ART II,5,HYBRID - TTh,12:00 PM,OLY0102,Koutsky ,0,/,25,0,0,0,0027B234
30,ART 299  05,SPECIAL PROBLEMS IN ART,5,HYBRID - Arr,: M,ARR,Koutsky ,4,/,5,0,0.3,0.3,0027B234
31,ART 211  01,SCULPTURE,5,MW,11:00 AM,RAH0111,Lobb ,10,/,25,0,3.3,3,0031B234
32,ART 212  01,SCULPTURE,5,MW,11:00 AM,RAH0111,Lobb ,0,/,25,0,0,0,0031B234
34,ART 221  01,CERAMICS,5,MW,11:00 AM,RAH0111,Lobb ,13,/,25,0,4.3,3,0031B234
35,ART 222  01,POTTERY/CERAMICS,5,MW,11:00 AM,RAH0111,Lobb ,3,/,25,0,1,0.7,0031B234
37,ART 299  06,SPECIAL PROBLEMS IN ART,5,Arr,: M,ARR,Lobb ,1,/,5,0,0,0,0031B234
40,ART 170  01,PHOTOGRAPHY AS AN ART,5,MWF,8:00 AM,OLY0102,Nelson ,25,/,25,0,8.3,6.3,0040B234
52,ENGL&101  02,ENGLISH COMPOSITION I,5,DAILY,9:00 AM,OLY0101,"Newman, M. ",27,/,28,0,9,8,0052B234
55,ENGL&101  06,ENGLISH COMPOSITION I,5,MWF,12:00 PM,OLY0101,Walsh ,23,/,28,0,7.7,6.3,0055B234
65,ENGL&102  06,COMPOSITION II,5,MWF,12:00 PM,UNI0201,Whitham ,20,/,28,0,6.7,4.7,0065B234
101,MUSC 126  01,BEG. GROUP PIANO 1ST QTR,2,MWF,9:00 AM,RSB0087,Schmidt ,12,/,20,0,1.6,1.1,0101B234
102,MUSC 127  01,BEG. GROUP PIANO 2ND QTR,2,MWF,9:00 AM,RSB0087,Schmidt ,4,/,20,0,0.5,0.4,0101B234
103,MUSC 128  01,BEG. GROUP PIANO 3RD QTR,2,MWF,9:00 AM,RSB0087,Schmidt ,3,/,20,0,0.4,0.3,0101B234
105,MUSC 222  01,GROUP PIANO 5TH QTR,2,MWF,9:00 AM,RSB0087,Schmidt ,1,/,20,0,0.1,0.1,0101B234
129,EDUC 200  01,PEER TUTORING,5,Th,5:00 PM,RSB0012,Tillman ,13,/,25,0,3.3,2.5,0129B234
868,MATH 089  01,INDEPENDENT STUDY,2,Th,5:00 PM,RSB0012,Tillman ,5,/,25,0,0.6,0.6,0129B234
865,MATH 090  01,MATHEMATICAL MODULES,5,Arr,: M,ARR,Tillman ,1,/,25,0,0.1,0.1,0129B234
869,MATH 198  01,MATHEMATICS WORKSHOP,2,Th,: M,RSB0012,Tillman ,10,/,25,0,1.3,1.3,0129B234
,,,,,,,,,,,,,,
Item,Course ID,Title,CR,Days,Time,Room,Instructor,Enrolled,,,Wait,FTES,,Cluster
,,,,,,,,,,,List,TOTAL,STATE,
139,MUSC 110  01,INTRO TO WORLD MUSIC,5,DAILY,9:00 AM,RSB0080,Herd ,27,/,35,0,9,7.3,0139B234
140,MUSC 116  01,ROCK MUSIC I,5,DAILY,11:00 AM,RSB0080,Schmidt ,31,/,35,0,10.3,7,0140B234
141,MUSC 119  01,BEG. GROUP INST: VOICE,2,MWTh,12:00 PM,RSB0080,Herd ,13,/,35,0,1.7,1.1,0141B234
142,MUSC 120  01,INT. GROUP INST: VOICE,2,MWTh,12:00 PM,RSB0080,Herd ,5,/,35,0,0.7,0.5,0141B234
143,MUSC 126  03,BEG. GROUP PIANO 1ST QTR,2,MWF,11:00 AM,RSB0087,Kincaid ,11,/,20,0,1.5,0.9,0143B234
144,MUSC 127  03,BEG. GROUP PIANO 2ND QTR,2,MWF,11:00 AM,RSB0087,Kincaid ,1,/,20,0,0.1,0.1,0143B234
145,MUSC 128  03,BEG. GROUP PIANO 3RD QTR,2,MWF,11:00 AM,RSB0087,Kincaid ,2,/,20,0,0.3,0.1,0143B234
148,MUSC 223  03,GROUP PIANO 6TH QTR,2,MWF,11:00 AM,RSB0087,Kincaid ,2,/,20,0,0.3,0.1,0143B234
167,MUSC 140  02,COLLEGE CHOIR,3,MWF,10:00 AM,RSB0080,Herd ,10,/,10,0,2,1.8,0166B234
166,MUSC 140  01,COLLEGE CHOIR,5,DAILY,10:00 AM,RSB0080,Herd ,32,/,40,0,10.7,6,0166B234
176,MUSC 126  02,BEG. GROUP PIANO 1ST QTR,2,MWF,10:00 AM,RSB0087,Schmidt ,13,/,20,0,1.7,1.1,0176B234
177,MUSC 127  02,BEG. GROUP PIANO 2ND QTR,2,MWF,10:00 AM,RSB0087,Schmidt ,6,/,20,0,0.8,0.4,0176B234
178,MUSC 128  02,BEG. GROUP PIANO 3RD QTR,2,MWF,10:00 AM,RSB0087,Schmidt ,1,/,20,0,0.1,0,0176B234
179,MUSC 221  02,GROUP PIANO 4TH QTR,2,MWF,10:00 AM,RSB0087,Schmidt ,1,/,20,0,0.1,0.1,0176B234
180,MUSC 222  02,GROUP PIANO 5TH QTR,2,MWF,10:00 AM,RSB0087,Schmidt ,1,/,20,0,0.1,0,0176B234
209,MATH 102  03,COLLEGE ALGEBRA,5,DAILY,11:00 AM,UNI0203,"Lyman, H. ",36,/,35,0,12,11,0209B234
875,MATH&107  02,MATH IN SOCIETY,5,Arr,AR:R M,TBA,"Lyman, H. ",1,/,1,0,0.3,0.3,0209B234
252,PEC 110  01,AEROBICS,2,TTh,9:00 AM,MPB0005,Delapena ,9,/,25,0,1.2,0.7,0252B234
253,PEC 299  01,INDEPENDENT STUDY,5,Arr,: M,ARR,Delapena ,1,/,5,0,0,0,0252B234
254,PEC 165  01,BODY CONDITIONING,2,TTh,10:00 AM,MPB0005,Delapena ,17,/,25,0,2.3,1.9,0254B234
,,,,,,,,,,,,,,
Item,Course ID,Title,CR,Days,Time,Room,Instructor,Enrolled,,,Wait,FTES,,Cluster
,,,,,,,,,,,List,TOTAL,STATE,
255,PEC 299  02,INDEPENDENT STUDY,5,Arr,AR:R M,TBA,Delapena ,0,/,5,0,0,0,0254B234
256,PEC 136  01,YOGA,2,T,12:00 PM,MPB0005,Dormaier ,13,/,25,0,1.7,1.5,0256B234
257,PEC 299  03,INDEPENDENT STUDY,5,Arr,: M,ARR,Dormaier ,1,/,5,0,0,0,0256B234
258,PEC 136  25,YOGA,2,T,6:00 PM,MPB0005,Dormaier ,17,/,25,0,2.3,1.1,0258B234
259,PEC 299  25,INDEPENDENT STUDY,5,Arr,AR:R M,TBA,Dormaier ,2,/,5,0,0,0,0258B234
260,PEC 136  01,YOGA,2,W,12:00 PM,MPB0005,Dormaier ,17,/,25,0,2.3,1.7,0260B234
263,PEC 150  01,PHYSICAL FITNESS,3,MWF,9:00 AM,MPB,Boehm ,15,/,25,0,3,1.6,0263B234
264,PEC 151  01,PHYSICAL FITNESS,3,MWF,9:00 AM,MPB,Boehm ,2,/,25,0,0,0,0263B234
265,PEC 150  02,PHYSICAL FITNESS,3,MWF,10:00 AM,MPB,Boehm ,8,/,25,0,1.6,1.2,0265B234
266,PEC 151  02,PHYSICAL FITNESS,3,MWF,10:00 AM,MPB,Boehm ,5,/,25,0,1,1,0265B234
280,PEC 143  01,WALKING FOR FITNESS,2,M,6:00 PM,MPB,Boehm ,15,/,25,0,2,1.3,0280B234
281,PEC 145  01,JOGGING,2,M,6:00 PM,MPB,Boehm ,7,/,25,0,0.9,0.7,0280B234
283,ANTH&206  01,CULTURAL ANTHROPOLOGY,5,DAILY,11:00 AM,RAH0212,Mc Crath ,32,/,35,0,10.7,7.3,0283B234
352,CHEM&121  01,INTRO TO CHEMISTRY,5,TThF,12:00 PM,RAH0305,Allen ,27,/,27,0,9,7.3,0352B234
391,HEA 160  01,HUMAN WELLNESS & FITNESS,5,DAILY,12:00 PM,OLY0105,"Kriofske, C ",23,/,35,0,7.7,6.3,0391B234
397,NTR 150  01,HUMAN NUTRITION,5,DAILY,9:00 AM,UNI0200,Kapp ,30,/,35,0,10,8,0397B234
420,PHYS&116  25,GENERAL PHYS III W/LAB,5,MW,6:00 PM,OLY0200,Boudreaux ,11,/,25,0,3.7,3.7,0420B234
494,HIST&146  01,US HISTORY I,5,DAILY,11:00 AM,RAH0210,Thompson ,29,/,30,0,9.7,5.3,0494B234
503,HIST 211  01,HIST OF THE MIDDLE EAST,5,DAILY,10:00 AM,RAH0214,Othman ,35,/,35,0,11.7,10,0503B234
530,POLS&203  01,INTERNATIONAL RELATIONS,5,DAILY,9:00 AM,RAH0214,Othman ,25,/,35,0,8.3,5,0530B234
,,,,,,,,,,,,,,
Item,Course ID,Title,CR,Days,Time,Room,Instructor,Enrolled,,,Wait,FTES,,Cluster
,,,,,,,,,,,List,TOTAL,STATE,
531,POLS&202  01,AMERICAN GOVERNMENT,5,DAILY,11:00 AM,RAH0214,Othman ,36,/,35,0,12,6,0531B234
532,POLS&202  02,AMERICAN GOVERNMENT,5,DAILY,12:00 PM,RAH0214,Othman ,19,/,35,0,6.3,3.3,0532B234
556,PSYC&100  03,GENERAL PSYCHOLOGY,5,DAILY,10:00 AM,OLY0202,Rice ,35,/,35,0,11.7,10.3,0556B234
567,PSYC 230  01,HUMAN SEXUALITY,5,DAILY,11:00 AM,OLY0202,Chaffee ,21,/,35,0,7,5,0567B234
579,SOC 230  01,HUMAN SEXUALITY,5,DAILY,11:00 AM,OLY0202,Chaffee ,15,/,35,0,5,4.3,0567B234
610,ART 210  25,COMPUTER ART,5,HYBRID - T,6:00 PM,OLY0102,Koutsky ,10,/,25,0,3.3,2,0610B234
9810,ART 210  70,COMPUTER ART,5,Online,-,-,Koutsky ,14,/,25,0,4.7,4,0610B234
611,ART 214  25,ADVANCED COMPUTER ART,5,HYBRID - T,6:00 PM,OLY0102,Koutsky ,1,/,25,0,0.3,0.3,0610B234
615,ART 211  25,SCULPTURE,5,MW,6:00 PM,RAH0111,Lobb ,9,/,25,0,3,2,0615B234
618,ART 221  25,CERAMICS,5,MW,6:00 PM,RAH0111,Lobb ,13,/,25,0,4.3,3.7,0615B234
621,ART 299  26,SPECIAL PROBLEMS IN ART,5,Arr,: M,ARR,Lobb ,2,/,5,0,0.7,0.3,0615B234
652,MUSC 126  25,BEG. GROUP PIANO 1ST QTR,2,T,6:30 PM,RSB0087,Kincaid ,10,/,20,0,1.3,1.1,0652B234
653,MUSC 127  25,BEG. GROUP PIANO 2ND QTR,2,T,6:30 PM,RSB0087,Kincaid ,3,/,20,0,0.4,0.3,0652B234
654,MUSC 128  25,BEG. GROUP PIANO 3RD QTR,2,T,6:30 PM,RSB0087,Kincaid ,2,/,20,0,0.3,0.3,0652B234
655,MUSC 221  25,GROUP PIANO 4TH QTR,2,T,6:30 PM,RSB0087,Kincaid ,1,/,20,0,0.1,0.1,0652B234
656,MUSC 222  25,GROUP PIANO 5TH QTR,2,T,6:30 PM,RSB0087,Kincaid ,1,/,20,0,0.1,0,0652B234
657,MUSC 223  25,GROUP PIANO 6TH QTR,2,T,6:30 PM,RSB0087,Kincaid ,1,/,20,0,0.1,0.1,0652B234
724,UGR 214  77,INTRO TO SCIENTIFIC RSCH,3,HYBRID - T,1:30 PM,OLY0307,Ashcraft ,5,/,27,0,1,0.8,0724B234
725,UGR 294  77,INDEPENDENT RESEARCH,2,HYBRID - Arr,AR:R M,TBA,Ashcraft ,1,/,5,0,0.1,0.1,0724B234
757,PSYC&100  01,GENERAL PSYCHOLOGY,5,DAILY,8:00 AM,OLY0202,Rice ,26,/,35,0,8.7,6,0757B234
,,,,,,,,,,,,,,
Item,Course ID,Title,CR,Days,Time,Room,Instructor,Enrolled,,,Wait,FTES,,Cluster
,,,,,,,,,,,List,TOTAL,STATE,
781,BUS 210  25,BUS & ECONOMIC STATISTIC,5,TTh,6:00 PM,UNI0200,Dorman ,5,/,35,0,1.7,1,0781B234
251,MATH&146  25,INTRODUCTION TO STATS,5,TTh,6:00 PM,UNI0200,Dorman ,28,/,35,0,9.3,8.7,0781B234
804,ENGL 094  01,WRITING IMPROVEMENT II,5,DAILY,9:00 AM,RAH0217,Mirabella ,6,/,25,0,2,1.7,0808B234
845,ENGL 081  25,ENGLISH SKILLS SHOP,5,TTh,6:00 PM,OLY0105,"Steinke, E. ",1,/,25,0,0.3,0.3,0845B234
848,ENGL 094  25,WRITING IMPROVEMENT II,5,TTh,6:00 PM,OLY0105,"Steinke, E. ",4,/,25,0,1.3,1.3,0845B234
849,ENGL 095  25,COLL PREP READ STUDY III,5,TTh,6:00 PM,OLY0105,"Steinke, E. ",1,/,25,0,0.3,0.3,0845B234
850,ENGL 096  25,COLLEGE PREP WRITING III,5,TTh,6:00 PM,OLY0105,"Steinke, E. ",6,/,25,0,2,1.7,0845B234
828,ENGL 098  25,COLLEGE PREP WRITING IV,5,TTh,6:00 PM,OLY0105,"Steinke, E. ",4,/,5,0,1.3,1.3,0845B234
860,MATH 094  01,ALGEBRA 1/2,5,DAILY,10:00 AM,UNI0200,Llewelyn ,32,/,30,0,10.7,10.7,0860B234
864,MATH 095  02,ALGEBRA 3/4,5,DAILY,11:00 AM,RAH0312,Llewelyn ,26,/,30,0,8.7,8,0864B234
879,MATH 098  02,INTERMEDIATE ALGEBRA,5,DAILY,12:00 PM,RAH0218,Llewelyn ,36,/,35,0,12,10.7,0879B234
970,MATH 081  81,BASIC MATH SKILLS,5,Sa,8:00 AM,LIB0215,Dorman ,24,/,25,0,8,7.7,0970B234
985,MATH 085  81,ALGEBRA II,5,Sa,8:00 AM,LIB0215,Dorman ,1,/,1,0,0.3,0.3,0970B234
1101,ESL 011  01,ESL - LEVEL 1A,12,MTWTh,8:00 AM,CAS0110,"Stofer, A ",0,/,25,0,0,0,1101B234
1103,ESL 012  01,ESL - LEVEL 1B,12,MTWTh,8:00 AM,CAS0110,"Stofer, A ",6,/,25,0,4.2,4.2,1101B234
1106,ESL 013  01,ESL - LEVEL 1C,12,MTWTh,8:00 AM,CAS0110,"Stofer, A ",11,/,25,0,8.4,8.4,1101B234
1109,ESL 021  01,ESL - LEVEL 2A,12,MTWTh,8:00 AM,RAH0221,"Chinn, D. ",19,/,30,0,12.4,12.4,1112B234
1112,ESL 022  01,ESL - LEVEL 2B,12,MTWTh,8:00 AM,RAH0221,"Chinn, D. ",10,/,30,0,7.5,7.5,1112B234
1130,ESL 051  01,ESL - LEVEL 5A,12,MTWTh,8:00 AM,RAH0216,"French, A ",26,/,33,0,20.8,20.8,1130B234
1132,ESL 052  01,ESL - LEVEL 5B,12,MTWTh,8:00 AM,RAH0216,"French, A ",5,/,33,0,4,4,1130B234
,,,,,,,,,,,,,,
Item,Course ID,Title,CR,Days,Time,Room,Instructor,Enrolled,,,Wait,FTES,,Cluster
,,,,,,,,,,,List,TOTAL,STATE,
1151,ESL 011  25,ESL - LEVEL 1A,12,MTWTh,6:00 PM,CAS0212,Silas ,6,/,25,0,4.8,4.8,1151B234
1153,ESL 012  25,ESL - LEVEL 1B,12,MTWTh,6:00 PM,CAS0110,Silas ,12,/,25,0,9,9,1151B234
1180,ESL 051  25,ESL - LEVEL 5A,12,MTWTh,6:00 PM,RSB0016,"Rathbun, K. ",20,/,30,0,16,16,1180B234
1182,ESL 052  25,ESL - LEVEL 5B,12,MTWTh,6:00 PM,RSB0016,"Rathbun, K. ",7,/,30,0,5.3,5.3,1180B234
1200,ESL 010  03,ESL - ORIA INTENSIVE 1,12,DAILY,9:00 AM,CAS0310,"Stern, C. ",5,/,25,0,4,4,1200B234
1201,ESL 020  03,ESL - ORIA INTENSIVE 2,12,DAILY,9:00 AM,CAS0310,"Stern, C. ",6,/,25,0,4.4,4.4,1200B234
1205,ESL 010  02,ESL 1 GATEWAY,8,MTWTh,11:00 AM,CAS0201,Williams A ,1,/,30,0,0.5,0.5,1206B234
1206,ESL 020  02,ESL 2 GATEWAY,8,MTWTh,11:00 AM,CAS0201,Williams A ,10,/,30,0,5.3,5.3,1206B234
1207,ESL 030  02,ESL 3 GATEWAY,8,MTWTh,11:00 AM,CAS0201,Williams A ,10,/,30,0,5.3,5.3,1206B234
1208,ESL 040  02,ESL 4 GATEWAY,8,MTWTh,11:00 AM,CAS0201,Williams A ,3,/,30,0,1.6,1.6,1206B234
1226,ESL 045  01,ESL READ/VOCABULARY 4,4,MTWTh,12:00 PM,CAS0202,"Farrelly, B ",13,/,30,0,3.5,3.5,1226B234
1228,ESL 055  01,ESL READ/VOCABULARY 5,4,MTWTh,12:00 PM,CAS0202,"Farrelly, B ",16,/,30,0,4.3,4.3,1226B234
1244,ESL 027  01,COMPUTER SKILLS ESL 2,4,MTWTh,12:00 PM,CAS0200,Dang J. T. ,3,/,30,0,0.8,0.8,1244B234
1245,ESL 037  01,COMPUTER SKILLS ESL 3,4,MTWTh,12:00 PM,CAS0200,Dang J. T. ,14,/,30,0,3.7,3.7,1244B234
1260,ESL 017  03,ESL - ORIA INTENS SKL 1,8,DAILY,9:00 AM,CAS0310,Dang J. T. ,5,/,25,0,2.7,2.7,1260B234
1261,ESL 027  03,ESL - ORIA INTENS SKL 2,8,DAILY,9:00 AM,CAS0310,Dang J. T. ,6,/,25,0,2.9,2.9,1260B234
1272,ESL 026  01,ESL SPEAK/LISTEN/PRON 2,4,MTWTh,11:00 AM,CAS0210,Bissonnette ,14,/,30,0,3.7,3.7,1272B234
1273,ESL 036  01,ESL SPEAK/LISTEN/PRON 3,4,MTWTh,11:00 AM,CAS0210,Bissonnette ,17,/,30,0,4.5,4.5,1272B234
1301,ESL 085  01,SURVEY OF ENG GRAMMAR 1,5,DAILY,9:00 AM,RSB0016,"Farrelly, B ",14,/,25,0,4.7,3.7,1304B234
1304,ESL 086  01,SURVEY OF ENG GRAMMAR 2,5,DAILY,9:00 AM,RSB0016,"Farrelly, B ",5,/,25,0,1.7,1.7,1304B234
,,,,,,,,,,,,,,
Item,Course ID,Title,CR,Days,Time,Room,Instructor,Enrolled,,,Wait,FTES,,Cluster
,,,,,,,,,,,List,TOTAL,STATE,
1302,ESL 095  01,COLLPREP/NONNATIV-WRITE1,5,DAILY,8:00 AM,RSB0016,"Farrelly, B ",13,/,25,0,4.3,3.7,1305B234
1305,ESL 097  01,COLLPREP/NONNATIV-WRITE2,5,DAILY,8:00 AM,RSB0016,"Farrelly, B ",13,/,25,0,4.3,4.3,1305B234
1401,ABE 031  01,ABE LEVEL 3 MATH,6,MTWTh,9:00 AM,CAS0312,"Lemley, J. ",21,/,30,0,8.4,8.4,1401B234
1402,ABE 041  01,ABE LEVEL 4 MATH,6,MTWTh,9:00 AM,CAS0312,"Lemley, J. ",1,/,30,0,0.4,0.4,1401B234
1405,ABE 032  01,ABE LEVEL 3 COMM,6,MTWTh,10:35 AM,CAS0312,"Lemley, J. ",19,/,30,0,7.6,7.6,1405B234
1406,ABE 042  01,ABE LEVEL 4 COMM,6,MTWTh,10:35 AM,CAS0312,"Lemley, J. ",7,/,30,0,2.8,2.8,1405B234
1424,ABE 031  25,ABE LEVEL 3 MATH,6,MW,6:00 PM,CAS0312,McDonough ,11,/,30,0,4.2,4.2,1424B234
1425,ABE 041  25,ABE LEVEL 4 MATH,6,MW,6:00 PM,CAS0312,McDonough ,2,/,30,0,0.8,0.8,1424B234
1427,ABE 061  25,ABE VI MATH,6,MW,6:00 PM,CAS0320,"Abeyta,A. ",6,/,30,0,2.4,2.4,1426B234
1426,GED 051  25,BASIC GED PREP MATH 5,6,MW,6:00 PM,CAS0320,"Abeyta,A. ",19,/,30,0,7.3,7.3,1426B234
1428,ABE 032  25,ABE LEVEL 3 COMM,6,TTh,6:00 PM,CAS0312,McDonough ,7,/,30,0,2.8,2.8,1428B234
1429,ABE 042  25,ABE LVL 4 COMM SKILLS,6,TTh,6:00 PM,CAS0312,McDonough ,16,/,30,0,6.4,6.4,1428B234
1431,ABE 062  25,ABE COMM.VI,6,TTh,6:00 PM,CAS0320,Harness ,4,/,30,0,1.6,1.6,1430B234
1430,GED 052  25,BASIC GED PREP COMM 5,6,TTh,6:00 PM,CAS0320,Harness ,20,/,30,0,8,8,1430B234
1435,ABE 031  50,ABE LEVEL 3 MATH,4,MTWTh,9:00 AM,NEH0205,"Kindzia, B. ",10,/,25,0,2.7,2.7,1435B234
1436,ABE 041  50,ABE LEVEL 4 MATH,4,MTWTh,9:00 AM,NEH0205,"Kindzia, B. ",14,/,25,0,3.6,3.6,1435B234
1441,ABE 061  50,ABE MATH VI,4,TWTh,9:00 AM,NEH0205,"Kindzia, B. ",0,/,25,0,0,0,1435B234
1437,GED 051  50,BASIC GED PREP MATH 5,4,MTWTh,9:00 AM,NEH0205,"Kindzia, B. ",1,/,25,0,0.3,0.3,1435B234
1438,ABE 032  50,ABE LEVEL 3 COMM,8,MTWTh,10:00 AM,NEH0205,"Kindzia, B. ",3,/,25,0,1.6,1.6,1438B234
1439,ABE 042  50,ABE LEVEL 4 COMM SKILLS,8,MTWTh,10:00 AM,NEH0205,"Kindzia, B. ",11,/,25,0,5.5,5.5,1438B234
,,,,,,,,,,,,,,
Item,Course ID,Title,CR,Days,Time,Room,Instructor,Enrolled,,,Wait,FTES,,Cluster
,,,,,,,,,,,List,TOTAL,STATE,
1442,ABE 062  50,ABE COMM. VI,8,MTWTh,10:00 AM,NEH0205,"Kindzia, B. ",0,/,25,0,0,0,1438B234
1440,GED 052  50,BASIC GED PREP COMM 5,8,MTWTh,10:00 AM,NEH0205,"Kindzia, B. ",15,/,25,0,8,8,1438B234
2306,AUT 100  IBS,INTRO TO ELECTRICITY,4,DAILY,7:00 AM,AUT0129,Amesquita ,13,/,20,0,6.1,6.1,2300B234
2302,AUT 100  01,INTRO TO ELECTRICITY,4,DAILY,7:00 AM,AUT0129,Amesquita ,0,/,20,0,0,0,2300B234
2333,AUT 134  01,INTRO TO DRIVEABILITY,3,DAILY,7:00 AM,AUT0129,Amesquita ,0,/,20,0,0,0,2300B234
2334,AUT 134  IBS,INTRO TO DRIVEABILITY,3,DAILY,7:00 AM,AUT0129,Amesquita ,13,/,20,0,4.6,4.6,2300B234
2300,MVM 100  01,INTRO TO AUTOMOTIVE I,4,DAILY,7:00 AM,AUT0129,Amesquita ,0,/,20,0,0,0,2300B234
2304,MVM 100  IBS,INTRO TO AUTOMOTIVE I,4,DAILY,7:00 AM,AUT0129,Amesquita ,13,/,20,0,6.1,6.1,2300B234
2301,MVM 102  01,INTRO TO AUTOMOTIVE II,4,DAILY,7:00 AM,AUT0129,Amesquita ,0,/,20,0,0,0,2300B234
2305,MVM 102  IBS,INTRO TO AUTOMOTIVE II,4,DAILY,7:00 AM,AUT0129,Amesquita ,13,/,20,0,6.1,6.1,2300B234
2310,AUT 102  01,ADV ELECTRICAL SYSTEMS,4,DAILY,7:00 AM,AUT0106,"Andersen, H ",19,/,20,0,5.1,5.1,2310B234
2311,AUT 104  01,AUTOMOTIVE ELECTRONICS,3,DAILY,7:00 AM,AUT0106,"Andersen, H ",19,/,20,0,3.8,3.8,2310B234
2312,AUT 106  01,BASIC POWER ACCESSORIES,3,DAILY,7:00 AM,AUT0106,"Andersen, H ",19,/,20,0,3.8,3.8,2310B234
2317,AUT 116  01,AIR CONDITIONING & HEAT,6,DAILY,7:00 AM,AUT0106,"Andersen, H ",19,/,20,0,7.6,7.2,2310B234
2313,AUT 112  01,MANUAL TRANSAXLES CLUTCH,3,DAILY,7:00 AM,AUT0128,Hughes ,25,/,20,0,5,5,2315B234
2314,AUT 114  01,"MAN TRANSMISSIONS, TRANS",3,DAILY,7:00 AM,AUT0128,Hughes ,25,/,20,0,5,5,2315B234
2315,AUT 118  01,"AUTO TRANS, DIAGNO & SVC",4,DAILY,7:00 AM,AUT0128,Hughes ,25,/,20,0,6.7,6.7,2315B234
2316,AUT 120  01,ADV AUTO TRANS SERVICE,6,DAILY,7:00 AM,AUT0128,Hughes ,25,/,20,0,10,10,2315B234
2350,AUT 299  01,SPEC TOPICS:AUTOMOTIVE,18,Arr,AR:R M,TBA,Hughes ,9,/,20,0,2.3,2.3,2315B234
2320,AUT 122  01,STEERING & SUSPENSION,4,DAILY,12:30 PM,AUT0129,Hughes ,11,/,20,0,2.9,2.9,2320B234
,,,,,,,,,,,,,,
Item,Course ID,Title,CR,Days,Time,Room,Instructor,Enrolled,,,Wait,FTES,,Cluster
,,,,,,,,,,,List,TOTAL,STATE,
2321,AUT 124  01,TIRES & WHEEL ALIGNMENT,4,DAILY,12:30 PM,AUT0129,Hughes ,11,/,20,0,2.9,2.9,2320B234
2322,AUT 126  01,BASIC BRAKE SYSTEMS,3,DAILY,12:30 PM,AUT0129,Amesquita ,11,/,20,0,2.2,2.2,2320B234
2323,AUT 127  01,ADVANCED BRAKE SYSTEMS,4,DAILY,12:30 PM,AUT0129,Amesquita ,11,/,20,0,2.9,2.9,2320B234
2700,HDM 107  01,HYDRAULICS & PNEUMATICS,9,DAILY,7:00 AM,HDM0204,Clapper D ,21,/,20,0,12.6,12.6,2700B234
2705,HDM 127  01,DRIVE TRAIN,8,DAILY,7:00 AM,HDM0204,Clapper D ,21,/,20,0,11.2,11.2,2700B234
2760,HDM 171  02,LIFT TRUCK OPERATOR,2,DAILY,12:00 PM,HDM0204,Clapper D ,15,/,20,0,2,0,2700B234
2710,HDM 191  01,ADVANCED GASOLINE ENGINE,4,DAILY,7:00 AM,TEC0106,"Ruiz, J. ",19,/,20,0,5.1,4.5,2710B234
2715,HDM 193  01,HVAC,6,DAILY,7:00 AM,TEC0106,"Ruiz, J. ",19,/,20,0,7.6,6.8,2710B234
2720,HDM 201  01,SHOP PRACTICES,6,DAILY,7:00 AM,TEC0106,"Ruiz, J. ",18,/,20,0,7.2,7.2,2710B234
3120,BMK 101  01,BMK BASIC I,6,MW,4:00 PM,DWB0122,"Bosco, J ",7,/,7,0,2.8,2.8,3120B234
3121,BMK 102  01,BOILER MAKERS BASIC II,6,MW,4:00 PM,DWB0122,"Bosco, J ",1,/,5,0,0.4,0.4,3120B234
3122,BMK 103  01,BOILER MAKERS INTER. I,6,MW,4:00 PM,DWB0122,"Bosco, J ",2,/,5,0,0.8,0.8,3120B234
3125,BMK 106  01,BMK ADV. II,6,MW,4:00 PM,DWB0122,"Bosco, J ",1,/,5,0,0.4,0.4,3120B234
3126,BMK 107  01,BMK WELDING BASIC,6,MW,4:00 PM,DWB0122,"Gosser, F ",3,/,5,0,1.2,1.2,3120B234
3127,BMK 108  01,BMK WELDING INTER.,6,MW,4:00 PM,DWB0122,"Gosser, F ",1,/,5,0,0.4,0.4,3120B234
3128,BMK 109  01,BMK WELDING ADV,6,MW,4:00 PM,DWB0122,"Gosser, F ",3,/,5,0,1.2,1.2,3120B234
3156,WAR 175  06,GLAZIERS 3RD & 4TH YR,4,Th,5:30 PM,DWB0122,"Nannery, J ",2,/,5,0,0.5,0.5,3156B234
3255,EAR 163  16,PSE 1ST YR METER,4,T,5:00 PM,OFFD001,"Miller, Jame",2,/,10,0,0.5,0.5,3255B234
3256,EAR 163  17,SNOPUD 1ST YR METER,4,T,5:00 PM,OFFD001,"Miller, Jame",2,/,10,0,0.5,0.5,3255B234
3257,EAR 163  18,PSE 3RD WIRE APPRENTICES,4,Th,5:00 PM,OFFD001,Amundson ,2,/,10,0,0.5,0.5,3257B234
,,,,,,,,,,,,,,
Item,Course ID,Title,CR,Days,Time,Room,Instructor,Enrolled,,,Wait,FTES,,Cluster
,,,,,,,,,,,List,TOTAL,STATE,
3258,EAR 163  19,SNOPUD 4TH WIRE APPREN,4,Th,5:00 PM,OFFD001,Amundson ,2,/,10,0,0.5,0.5,3257B234
3280,MAR 151  01,SPRINKLER FITTERS 3RD YR,5,TTh,5:00 PM,GTB0118,"Brooks, C ",6,/,20,0,2,2,3280B234
3351,IFS 100  02,IFS/CPR/AED FT INSTRUCT,1,TW,5:00 PM,DWA0112,Palmer ,5,/,10,0,0.3,0.3,3350B234
3350,IFS 105  01,IFS / CPR / AED,1,TW,5:00 PM,DWB0102,Palmer ,4,/,10,0,0.3,0.3,3350B234
3801,ESL 011  50,ESL - LEVEL 1A,12,MTWTh,9:00 AM,NEH0202,"Johnston, L ",7,/,26,0,5.6,5.6,3801B234
3803,ESL 012  50,ESL - LEVEL 1B,12,MTWTh,9:00 AM,NEH0202,"Johnston, L ",15,/,26,0,12,12,3801B234
3805,ESL 013  50,ESL - LEVEL 1C,12,MTWTh,9:00 AM,NEH0204,Bellows-Roch,7,/,30,0,5.6,5.6,3805B234
3807,ESL 021  50,ESL - LEVEL 2A,12,MTWTh,9:00 AM,NEH0204,Bellows-Roch,13,/,30,0,10.4,10.4,3805B234
3809,ESL 022  50,ESL - LEVEL 2B,12,MTWTh,9:00 AM,NEH0203,"Newman, S. ",10,/,30,0,8,8,3809B234
3811,ESL 023  50,ESL - LEVEL 2C,12,MTWTh,9:00 AM,NEH0203,"Newman, S. ",20,/,30,0,15.3,15.3,3809B234
3813,ESL 031  50,ESL - LEVEL 3A,12,MTWTh,9:00 AM,NEH0206,"Clark, E. S.",16,/,30,0,12.8,12.8,3813B234
3815,ESL 032  50,ESL - LEVEL 3B,12,MTWTh,9:00 AM,NEH0206,"Clark, E. S.",10,/,30,0,7.9,7.9,3813B234
3833,ESL 026  50,ESL SPEAK/LISTEN/PRON 2,2,MT,12:00 PM,NEH0205,"Miller, T. ",11,/,25,0,1.5,1.5,3833B234
3834,ESL 036  50,ESL SPEAK/LISTEN LEV 3,2,MT,12:00 PM,NEH0205,"Miller, T. ",8,/,25,0,1.1,1.1,3833B234
3840,ESL 011  55,ESL LIT - LEVEL 1A,12,MTWTh,6:00 PM,NEH0206,Ferguson ,7,/,22,0,5.6,5.6,3840B234
3842,ESL 012  55,ESL LIT - LEVEL 1B,12,MTWTh,6:00 PM,NEH0206,Ferguson ,8,/,22,0,6.4,6.4,3840B234
3844,ESL 013  55,ESL - LEVEL 1C,12,MTWTh,6:00 PM,NEH0203,Johnson J. ,12,/,30,0,9.6,9.6,3844B234
3846,ESL 021  55,ESL - LEVEL 2A,12,MTWTh,6:00 PM,NEH0203,Johnson J. ,13,/,30,0,10.2,10.2,3844B234
3847,ESL 021  56,ESL LIT - LEVEL 2A,12,MTWTh,6:00 PM,NEH0205,Fujimoto ,5,/,28,0,3.3,3.3,3848B234
3848,ESL 022  55,ESL - LEVEL 2B,12,MTWTh,6:00 PM,NEH0205,Fujimoto ,19,/,28,0,15.2,15.2,3848B234
,,,,,,,,,,,,,,
Item,Course ID,Title,CR,Days,Time,Room,Instructor,Enrolled,,,Wait,FTES,,Cluster
,,,,,,,,,,,List,TOTAL,STATE,
3852,ESL 031  55,ESL - LEVEL 3A,12,MTWTh,6:00 PM,NEH0204,Buschhoff ,28,/,35,0,22.4,22.4,3852B234
3854,ESL 032  55,ESL - LEVEL 3B,12,MTWTh,6:00 PM,NEH0204,Buschhoff ,5,/,35,0,4,4,3852B234
3875,ESL 010  60,ESL 1,12,MTWTh,6:00 PM,GTNB116,Bart ,3,/,41,0,2.4,2.4,3877B234
3877,ESL 020  61,ESL 2,12,MTWTh,6:00 PM,GTNB117,Bart ,15,/,41,0,12,12,3877B234
3878,ESL 030  60,ESL 3,12,MTWTh,6:00 PM,GTNB117,Bart ,13,/,41,0,10.4,10.4,3877B234
3879,ESL 040  60,ESL 4,12,MTWTh,6:00 PM,GTNB117,Bart ,8,/,41,0,6.1,6.1,3877B234
5102,CSC 100  02,BEGINNING COMPUTERS,5,DAILY,8:00 AM,TEC0122,Abram ,18,/,20,0,6,5,5102B234
9900,CSC 100  70,BEGINNING COMPUTERS,5,Online,-,-,Abram ,11,/,20,0,3.7,3.3,5102B234
5109,CTN 120  01,DATABASES I,5,MWF,10:00 AM,TEC0133C,"Koepke, C. ",15,/,25,0,5,4.3,5109B234
9905,CTN 120  70,DATABASES I,5,Online,-,-,"Koepke, C. ",10,/,25,0,3.3,3,5109B234
9910,CTN 131  70,INTO TO COMPUTER PROGRAM,5,Online,-,-,Joubert ,8,/,25,0,2.7,2.7,5110B234
5110,CTN 131  01,INTO TO COMPUTER PROGRAM,5,TThF,10:00 AM,TEC0118,Joubert ,13,/,25,0,4.3,4.3,5110B234
5120,CTN 160  01,WEB PRODUCTION I,5,TThF,8:00 AM,TEC0118,Joubert ,7,/,25,0,2.3,2,5120B234
9925,CTN 160  70,WEB PRODUCTION I,5,Online,-,-,Joubert ,8,/,25,0,2.7,2.7,5120B234
5751,WFT 124  01,GMAW Gas Metal Arc Wldg.,6,DAILY,7:00 AM,WWB0101,Weber ,13,/,20,0,5.2,5.2,5742B234
5755,WFT 125  01,FCAW Flux Core Metal Arc,6,DAILY,7:00 AM,WWB0101,Weber ,13,/,20,0,5.2,5.2,5742B234
5759,WFT 127  01,GTAW Gas Tungsten Arc,6,DAILY,7:00 AM,WWB0101,Weber ,8,/,20,0,3.2,3.2,5742B234
5761,WFT 128  01,FABRICATION/CAC-A/PAC,6,DAILY,7:00 AM,WWB0101,Weber ,8,/,20,0,3.2,3.2,5742B234
5786,WFT 197  DKP,INDUSTRY INTERNSHIP,3,Arr,AR:R M,TEC0140,"Park, D. ",6,/,20,0,1.2,1.2,5742B234
5785,WFT 220  01,PIPE(SMAW)Shielded Metal,7,DAILY,7:00 AM,WWB0101,Weber ,2,/,20,0,0.9,0.9,5742B234
,,,,,,,,,,,,,,
Item,Course ID,Title,CR,Days,Time,Room,Instructor,Enrolled,,,Wait,FTES,,Cluster
,,,,,,,,,,,List,TOTAL,STATE,
5787,WFT 227  01,ADVANCED FABRICATION 1,8,DAILY,7:00 AM,WWB0101,Weber ,2,/,20,0,1.1,1.1,5742B234
5788,WFT 228  01,PIPE(SMAW)GasTungstenArc,7,DAILY,7:00 AM,WWB0101,Weber ,5,/,20,0,2.3,2.3,5742B234
5831,WFT 120  02,INTRO.WELDING(OXY/SMAW),6,DAILY,6:00 PM,WWB0101,"Brown, Ocie ",7,/,20,0,2.8,2.8,5831B234
5832,WFT 121  02,SMAW Shielded Metal Arc,6,DAILY,6:00 PM,WWB0101,"Brown, Ocie ",7,/,20,0,2.8,2.8,5831B234
5834,WFT 124  02,GMAW Gas Metal Arc Wldg.,6,DAILY,6:00 PM,WWB0101,"Brown, Ocie ",8,/,20,0,3.2,3.2,5831B234
5835,WFT 125  02,FCAW Flux Core Metal Arc,6,DAILY,6:00 PM,WWB0101,"Brown, Ocie ",10,/,20,0,4,4,5831B234
5837,WFT 127  02,GTAW Gas Tungsten Arc,6,DAILY,6:00 PM,WWB0101,"Brown, Ocie ",6,/,20,0,2.4,2.4,5831B234
5838,WFT 128  02,FABRICATION/CAC-A/PAC,6,DAILY,6:00 PM,WWB0101,"Brown, Ocie ",5,/,20,0,2,2,5831B234
5839,WFT 220  02,PIPE(SMAW)Shielded Metal,7,DAILY,6:00 PM,WWB0101,"Brown, Ocie ",1,/,20,0,0.5,0.5,5831B234
5840,WFT 227  02,ADVANCED FABRICATION 1,8,DAILY,6:00 PM,WWB0101,"Brown, Ocie ",2,/,20,0,1.1,1.1,5831B234
5841,WFT 228  02,PIPE(SMAW)GasTungstenArc,7,DAILY,6:00 PM,WWB0101,"Brown, Ocie ",1,/,20,0,0.5,0.5,5831B234
6106,ENGR&111  01,ENGINEERING GRAPHICS 1,4,MWF,9:00 AM,CAS0300B,Nguyen Loc H,4,/,24,0,1.1,0.8,5900B234
6108,ENGR&112  01,ENGINEERING GRAPHICS 2,4,MWF,9:00 AM,CAS0300B,Nguyen Loc H,0,/,24,0,0,0,5900B234
5900,TDR 121  01,DRAFTING TECHNOLOGY I,4,MWF,9:00 AM,CAS0300B,Nguyen ,16,/,20,0,4.3,4.3,5900B234
5901,TDR 123  01,DRAFTING TECHNOLOGY II,4,MWF,9:00 AM,CAS0300B,Nguyen ,3,/,20,0,0.8,0.8,5900B234
5905,TDR 125  01,DRAFTING TECHNOLOGY III,4,MWF,9:00 AM,CAS0300B,Nguyen Loc H,8,/,20,0,2.1,1.9,5900B234
5902,TDR 179  01,CAD - MECHANICAL,4,MWF,9:00 AM,CAS0300A,Nguyen ,1,/,20,0,0.3,0.3,5900B234
5913,TDR 272  01,APPLIED MECHANICS II,4,DAILY,8:00 AM,CAS0300B,Nguyen ,4,/,20,0,1.1,1.1,5900B234
5910,TDR 126  01,SPACE GEOMETRY,4,MW,1:00 PM,CAS0300B,Nguyen ,1,/,20,0,0.3,0.3,5910B234
5931,TDR 129  01,INDUSTRIAL BLUEPRINT REA,3,MW,2:00 PM,CAS0300B,Nguyen ,4,/,20,0,0.8,0.8,5910B234
,,,,,,,,,,,,,,
Item,Course ID,Title,CR,Days,Time,Room,Instructor,Enrolled,,,Wait,FTES,,Cluster
,,,,,,,,,,,List,TOTAL,STATE,
5950,TDR 298  01,SPECIAL TOPICS DFTNG,5,DAILY,11:30 AM,CAS0300B,Nguyen ,7,/,20,0,2.3,2.3,5910B234
5962,ENGR 299  01,INDEPENDENT STUDY,5,TTh,1:00 PM,CAS0300B,Nguyen Loc H,1,/,24,0,0,0,5912B234
5912,TDR 236  01,DESIGN PROJECT CONSIDERA,1,TTh,1:00 PM,CAS0300B,Nguyen ,5,/,20,0,0.3,0.3,5912B234
5911,TDR 238  01,DESIGN PROJECT II,2,TTh,1:00 PM,CAS0300B,Nguyen Loc H,4,/,20,0,0.5,0.5,5912B234
5932,TDR 280  01,GEOMETRIC DIMEN.& TOLER.,4,TTh,1:00 PM,CAS0300,Nguyen Loc H,8,/,20,0,2.1,1.9,5912B234
5942,TDR 131  02,INTRODUCTION TO CAD 2-D,4,TTh,9:00 AM,CAS0300A,Nguyen ,7,/,20,0,1.9,1.9,5960B234
5921,TDR 133  02,INTERMEDIATE CAD 2-D,4,TTh,9:00 AM,CAS0300A,Nguyen ,4,/,20,0,1.1,1.1,5960B234
5906,TDR 135  01,AUTOCAD 3-D MODELING,4,TTh,9:00 AM,CAS0300A,Nguyen Loc H,11,/,20,0,2.9,2.7,5960B234
5960,TDR 231  01,ADVANCED CAD 3-D,4,TTh,9:00 AM,CAS0300A,Nguyen ,1,/,20,0,0.3,0.3,5960B234
6117,ENGR&225  01,MECHANICS OF MATERIALS,5,DAILY,8:00 AM,UNI0203,"Lyman, H. ",16,/,24,0,5.3,4.7,6117B234
6300,BUS& 101  01,INTRODUCTION TO BUSINESS,5,HYBRID - DAILY,12:00 PM,OLY0104,"Horan, J ",20,/,25,0,6.7,6,6300B234
6305,BUS 104  01,KEYBOARDING,3,DAILY,9:00 AM,OLY0202,Yedlin ,10,/,12,0,2,1.6,6308B234
6306,BUS 106  02,KEYBOARDING/SKILLBUILD,3,DAILY,9:00 AM,OLY0203,Yedlin ,5,/,6,0,1,0.8,6308B234
6307,BUS 115  01,COMPUTATIONAL SKILLBUILD,2,DAILY,9:00 AM,0LY0203,Yedlin ,4,/,6,0,0.5,0.5,6308B234
6308,BUS 170  01,INFORMATION TECH I,4,DAILY,9:00 AM,OLY0203,Yedlin ,4,/,12,0,1.1,1.1,6308B234
6320,BUS 169  01,USING COMPUTERS IN BUS I,5,DAILY,10:00 AM,OLY0205,"Haran, S ",14,/,25,0,4.7,4.7,6320B234
9965,BUS 169  70,USING COMPUTERS IN BUS I,5,Online,-,-,"Haran, S ",10,/,25,0,3.3,3,6320B234
9903,BUS 179  70,WORD PROCESSING,5,Online,-,-,"Peterson, R.",14,/,25,0,4.7,4.7,6330B234
6330,BUS 179  01,WORD PROCESSING,5,DAILY,9:00 AM,OLY0104,"Peterson, R.",7,/,25,0,2.3,2.3,6330B234
9902,BUS 177  70,SPREADSHEETS,5,Online,-,-,"Horan, J ",11,/,25,0,3.7,3.7,6335B234
,,,,,,,,,,,,,,
Item,Course ID,Title,CR,Days,Time,Room,Instructor,Enrolled,,,Wait,FTES,,Cluster
,,,,,,,,,,,List,TOTAL,STATE,
6335,BUS 177  01,SPREADSHEETS,5,DAILY,9:00 AM,OLY0205,"Horan, J ",9,/,25,0,3,2.7,6335B234
6370,BUS 104  02,KEYBOARDING,3,DAILY,10:00 AM,OLY0203,"Peterson, R.",13,/,12,0,2.6,2.2,6373B234
6371,BUS 106  02,KEYBOARDING/SKILLBUILD,3,DAILY,10:00 AM,OLY0203,"Peterson, R.",4,/,6,0,0.8,0.8,6373B234
6372,BUS 115  02,COMPUTATIONAL SKILLBUILD,2,DAILY,10:00 AM,OLY0203,"Peterson, R.",3,/,6,0,0.4,0.4,6373B234
6373,BUS 170  02,INFORMATION TECH I,4,DAILY,10:00 AM,OLY0203,"Peterson, R.",6,/,12,0,1.6,1.3,6373B234
7901,ENGL 103  02,TRANSITIONAL ENGLISH,5,HYBRID - MTTh,12:00 PM,TEC0122,Bourret ,3,/,24,0,1,1,7901B234
7911,ENGL 105  02,APPLIED COMPOSITION,3,HYBRID - MTTh,12:00 PM,TEC0122,Bourret ,12,/,24,0,2.4,2,7901B234
7902,ENGL 106  03,TECHNICAL WRITING,3,HYBRID - MWF,12:00 PM,TEC0122,Bourret ,7,/,24,0,1.4,1.4,7901B234
7921,ICT 103  02,COMPUTER APPLICATIONS I,2,HYBRID - WF,12:00 PM,TEC0122,Bourret ,10,/,24,0,1.3,1.2,7901B234
7903,ENGL 103  03,TRANSITIONAL ENGLISH,5,HYBRID - MTTh,2:00 PM,OLY0104,Bourret ,0,/,24,0,0,0,7903B234
7913,ENGL 105  03,APPLIED COMPOSITION,3,HYBRID - MTTh,2:00 PM,OLY0104,Bourret ,5,/,24,0,1,1,7903B234
4139,ENGL 105  10,APPLIED COMPOSITION,3,HYBRID - MTTh,2:00 PM,OLY0104,Bourret ,1,/,30,0,0.2,0.2,7903B234
7932,ENGL 106  03,TECHNICAL WRITING,3,HYBRID - MWF,2:00 PM,OLY0104,Bourret ,4,/,24,0,0.8,0.6,7903B234
7933,ICT 103  03,COMPUTER APPLICATIONS I,2,HYBRID - WF,2:00 PM,OLY0104,Bourret ,5,/,24,0,0.7,0.7,7903B234
9807,ENGL 103  70,TRANSITIONAL ENGLISH,5,Online,-,-,Bourret ,0,/,24,0,0,0,9807B234
9820,ENGL 105  70,APPLIED COMPOSITION,3,Online,-,-,Bourret ,9,/,24,0,1.8,1.8,9807B234
9809,ENGL 106  70,TECHNICAL WRITING,3,Online,-,-,Bourret ,13,/,24,0,2.6,2.6,9807B234
9836,ENGL 108  70,TECHNICAL REPORT WRITING,3,Online,-,-,Bourret ,4,/,24,0,0.8,0.8,9807B234
9808,ICT 103  70,COMPUTER APPLICATIONS I,2,Online,-,-,Bourret ,7,/,24,0,0.9,0.9,9807B234
9824,BUS 210  70,BUS & ECONOMIC STATISTIC,5,Online,-,-,Post F. ,13,/,12,0,4.3,4.3,9824B234
,,,,,,,,,,,,,,
Item,Course ID,Title,CR,Days,Time,Room,Instructor,Enrolled,,,Wait,FTES,,Cluster
,,,,,,,,,,,List,TOTAL,STATE,
9826,MATH&146  70,INTRODUCTION TO STATS,5,Online,-,-,Post F. ,40,/,25,0,13.3,13.3,9824B234
9831,ENGL&101  70,ENGLISH COMPOSITION I,5,Online,-,-,Walsh ,6,/,25,0,2,2,9828B234
9828,ENGL&101  70,ENGLISH COMPOSITION I,5,Online,-,-,Walsh ,20,/,25,0,6.7,5.7,9828B234
9846,HIST&127  70,WORLD CIVILIZATIONS II,5,Online,-,-,Bush ,26,/,30,0,8.7,7.7,9846B234
9870,MATH 110  70,APPL MATH TECH- AUTO,3,Online,-,-,Alsup ,20,/,25,0,4,3.8,9870B234
9871,MATH 110  70,APPL MATH TECH - FOODS,3,Online,-,-,Alsup ,4,/,25,0,0.8,0.6,9870B234
9872,MATH 110  70,APPL MATH TECH - LHO,3,Online,-,-,Alsup ,3,/,25,0,0.6,0.6,9870B234
9881,MATH 084  70,ALGEBRA I,5,Online,-,-,Zou ,7,/,25,0,2.3,2.3,9881B234
9882,MATH 085  70,ALGEBRA II,5,Online,-,-,Zou ,16,/,25,0,5.3,5,9881B234
9885,MATH 116  70,APPL MATH TO MGT LIFE SC,5,Online,-,-,Zou ,14,/,25,0,4.7,3,9885B234
9873,MATH&148  70,BUSINESS CALCULUS,5,Online,-,-,Zou ,14,/,25,0,4.7,4.3,9885B234
9898,MATH&131  70,MATH FOR ELEM ED 1,5,Online,-,-,Post F. ,31,/,38,0,10.3,10,9898B234
9899,MATH&132  70,MATH FOR ELEM ED 2,5,Online,-,-,Post F. ,12,/,25,0,4,3,9898B234
,,,,,,,,,,,,,,
Non-Clustered Class Summary:,,,,,,,,,,,,,,
Total Open Classes: 464,,,,,,,,,,,,,,
,,,,,,,,,,,,,,
Total Cancelled Classes: 0,,,,,,,,,,,,,,
"Total Enrolled in Classes: 8,591",,,,,,,,,,,,,,
Average Class Enrollment: 19 (cancelled classes not factored),,,,,,,,,,,,,,
,,,,,,,,,,,,,,
FTES,,,,,,,,,,,,,,
"Total FTES: 2,935.8",,,,,,,,,,,,,,
"Total State-Funded FTES: 2,653.1",,,,,,,,,,,,,,
,,,,,,,,,,,,,,
,,,,,,,,,,,,,,
Clustered Class Summary:,,,,,,,,,,,,,,
Total Open Clusters: 120,,,,,,,,,,,,,,
,,,,,,,,,,,,,,
Total Cancelled Classes: 0,,,,,,,,,,,,,,
"Total Enrolled in Classes: 3,142",,,,,,,,,,,,,,
Average Class Enrollment: 26 (cancelled classes not factored),,,,,,,,,,,,,,
,,,,,,,,,,,,,,
FTES,,,,,,,,,,,,,,
"Total FTES: 1,137.1",,,,,,,,,,,,,,
"Total State-Funded FTES: 1,035.8",,,,,,,,,,,,,,
