SUMMER 13 : 10/17/2013 11:52:33 AM,,,,,,,,,,,,,,,
,,,,,,,,,,,,,,,
Report Title: All Classes ,,,,,,,,,,,,,,,
,,,,,,,,,,,,,,,
Non-Clustered Classes: ,,,,,,,,,,,,,,,
Item,Course ID,Title,CR,Days,Class Time,,Room,Instructor,Enrolled,,,Wait,FTES,,
,,,,,Start,End,,,,,,List,TOTAL,STATE,
5325,ABE 070  02,ORIEN/INT,1,MTWTh,5:00 PM,8:00 PM,BE 3115,Gribos ,29,/,25,0,1.9,1.9,
5324,ABE 070  01,ORIEN/INT,1,MTWTh,9:00 AM,12:00 PM,BE 3115,"Danz, eileen",16,/,25,0,1.1,1.1,
5326,ABE 070  03,ORIEN/INT,1,MTWTh,9:00 AM,12:00 PM,BE 3140,"Leung,ellen ",11,/,25,0,0.7,0.7,
4399,ABS 399  01,IND STUDY AND RESEARCH,5,Arr,AR:R M,: M,BE 3220,Sullivan ,2,/,30,0,0.7,0.7,
4415,ABS 415  01,CROSS CULTRL COMPETENCY,5,MW,5:30 PM,9:00 PM,SAM0104,Hackett ,14,/,30,0,4.7,4.3,
4420,ABS 420  01,MULTICULTURAL ARTISTIC,5,TTh,5:30 PM,9:00 PM,,Cancel 6/12 ,0,/,25,0,0,0,
4499,ABS 499  01,IND STUDY AND RESEARCH,5,Arr,AR:R M,: M,BE 3220,Sullivan ,0,/,30,0,0,0,
1,ACCT&201  01,PRIN OF ACCOUNTING I,5,Other,9:40 AM,11:10 AM,BE 4106,"Black, claud",32,/,28,0,10.7,2.7,
2,ACCT&201  02,PRIN OF ACCOUNTING I,5,TTh,5:45 PM,9:00 PM,BE 3212,Maxwell ,25,/,31,0,8.3,5,
9100,ACCT&201  OL,PRIN OF ACCOUNTING I,5,Online,-,-,-,"Harmer, tom ",16,/,25,0,5.3,3.3,
9106,ACCT&203  OL,PRIN OF ACCOUNTING III,5,Online,-,-,-,Black ,25,/,25,0,8.3,2,
3,ACCT&203  01,PRIN OF ACCOUNTING III,5,MTW,8:00 AM,9:30 AM,,Cancel 6/10 ,0,/,28,0,0,0,
3001,AHE 111  01,NURSING ASSISTANT,12,MTWTh,4:00 PM,9:30 PM,BE 3201,"Ryland, m. ",24,/,30,0,19.2,17.6,
3010,AHE 111  HCY,NURSING ASSISTANT,12,MTWTh,9:30 AM,3:30 PM,BE 4166,"Ryland, m. ",20,/,20,0,16,16,
3544,AHE 126  CST,ESSENTIAL SKILLS HEALTHC,2,MW,8:00 AM,7:00 PM,BE 3188,"Koegel, mike",18,/,20,0,2.4,2.3,
3542,AHE 126  RCP,ESSENTIAL SKILLS HEALTHC,2,T,8:00 AM,7:00 PM,BE 3224,"Koegel, mike",14,/,20,0,1.9,1.7,
3016,AHE 126  HCY,ESSENTIAL SKILLS HEALTHC,2,Arr,: M,: M,BE 3215B,"Koegel,mike ",20,/,24,0,2.7,2.7,
3565,AHE 140  01,CENTRAL SUPPLY/INSTR TCH,10,TTh,8:30 AM,2:30 PM,BE 3188,"Whitsitt, j.",20,/,20,0,13.3,13.3,
9112,AHE 150  OL,HIV/AIDS EDUCATION,0,Arr,AR:R M,AR:R M,-,"Kelley,linda",26,/,25,1,0.9,0.7,
3545,AHE 151  01,STANDARD PRECAUTIONS/FA,1,M,8:00 AM,7:00 PM,BE 3188,"Koegel, mike",1,/,9,0,0.1,0,
,,,,,,,,,,,,,,,
Item,Course ID,Title,CR,Days,Class Time,,Room,Instructor,Enrolled,,,Wait,FTES,,
,,,,,Start,End,,,,,,List,TOTAL,STATE,
3567,AHE 195  01,PATHOPHYS FOR HLTH PROF.,4,MTTh,8:00 AM,10:00 AM,,Cancel 5/18 ,0,/,30,0,0,0,
7765,AHE 197  01,WK.EXP: ALLIED HEALTH,5,Arr,AR:R M,AR:R M,-,"Kato,karen ",0,/,20,0,0,0,
7770,AHE 198  01,WK.EXP: ALLIED HEALTH,5,Arr,AR:R M,AR:R M,-,"Kato,karen ",0,/,20,0,0,0,
7775,AHE 199  01,WK.EXP: ALLIED HEALTH,5,Arr,AR:R M,AR:R M,-,"Kato, karen ",0,/,20,0,0,0,
9115,ANTH&100  OL,SURVEY OF ANTHROPOLOGY,5,Online,-,-,-,"Krieg, kate ",24,/,25,0,8,5,
1466,ANTH&205  01,BIOLOGICAL ANTHROPOLOGY,5,MTWTh,11:20 AM,12:50 PM,BE 4105,"Al-madani,m.",26,/,35,0,8.7,6.3,
1475,ANTH&206  01,IS-CULTURAL ANTHROPOLOGY,5,MTWTh,9:40 AM,11:10 AM,BE 4105,"Al-madani,m.",26,/,35,0,8.7,6.7,
1487,ANTH 299  01,SPECIAL PROJECTS/ANTHRO,5,Arr,AR:R M,AR:R M,BE 4128,Lane bradley,1,/,5,0,0.3,0.3,
1901,APPRL096  01,AD&D SKILL DEVELOPMENT 1,2,T,2:00 PM,5:00 PM,BE 1149,Toler-scott ,13,/,20,0,1.7,1.5,
1902,APPRL100  01,AD&D SKILL DEVELOPMENT 3,2,T,6:00 PM,9:00 PM,BE 1149,Toler-scott ,15,/,20,0,2,1.9,
7760,APPRL197  01,WK.EXP: APPAREL DESIGN,5,Arr,AR:R M,AR:R M,-,"Kato,karen ",2,/,30,0,0.3,0.3,
550,ART& 100  HY,ART APPRECIATION,5,TTh,9:40 AM,11:10 AM,FA 0302,Tanzi ,25,/,35,0,8.3,5.7,
596,ART 299  01,SPECIAL PROBLEMS IN ART,5,Arr,AR:R M,AR:R M,BE 4128,"Lane,bradley",1,/,5,0,0.3,0.3,
161,ASL& 123  01,ASL III,5,MW,5:45 PM,9:00 PM,BE 1148,"Wilson, nat ",13,/,25,0,4.3,4.3,
355,ASL 132  01,FINGERSPELLING & NUMBERS,4,TTh,5:15 PM,8:00 PM,BE 1148,Cancel 6/10 ,0,/,25,0,0,0,
9103,ASTR&100  OL,SURVEY OF ASTRONOMY,5,Online,-,-,-,"Larson, a. ",22,/,25,0,7.3,5.3,
1004,ASTR 104  HY,OBSERVATIONAL ASTRONOMY,5,Th,1:30 PM,4:20 PM,SAM0202,"Larson, ana ",25,/,35,0,8.3,3.7,
2073,BAK 123  01,ADV DESSERTS & BREADS TH,2,MTW,7:30 AM,8:20 PM,BE 2122,"Reed, donald",34,/,60,0,4.5,4.3,
2074,BAK 124  01,ADV BUFFET DESSERTS & WE,8,MTWTh,8:30 AM,1:50 PM,BE 2109,"Reed, donald",34,/,60,0,18.1,17.1,
2099,BAK 298  01,SPECIAL PROJECTS/COM BAK,5,Arr,AR:R M,AR:R M,BE 2109,"Clark,marcee",19,/,20,0,2.8,2.6,
,,,,,,,,,,,,,,,
Item,Course ID,Title,CR,Days,Class Time,,Room,Instructor,Enrolled,,,Wait,FTES,,
,,,,,Start,End,,,,,,List,TOTAL,STATE,
1018,BIOL 128  01,SUR OF HUMAN ANAT/PHYS,5,MW,9:40 AM,12:30 PM,SAM0203,"Blackwell, r",25,/,24,3,8.3,5,
1021,BIOL&160  01,GENERAL BIOLOGY W/LAB,5,TTh,9:40 AM,11:50 AM,SAM0105,Whorley ,20,/,24,0,6.7,4.7,
1025,BIOL&160  11,GENERAL BIOLOGY W/LAB,5,MW,5:00 PM,9:30 PM,SAM0105,"Blackwell, r",24,/,24,2,8,2.7,
7780,BIOL 197  01,WK.EXP: BIOLOGY,5,Arr,AR:R M,AR:R M,-,"Kato, karen ",0,/,25,0,0,0,
1037,BIOL&213  01,MAJORS PLANT,5,MW,9:40 AM,11:50 AM,SAM0105,"Greene, j. ",20,/,24,0,6.7,4.3,
1040,BIOL&241  01,HUMAN A & P 1,5,TTh,9:40 AM,11:50 AM,SAM0203,"Moffat,john ",27,/,24,2,9,7.3,
1046,BIOL&242  01,HUMAN A & P 2,5,TTh,1:00 PM,3:10 PM,SAM0105,Morefield ,30,/,24,2,10,7.3,
1051,BIOL&260  11,MICROBIOLOGY,5,MW,5:00 PM,9:30 PM,SAM0203,Legters ,26,/,24,4,8.7,7.3,
1060,BIOL 299  01,INDEPENDENT STUDY,2,Arr,AR:R M,AR:R M,SAM0110,Cancel 8/15 ,0,/,5,0,0,0,
50,BUS& 101  01,INTRO TO BUSINESS,5,MTWTh,8:00 AM,9:30 AM,BE 4149,Brankovan ,29,/,35,0,9.7,2.7,
9117,BUS& 101  WOL,INTRO TO BUSINESS,5,Online,-,-,-,Delaney ,7,/,35,0,2.3,2,
9105,BUS& 101  OL,INTRO TO BUSINESS,5,Online,-,-,-,"Ward, paula ",23,/,25,0,7.7,4.7,
15,BUS 131  01,INTEGRATED COMM I,5,MTWTh,11:20 AM,12:50 PM,BE 3214,Natoli ,21,/,25,0,7,5.3,
4901,BUS 131  IBS,INTEGRATED COMM I,5,TWThF,8:00 AM,9:30 AM,-,"Loos,daniel ",10,/,25,0,5.9,5.9,
4902,BUS 140  IBS,CUSTOMER RELATIONS,5,TWThF,9:40 AM,11:10 AM,-,"Spear, mike ",9,/,0,0,5.3,5.3,
18,BUS 140  01,CUSTOMER RELATIONS,5,MTWTh,8:00 AM,9:30 AM,BE 3178,Natoli ,29,/,25,0,9.7,7.3,
4903,BUS 164  IBS,CAREER DEVELOPMENT I,2,,AR:R M,AR:R M,-,"Spear, mike ",10,/,0,0,1.3,1.3,
25,BUS 170  01,INFO TECH I,4,MTWTh,9:40 AM,11:10 AM,BE 3175,Natoli ,13,/,25,0,3.5,2.9,
7785,BUS 197  01,WK.EXP: BUSINESS,5,Arr,AR:R M,AR:R M,-,"Kato, karen ",3,/,30,0,0.6,0.6,
55,BUS& 201  01,BUSINESS LAW,5,MTWTh,9:40 AM,11:10 AM,BE 4149,"Pak,margaret",32,/,35,0,10.7,3,
,,,,,,,,,,,,,,,
Item,Course ID,Title,CR,Days,Class Time,,Room,Instructor,Enrolled,,,Wait,FTES,,
,,,,,Start,End,,,,,,List,TOTAL,STATE,
60,BUS 210  01,BUS & ECONOMIC STATISTIC,5,MTWTh,11:20 AM,12:50 PM,BE 3167,Chatterjee ,30,/,30,4,10,2.3,
30,BUS 299  01,INDEP STUDY/BUSINESS,5,Arr,AR:R M,AR:R M,ARR,"Laflen, jody",0,/,5,0,0,0,
2602,CFS 120  01,PHYSICAL INTELLECTUAL DV,3,T,5:40 PM,9:55 PM,BE 3209,"Wolfe, k ",7,/,17,0,1.4,1.4,
2601,CFS 120  IBS,PHYSICAL INTELLECTUAL DV,3,T,5:40 PM,9:55 PM,BE 3209,"Wolfe, k. ",8,/,17,0,2.8,2.8,
1082,CHEM&121  01,INTRO TO CHEMISTRY,5,MTWTh,9:40 AM,11:10 AM,SAM0401,"Clary, h. ",27,/,24,2,9,6,
1083,CHEM&121  02,INTRO TO CHEMISTRY,5,MTWTh,11:20 AM,12:50 PM,SAM0401,"Clary, h. ",23,/,24,2,7.7,5.3,
1085,CHEM&121  12,INTRO TO CHEMISTRY,5,TTh,5:30 PM,9:00 PM,SAM0401,"Naeemi, e. ",22,/,24,2,7.3,2.7,
1102,CHEM&139  01,Q-GENERAL CHEMISTRY PREP,5,MTWTh,9:40 AM,11:10 AM,SAM0400,Panawennage ,38,/,35,2,12.7,6.3,
1104,CHEM&161  01,Q-GENERAL CHEM W/LAB 1,6,MTWTh,11:20 AM,12:50 PM,SAM0400,"Schultz, tom",19,/,24,1,7.6,4.8,
1109,CHEM&163  01,Q-GENERAL CHEM W/LAB 111,6,MTWTh,8:00 AM,9:30 AM,SAM0400,"Schultz, tom",19,/,24,0,7.6,4,
7805,CHEM 197  01,WK.EXP: CHEMISTRY,5,Arr,AR:R M,AR:R M,-,"Kato, karen ",0,/,25,0,0,0,
7810,CIS 197  01,WK.EXP: COMP INFO SYS.,5,Arr,AR:R M,AR:R M,-,"Kato, karen ",10,/,25,0,1.3,1.3,
3188,CIS 299  01,IND STDY/CMPTR INFO SYS,5,Arr,AR:R M,AR:R M,ARR,"Conger,steve",1,/,24,0,0.3,0.3,
7830,CMS 197  01,COMMUNITY SRVC/VOLUNTEER,3,Arr,AR:R M,AR:R M,-,"Kato, karen ",35,/,30,0,3.3,1.5,
7835,CMS 198  01,COMMUNITY SRVC/VOLUNTEER,3,Arr,AR:R M,AR:R M,-,"Kato, karen ",9,/,30,0,0.8,0.5,
7840,CMS 199  01,COMMUNITY SRVC/VOLUNTEER,3,Arr,AR:R M,AR:R M,-,"Kato, karen ",5,/,30,0,0.5,0.4,
602,CMST&101  02,INTRODUCTION TO COMM,5,MTWTh,11:20 AM,12:50 PM,BE 4181,Norton ,26,/,25,0,8.7,2.3,
603,CMST&101  03,INTRODUCTION TO COMM,5,MTWTh,8:00 AM,9:30 AM,BE 3212,"Zaragoza, k.",27,/,25,2,9,7.3,
601,CMST&101  01,INTRODUCTION TO COMM,5,MTWTh,9:40 AM,11:10 AM,BE 4175,Norton ,25,/,25,1,8.3,4,
612,CMST&210  OL,INTERPERSONAL COMMUNICTN,5,Arr,: M,: M,ARR,Cancel 5/7 ,0,/,25,0,0,0,
,,,,,,,,,,,,,,,
Item,Course ID,Title,CR,Days,Class Time,,Room,Instructor,Enrolled,,,Wait,FTES,,
,,,,,Start,End,,,,,,List,TOTAL,STATE,
9192,CMST&210  OL,INTERPERSONAL COMMUNICTN,5,Online,-,-,-,Rutherford ,16,/,25,0,5.3,4.7,
610,CMST&220  01,PUBLIC SPEAKING,5,MTWTh,1:00 PM,2:30 PM,BE 4144,"Maki,kelsey ",24,/,25,0,8,1,
607,CMST&220  05,PUBLIC SPEAKING,5,MTWTh,9:40 AM,11:10 AM,BE 4123,"Maki,kelsey ",27,/,25,1,9,1,
608,CMST&220  04,PUBLIC SPEAKING,5,MTWTh,1:00 PM,2:20 PM,BE 4140,"Zaragoza, k.",25,/,25,0,8.3,5,
609,CMST&220  03,PUBLIC SPEAKING,5,MTWTh,8:00 AM,9:30 AM,BE 4175,"Maki,kelsey ",25,/,25,2,8.3,3.3,
611,CMST&220  02,PUBLIC SPEAKING,5,TTh,2:40 PM,4:10 PM,BE 4175,Rutherford ,16,/,25,0,5.3,3.3,
613,CMST 295  01,STUDIES/WORKS COMMUNICAT,5,Arr,AR:R M,AR:R M,BE 4128,"Lane,bradley",1,/,5,0,0.3,0.3,
1161,CSC 102Q  01,COMPUTERS IN MATH,1,M,1:00 PM,3:00 PM,SAM0202,"Wright, g. ",29,/,30,0,1.9,0.3,
1163,CSC 102Q  03,COMPUTERS IN MATH,1,W,1:00 PM,3:00 PM,SAM0202,"Wright, g. ",31,/,30,0,2.1,0.9,
1162,CSC 102Q  02,COMPUTERS IN MATH,1,T,1:00 PM,3:00 PM,SAM0202,"Wright, g. ",29,/,30,0,1.9,0.7,
1179,CSC 110  01,INTRO TO COMPUTER PROGR,5,MTWTh,8:00 AM,9:30 AM,SAM0202,"Wellman, c. ",25,/,25,4,8.3,4,
500,CSP 125  01,MANNING UP:EXP MASCULINI,10,MTWTh,9:40 AM,12:50 PM,BE 4151,"Archibald,k.",1,/,50,0,0.7,0.7,
4805,CSP 125  01,MANNING UP:EXP MASCULINI,10,MTWTh,: M,: M,BE,Cancel 6/17 ,0,/,50,0,0,0,
2161,CUL 251  01,BUFFET CATER/GARDE MGR/I,4,TWTh,7:30 AM,8:20 AM,BE 2116,"Wong, sarah ",44,/,60,0,11.7,10.9,
2165,CUL 255  01,BUFFET CATER/GARDE MGR/P,8,TWTh,8:30 AM,1:50 PM,BE 2107,"Shiosaki, g.",44,/,60,0,23.5,21.9,
2199,CUL 299  01,INDEPENDENT PROJECT/ CUL,5,Arr,AR:R M,AR:R M,BE 2120,"Shiosaki, g.",0,/,5,0,0,0,
7850,CWE 197  01,COOPERATIVE EDUCATION,8,Arr,AR:R M,AR:R M,-,"Kato, karen ",1,/,30,0,0.1,0.1,
7851,CWE 198  01,COOPERATIVE EDUCATION,8,Arr,AR:R M,AR:R M,-,"Kato, karen ",0,/,30,0,0,0,
7852,CWE 199  01,COOPERATIVE EDUCATION,8,Arr,AR:R M,AR:R M,-,"Kato, karen ",0,/,30,0,0,0,
3347,DES 114  01,MEDIA PUBG I DIG ASSETS,3,TTh,5:00 PM,8:00 PM,BE 5104,"Sullivan, c.",13,/,25,0,2.6,1.6,
,,,,,,,,,,,,,,,
Item,Course ID,Title,CR,Days,Class Time,,Room,Instructor,Enrolled,,,Wait,FTES,,
,,,,,Start,End,,,,,,List,TOTAL,STATE,
7855,DES 197  01,WK.EXP: GRAPHIC DESIGN,5,Arr,AR:R M,AR:R M,-,"Kato, karen ",0,/,25,0,0,0,
4072,DHY 200  01,FUNDAMENTALS OF DHY IV,2,Th,7:45 AM,10:30 AM,BE 3211,"Baca, c. ",19,/,20,0,2.5,2.5,
4073,DHY 201  01,CLIN. DENTAL HYGIENE IV,8,MTWTh,7:45 AM,5:15 PM,SVI0407,"Hartnett, j.",20,/,20,0,10.7,10.7,
4076,DHY 222  01,COMMUNITY HEALTH I,1,Th,10:30 AM,12:00 PM,BE 3211,"Baca, c. ",19,/,20,0,1.3,1.3,
4077,DHY 233  01,RESTORATIVE MATERIALS 3,2,T,7:40 AM,6:00 PM,SVI0407,Tuble-cabrer,17,/,20,0,2.3,2.3,
4078,DHY 245  01,APPLIED PRACTICUM IN DHY,5,Arr,AR:R M,AR:R M,SVI0405,"Hartnett, j.",2,/,5,0,0.3,0.3,
111,ECON&201  01,Q-MICROECONOMICS,5,MTWTh,9:40 AM,11:10 AM,BE 4148,Chatterjee ,46,/,35,3,15.3,4,
9114,ECON&201  OL,Q-MICROECONOMICS,5,Online,-,-,-,"Hubert,j. ",20,/,25,0,6.7,2.7,
9116,ECON&202  OL,Q-MACROECONOMICS,5,Online,-,-,-,"Hubert,j. ",21,/,25,0,7,2.7,
112,ECON&202  01,Q-MACROECONOMICS,5,MW,5:45 PM,9:00 PM,BE 4149,"Luna, edgar ",37,/,35,1,12.3,3,
7860,EDUC 197  01,EDUCATION,5,Arr,AR:R M,AR:R M,-,"Kato, karen ",0,/,30,0,0,0,
7861,EDUC 198  01,EDUCATION,5,Arr,AR:R M,AR:R M,-,"Kato, karen ",0,/,30,0,0,0,
2708,EDUC 198  IBS,EDUCATION,2,TTh,4:30 PM,6:00 PM,BE 3214,"Saldin, mary",8,/,25,0,1.1,1.1,
7862,EDUC 199  01,EDUCATION,5,Arr,AR:R M,AR:R M,-,"Kato, karen ",0,/,30,0,0,0,
1200,EDUC 200  01,PEER TUTORING,5,Arr,AR:R M,AR:R M,SAM0110,Rockhill ,1,/,5,0,0,0,
633,EDUC 200  01,PEER TUTORING,5,Arr,AR:R M,AR:R M,BE 4128,"Lane,bradley",3,/,5,0,0.4,0.1,
645,ENGL 092  01,BASIC WRITING IMPROVE I,5,MTWTh,9:40 AM,11:10 AM,,"Woods, s. ",0,/,30,0,0,0,
646,ENGL 093  01,RDG AND STUDY SKILLS II,5,MTWTh,11:20 AM,12:50 AM,,Cancel/6/3 ,0,/,30,0,0,0,
647,ENGL 095  01,COLL PREP READ STUDY III,5,MTWTh,9:40 AM,11:10 AM,BE 4135,"Casey,susan ",16,/,25,0,5.3,4.7,
648,ENGL 095  02,COLL PREP READ STUDY III,5,MTWTh,9:40 AM,11:10 AM,,Cancel/6/3 ,0,/,25,0,0,0,
,,,,,,,,,,,,,,,
Item,Course ID,Title,CR,Days,Class Time,,Room,Instructor,Enrolled,,,Wait,FTES,,
,,,,,Start,End,,,,,,List,TOTAL,STATE,
651,ENGL 096  01,COLL PREP WRITING III,5,MTWTh,11:20 AM,12:50 PM,BE 4135,"Casey,susan ",16,/,25,0,5.3,4.7,
650,ENGL 096  02,COLL PREP WRITING III,5,MTWTh,8:00 AM,9:30 AM,,Cancel/6/3 ,0,/,25,0,0,0,
652,ENGL 096  03,COLL PREP WRITING III,5,MTWTh,9:40 AM,11:10 AM,BE 4168,"Moir, c. ",23,/,25,0,7.7,1.3,
661,ENGL&101  02,ENGLISH COMPOSITION I,5,MTWTh,9:40 AM,11:10 AM,BE 4118,"Faucette, m.",10,/,25,0,3.3,2.7,
668,ENGL&101  09,COMPOSITION I,5,MTWTh,11:20 AM,12:50 PM,BE 4123,"Woods, s. ",21,/,25,1,7,3.3,
664,ENGL&101  05,ENGLISH COMPOSITION I,5,MTWTh,11:20 AM,12:50 PM,BE 4134,"Baldwin, peg",25,/,25,3,8.3,1.7,
666,ENGL&101  07,ENGLISH COMPOSITION I,5,MW,6:00 PM,9:00 PM,BE 4135,"Nollan, fred",22,/,25,0,7.3,5.3,
667,ENGL&101  08,ENGLISH COMPOSITION I,5,MTWTh,9:40 AM,11:10 AM,BE 4143,"Woods, s. ",21,/,25,0,7,4.3,
663,ENGL&101  04,ENGLISH COMPOSITION I,5,MTWTh,11:20 AM,12:50 PM,BE 4168,"Moir, c. ",23,/,25,0,7.7,1.3,
665,ENGL&101  06,ENGLISH COMPOSITION I,5,MTWTh,1:00 PM,2:30 PM,BE 4134,Bachar ,13,/,25,0,4.3,3.3,
660,ENGL&101  01,ENGLISH COMPOSITION I,5,MTWTh,8:00 AM,9:30 AM,BE 4134,"Faucette, m.",16,/,25,0,5.3,4.7,
662,ENGL&101  03,ENGLISH COMPOSITION I,5,MTWTh,9:40 AM,11:10 AM,BE 4130,"Croon, paul ",23,/,25,0,7.7,3.7,
9118,ENGL&101  OL,ENGLISH COMPOSITION I,5,Online,-,-,-,Bachar ,21,/,25,0,7,5.7,
9120,ENGL&102  OL,COMPOSITION II,5,Online,-,-,-,"Douma, m. ",26,/,25,7,8.7,6.7,
689,ENGL&102  05,COMPOSITION II,5,MTWTh,8:00 AM,9:30 AM,,Cancel 6/10 ,0,/,25,0,0,0,
685,ENGL&102  01,COMPOSITION II,5,MTWTh,9:40 AM,11:10 AM,BE 4140,"Cole, d. ",24,/,25,1,8,3,
687,ENGL&102  03,COMPOSITION II,5,MTWTh,1:00 PM,2:30 PM,BE 4135,"Oakley, nada",22,/,25,1,7.3,3.3,
686,ENGL&102  02,COMPOSITION II,5,MTWTh,11:20 AM,12:50 PM,BE 4140,"Croon, paul ",20,/,25,1,6.7,4.3,
688,ENGL&102  04,COMPOSITION II,5,MW,6:00 PM,9:00 PM,BE 4134,"Mcentire, a.",25,/,25,0,8.3,5.3,
690,ENGL&102  06,COMPOSITION II,5,MTWTh,9:40 AM,11:10 AM,,Cancel 6/10 ,0,/,25,0,0,0,
,,,,,,,,,,,,,,,
Item,Course ID,Title,CR,Days,Class Time,,Room,Instructor,Enrolled,,,Wait,FTES,,
,,,,,Start,End,,,,,,List,TOTAL,STATE,
4806,ENGL&102  AA1,COMPOSITION II,5,MTWTh,9:40 AM,12:50 PM,,"Jewell, p. ",17,/,50,0,5.7,5.3,
716,ENGL 106  IT,TECHNICAL WRITING,3,MW,8:00 AM,9:30 AM,BE 4140,"Cole, d. ",20,/,25,0,4,3.4,
9122,ENGL&112  OL,INTRO TO FICTION,5,Online,-,-,-,"Baldwin, peg",20,/,25,0,6.7,5.3,
780,ENGL 298  01,DIR READING/ENGLISH,5,Arr,AR:R M,AR:R M,BE 4128,"Lane,bradley",1,/,5,0,0.3,0.3,
1210,ENGR&204  01,ELECTRICAL CIRCUITS,5,MTWTh,9:40 AM,11:10 AM,SAM0206,Heller ,19,/,25,0,6.3,5,
1215,ENGR 240  01,INTRO NUMERICAL METHODS,5,MTWTh,11:20 AM,12:50 PM,SAM0202,Lepeintre ,12,/,24,0,4,3.3,
9126,ENVS 150  OL,IS-ENVIRON ISSUES/PROBLM,5,Online,-,-,-,Castell ,23,/,25,0,7.7,4.7,
1218,ENVS 150  01,IS-ENVIRONMENTAL SCIENCE,5,MTWTh,8:00 AM,9:30 AM,SAM0201,Sola-llonch ,37,/,35,0,12.3,4.3,
7863,ENVS 197  01,INTERN SUSTAINABLE AGRI,5,Arr,AR:R M,AR:R M,-,"Kato, karen ",0,/,30,0,0,0,
5016,ESL 015  01,ESL 1 R/W,5,MTWTh,9:40 AM,11:10 AM,BE 3118,"Bajado, deo ",13,/,25,0,4.3,4.3,
5224,ESL 015  02,ESL 1 R/W,5,TTh,6:00 PM,9:00 PM,BE 3114,"Pedersen, p.",14,/,25,0,4.7,4.7,
5221,ESL 016  02,ESL 1 L/S,5,MW,6:00 PM,9:00 PM,BE 3114,"Pedersen, p.",14,/,25,0,4.7,4.7,
5002,ESL 016  01,ESL 1 L/S,5,MTWTh,8:00 AM,9:30 AM,BE 3118,"Bajado, deo ",13,/,25,0,4.3,4.3,
5230,ESL 025  03,ESL 2 R/W,5,TTh,6:00 PM,9:00 PM,BE 3116,Kroll ,20,/,25,0,6.7,6.7,
5042,ESL 025  02,ESL 2 R/W,5,MTWTh,9:40 AM,11:10 AM,,Cancel 6/17 ,0,/,25,0,0,0,
5041,ESL 025  01,ESL 2 R/W,5,MTWTh,9:40 AM,11:10 AM,BE 3119,"Leung,ellen ",17,/,25,0,5.7,5.7,
5027,ESL 026  02,ESL 2 L/S,5,MTWTh,8:00 AM,9:30 AM,,Cancel 6/17 ,0,/,25,0,0,0,
5026,ESL 026  01,ESL 2 L/S,5,MTWTh,8:00 AM,9:30 AM,BE 3119,"Leung,ellen ",17,/,25,0,5.7,5.7,
5227,ESL 026  03,ESL 2 L/S,5,MW,6:00 PM,9:00 PM,BE 3116,Kroll ,20,/,25,0,6.7,6.7,
5237,ESL 035  04,ESL 3 R/W,5,TTh,6:00 PM,9:00 PM,,Cancel 6/17 ,0,/,29,0,0,0,
,,,,,,,,,,,,,,,
Item,Course ID,Title,CR,Days,Class Time,,Room,Instructor,Enrolled,,,Wait,FTES,,
,,,,,Start,End,,,,,,List,TOTAL,STATE,
5065,ESL 035  01,ESL 3 R/W,5,MTWTh,9:40 AM,11:10 AM,BE 4159,"Young, kent ",23,/,29,0,7.7,7.7,
5066,ESL 035  HY,ESL 3 R/W,6,MTWTh,9:40 AM,11:10 AM,BE 4119,"Shah, j.s. ",16,/,29,0,6.4,6.4,
5236,ESL 035  03,ESL 3 R/W,5,TTh,6:00 PM,9:00 PM,BE 3109,"Moheb,parviz",32,/,29,0,10.7,10.7,
5052,ESL 036  HY,ESL 3 L/S,6,MTWTh,8:00 AM,9:30 AM,BE 4137,"Shah, j.s. ",16,/,29,0,6.4,6.4,
5233,ESL 036  03,ESL 3 L/S,5,MW,6:00 PM,9:00 PM,BE 3109,"Moheb,parviz",32,/,29,0,10.7,10.7,
5234,ESL 036  04,ESL 3 L/S,5,MW,6:00 PM,9:00 PM,,Cancel 6/17 ,0,/,29,0,0,0,
5051,ESL 036  01,ESL 3 L/S,5,MTWTh,8:00 AM,9:30 AM,BE 4159,"Young, kent ",23,/,29,0,7.7,7.7,
5092,ESL 045A  02,ESL 4A R/W,5,MTWTh,9:40 AM,11:10 AM,BE 3209,Treat ,18,/,29,0,6,6,
5243,ESL 045A  04,ESL 4A R/W,5,TTh,6:00 PM,9:00 PM,BE 3140,"Richards, m.",20,/,29,0,6.7,6.7,
5242,ESL 045A  HY,ESL 4A R/W,6,TTh,6:00 PM,9:00 PM,BE 4168,"Chao, y.s. ",12,/,29,0,4.8,4.8,
5091,ESL 045A  01,ESL 4A R/W,5,MTWTh,9:40 AM,11:10 AM,BE 4183,"Tesdell, r. ",28,/,29,0,9.3,9.3,
5116,ESL 045B  02,ESL 4B R/W,6,MTWTh,9:40 AM,11:10 AM,BE 4115,"Kayne,judith",16,/,29,0,6,6,
5247,ESL 045B  03,ESL 4B R/W,5,TTh,6:00 PM,9:00 PM,BE 4183,"Loh,andre ",16,/,29,0,5.3,5.3,
5115,ESL 045B  01,ESL 4B R/W,6,MTWTh,9:40 AM,11:10 AM,BE 4104,"Scheiner,r. ",26,/,29,0,9.9,9.9,
5077,ESL 046A  01,ESL 4A L/S,5,MTWTh,8:00 AM,9:30 AM,BE 4135,"Tesdell, r. ",23,/,29,0,7.7,7.7,
5241,ESL 046A  04,ESL 4A L/S,5,MW,6:00 PM,9:00 PM,BE 3140,"Richards, m.",21,/,29,0,7,7,
5078,ESL 046A  02,ESL 4A L/S,5,MTWTh,8:00 AM,9:30 AM,BE 4130,"Jacoby, sara",21,/,29,0,7,7,
5239,ESL 046A  HY,ESL 4A L/S,6,MW,6:00 PM,9:00 PM,,Cancel 6/17 ,0,/,29,0,0,0,
5245,ESL 046B  03,ESL 4B L/S,5,MW,6:00 PM,9:00 PM,BE 4168,"Saldin,josie",22,/,29,0,7.3,7.3,
5098,ESL 046B  01,ESL 4B L/S,5,MTWTh,8:00 AM,9:30 AM,BE 4148,"Tompson, d. ",20,/,29,0,6.7,6.7,
,,,,,,,,,,,,,,,
Item,Course ID,Title,CR,Days,Class Time,,Room,Instructor,Enrolled,,,Wait,FTES,,
,,,,,Start,End,,,,,,List,TOTAL,STATE,
5099,ESL 046B  02,ESL 4B L/S,6,MTWTh,8:00 AM,9:30 AM,BE 4115,"Kayne,judith",18,/,29,0,6.8,6.8,
5139,ESL 055A  HY,ESL 5A R/W,6,MTWTh,9:40 AM,11:10 AM,BE 4160,"Boon,rebecca",14,/,29,0,5.6,5.6,
5141,ESL 055A  HY,ESL 5A R/W,6,MTWTh,9:40 AM,11:10 AM,BE 4144,"Bretz, karen",14,/,29,0,5.5,5.5,
5254,ESL 055A  HY,ESL 5A R/W,6,TTh,6:00 PM,9:00 PM,BE 4104,Cuizon-loor ,21,/,29,0,8.4,8.4,
5260,ESL 055B  02,ESL 5B R/W,5,TTh,6:00 PM,9:00 PM,BE 4179,"Kessler, j. ",14,/,29,0,4.7,4.7,
5164,ESL 055B  HY,ESL 5B R/W,6,MTWTh,9:40 AM,11:10 AM,BE 3109,"Gibson, j. ",23,/,29,0,9,9,
5252,ESL 056A  03,ESL 5A L/S,5,MW,6:00 PM,9:00 PM,BE 4182,"Saldin, mary",19,/,29,0,6.3,6.3,
5126,ESL 056A  01,ESL 5A L/S,5,MTWTh,8:00 AM,9:30 AM,BE 3219,"Schmidt,v ",21,/,29,0,7,7,
5140,ESL 056A  02,ESL 5A L/S,5,MTWTh,8:00 AM,9:30 AM,,Cancel 6/17 ,0,/,29,0,0,0,
5151,ESL 056B  HY,ESL 5B L/S,6,MTWTh,8:00 AM,9:30 AM,BE 3109,"George, j. ",17,/,29,0,6.8,6.8,
5257,ESL 056B  02,ESL 5B L/S,6,MW,6:00 PM,9:00 PM,BE 4104,"George, j. ",15,/,29,0,5.7,5.7,
5323,ESL 068  06,ORIEN/INT,1,MTWTh,6:00 PM,9:00 PM,BE 3119,"Badjo, deo ",22,/,25,0,1.5,1.5,
5320,ESL 068  03,ORIEN/INT,1,MTWTh,8:00 AM,11:00 AM,BE 3118,"Proctor, w. ",30,/,25,0,2,2,
5318,ESL 068  01,ORIEN/INT,1,MTWTh,8:00 AM,11:00 AM,BE 3116,Ekstrom ,23,/,25,0,1.5,1.5,
5322,ESL 068  05,ORIEN/INT,1,MTWTh,6:00 PM,9:00 PM,BE 3118,"Leung,ellen ",20,/,25,0,1.3,1.3,
5319,ESL 068  02,ORIEN/INT,1,MTWTh,8:00 AM,11:00 AM,BE 3119,"Young, kent ",20,/,25,0,1.3,1.3,
5321,ESL 068  04,ORIEN/INT,1,MTWTh,6:00 PM,9:00 PM,BE 3116,Cuizon-loor ,22,/,25,0,1.5,1.5,
5596,ESL 076  01,ENGLISH PRONUNCIATION,5,MTWTh,11:30 AM,1:00 PM,BE 4148,"Schmidt,v ",23,/,28,0,7.7,7.7,
5281,ESL 097  01,ESL COL PREP WRITING I,5,MTWTh,8:00 AM,9:30 AM,,Cancel 6/17 ,0,/,25,0,0,0,
5284,ESL 098  01,COLLEGE PREP/NON-NATIVES,5,MTWTh,9:40 AM,11:10 AM,BE 3140,"Pharr, h. ",8,/,25,0,2.7,2,
,,,,,,,,,,,,,,,
Item,Course ID,Title,CR,Days,Class Time,,Room,Instructor,Enrolled,,,Wait,FTES,,
,,,,,Start,End,,,,,,List,TOTAL,STATE,
5287,ESL 099  01,COLL PREP/WRITE 2,5,MTWTh,8:00 AM,9:30 AM,BE 3140,"Lawson, tia ",18,/,25,0,6,5.7,
2388,FAM 040  01,PARENT ED: 0-12 MOS,2,Th,9:30 AM,12:00 PM,,Cancel/mar25,0,/,20,0,0,0,
120,FRCH&121  01,FRENCH I,5,MTWTh,8:00 AM,1:30 PM,BE 4171,Lonay ,10,/,30,0,3.3,2,
121,FRCH&122  01,FRENCH II,5,MTWTh,8:00 AM,1:30 PM,BE 4171,"Bodi,philip ",8,/,30,0,2.7,2.3,
122,FRCH&123  01,FRENCH III,5,MTWTh,8:00 AM,1:30 PM,BE 4171,"Kempen, l. ",13,/,30,0,4.3,3.7,
9128,GEOG&100  OL,INTRO TO GEOGRAPHY,5,Online,-,-,-,"Giday,taare ",23,/,25,0,7.7,5.3,
1229,GEOL&101  11,PHYSICAL GEOLOGY,5,MW,5:30 PM,9:30 PM,SAM0201,Harrell ,24,/,24,1,8,4.7,
1231,GEOL 105  01,INTRO TO FIELD GEOLOGY,5,MTW,1:00 PM,2:50 PM,SAM0201,Harrell ,17,/,20,0,5.7,5,
3015,HDC 101  HCY,ORIENTATION TO COLLEGE,1,MT,9:00 AM,3:30 PM,BE 1139D,"Mcrae,kim ",22,/,20,0,1.5,1.5,
7870,HDC 197  01,LDRSHP EXPERIENCE,3,Arr,AR:R M,AR:R M,-,"Kato, karen ",0,/,25,0,0,0,
1512,HIST&128  01,WORLD CIVILIZATIONS III,5,MTWTh,9:40 AM,11:10 AM,BE 4137,"Cardenas, j.",27,/,35,0,9,5.7,
1516,HIST&136  HY,US HISTORY 1,5,TTh,11:20 AM,12:50 PM,BE 4143,"Esch, thomas",34,/,35,0,11.3,1.3,
1517,HIST&136  02,US HISTORY 1,5,MTWTh,8:00 AM,9:30 AM,BE 4143,Weston ,17,/,35,0,5.7,0.7,
9132,HIST&137  OL,US HISTORY 2,5,Online,-,-,-,Weston ,21,/,25,0,7,6,
1545,HIST&214  HY,PACIFIC NW HISTORY,5,TTh,1:00 PM,2:30 PM,BE 4106,"Cardenas, j.",37,/,35,3,12.3,1.7,
1586,HIST 298  01,SPECIAL TOPICS/HISTORY,5,Arr,AR:R M,AR:R M,BE 4128,"Lane,bradley",0,/,5,0,0,0,
7875,HOS 197  01,WK.EXP: FOODS & HOSP.,5,Arr,AR:R M,AR:R M,-,"Kato, karen ",0,/,15,0,0,0,
5000,HSC 091  01,EDP SKILLS ENHANCEMNT I,5,Arr,AR:R M,AR:R M,BE 3122,Di zazzo ,0,/,10,0,0,0,
5001,HSC 092  01,EDP SKILLS ENHANCEMENT 2,10,Arr,AR:R M,AR:R M,BE 3122,Di zazzo ,0,/,10,0,0,0,
809,HUM 105  02,INTERCULTURAL COMMUNIC,5,MTWTh,9:40 AM,11:10 AM,FA 0405,"Andresen, t.",28,/,35,0,9.3,6.3,
,,,,,,,,,,,,,,,
Item,Course ID,Title,CR,Days,Class Time,,Room,Instructor,Enrolled,,,Wait,FTES,,
,,,,,Start,End,,,,,,List,TOTAL,STATE,
813,HUM 105  05,INTERCULTURAL COMMUNIC,5,MTWTh,1:00 PM,2:20 PM,BE 4105,"Ortoleva, j.",30,/,35,1,10,4,
810,HUM 105  03,INTERCULTURAL COMMUNIC,5,MTWTh,9:40 AM,11:10 AM,BE 4182,"Bonsu, osei ",29,/,35,0,9.7,4.3,
808,HUM 105  01,INTERCULTURE COMMUNICATI,5,MTWTh,8:00 AM,9:30 AM,FA 0405,"Andresen, t.",19,/,35,1,6.3,4,
812,HUM 105  04,INTERCULTURAL COMMUNIC,5,TTh,6:00 PM,9:00 PM,BE 4160,"Giday,taare ",30,/,35,0,10,7.7,
9134,HUM 105  OL,IS/S-INTERCULTURAL COMM,5,Online,-,-,-,"Abe, daudi ",18,/,25,2,6,3.7,
9182,HUM 125  OL,HIP-HOP THEORY & CULTURE,5,Online,-,-,-,"Abe, daudi ",17,/,25,0,5.7,3,
7880,HUM 197  01,WK.EXP: HUMANITIES,8,Arr,AR:R M,AR:R M,-,"Kato, karen ",0,/,20,0,0,0,
826,HUM 294  01,INDEPENDENT PROJECTS,5,Arr,AR:R M,AR:R M,BE 4128,"Lane,bradley",0,/,5,0,0,0,
3177,ITC 102  01,INTRO INFORM SYS CONCEPT,3,M,9:40 AM,11:10 AM,BE 3167,"Bothell, l. ",29,/,24,0,5.8,4.6,
3192,ITC 115  01,OBJECT ORIENTED PROGRAMS,5,MW,9:40 AM,12:50 PM,BE 3179,"Conger,steve",15,/,30,0,5,4.3,
3195,ITC 136  01,UNIX OPERATING SYSTEM,5,MW,4:00 PM,6:50 PM,BE 3183,"Higdon, d. ",20,/,30,0,6.7,5.7,
3198,ITC 140  01,INTRO TO COMPUTER HARDWR,5,MW,1:00 PM,3:50 PM,BE 3180,"Jackson,greg",25,/,24,0,8.3,7,
3228,ITC 151  01,INTRO NETWORK SECURITY,5,MW,1:00 PM,3:50 PM,BE 3183,"Costello, r.",21,/,30,0,7,7,
3205,ITC 210  01,Advanced Web Development,5,MW,4:00 PM,6:50 PM,BE 3165,Cancel 6/17 ,0,/,24,0,0,0,
3204,ITC 216  01,WEB PROGRAMMING,5,TTh,1:30 PM,4:20 PM,BE 3151,Eichler west,12,/,30,0,4,3.7,
3206,ITC 220  01,DATABASE DEV FOR PROGRAM,5,MW,4:00 PM,6:50 PM,BE 3179,"Johnson, a. ",22,/,30,0,7.3,6.3,
3208,ITC 224  01,DATABASE PROGRAMMING,5,TTh,9:40 AM,12:50 PM,BE 3179,"Conger,steve",17,/,30,0,5.7,5.3,
3211,ITC 226  01,DATABASE ADMINISTRATION,5,TTh,1:30 PM,4:20 PM,BE 3179,"Conger,steve",17,/,30,0,5.7,5.3,
3210,ITC 280  01,WEB DATABASES,5,MW,7:00 PM,9:50 PM,BE 3174,"Newman,bill ",22,/,30,0,7.3,7.3,
3213,ITC 285  01,CAPSTONE PROJECT CLASS,5,MW,1:00 PM,3:15 PM,BE 3151,"Conger,steve",13,/,30,0,4.3,4.3,
,,,,,,,,,,,,,,,
Item,Course ID,Title,CR,Days,Class Time,,Room,Instructor,Enrolled,,,Wait,FTES,,
,,,,,Start,End,,,,,,List,TOTAL,STATE,
3212,ITC 290  01,ADVANCED WEB DATABASES,5,MW,1:00 PM,3:50 PM,BE 3165,"Newman,bill ",11,/,30,0,3.7,3.7,
3186,ITC 298  01,SPEC TOPIC CISCO 4/VOIP,5,TTh,1:30 PM,4:20 PM,BE 3180,Cancel 6/17 ,0,/,24,0,0,0,
3187,ITC 298  01,SPEC TOPICS:WORDPRESS,4,MW,4:00 PM,6:50 PM,BE 3151,"Gildea,raven",16,/,30,0,4.3,4.3,
3185,ITC 298  01,SPC TOP:MOBILE APP DEV,5,TTh,6:00 PM,9:00 PM,BE 3179,"Plante, p. ",11,/,24,0,3.7,3.7,
7885,ITL 197  01,INTL VOLUNTEER/INTERN,5,Arr,AR:R M,AR:R M,-,"Kato, karen ",1,/,20,0,0.3,0.3,
7886,ITL 198  01,INTL VOLUNTEER/INTERN,5,Arr,AR:R M,AR:R M,-,"Kato, karen ",0,/,20,0,0,0,
9174,LIB 180  WOL,RESEARCH THE 21ST CENTUR,5,Online,-,-,-,STAFF,0,/,25,0,0,0,
1243,MATH 081  01,BASIC MATH SKILLS,5,MTWTh,11:20 AM,12:50 PM,SAM0103,Wright ,24,/,32,0,8,7.7,
1257,MATH 084  01,ALGEBRA I,5,MTWTh,9:40 AM,11:10 AM,SAM0200,"Aregaye, y. ",19,/,32,0,6.3,6.3,
1270,MATH 084  12,ALGEBRA I,5,TTh,5:30 PM,8:30 PM,SAM0103,"Ellingston,d",11,/,32,0,3.7,3.7,
1258,MATH 084  02,ALGEBRA I,5,MTWTh,11:20 AM,12:50 PM,BE 4184,"Firpo, m. ",25,/,32,0,8.3,8,
1277,MATH 085  02,ALGEBRA II,5,MTWTh,11:20 AM,12:50 PM,SAM0207,Dressler ,24,/,32,0,8,7.3,
1286,MATH 085  11,ALGEBRA II,5,MW,5:30 PM,8:30 PM,SAM0103,"Bell,vincent",16,/,32,0,5.3,4.7,
1276,MATH 085  01,ALGEBRA II,5,MTWTh,9:40 AM,11:10 AM,BE 4184,"Bartlett, j.",28,/,32,0,9.3,9.3,
1292,MATH 098  02,INTERMEDIATE ALGEBRA,5,MTWTh,11:20 AM,12:50 PM,SAM0200,Aregaye ,30,/,32,0,10,9,
1291,MATH 098  01,INTERMEDIATE ALGEBRA,5,MTWTh,9:40 AM,11:10 AM,SAM0207,Dressler ,34,/,32,2,11.3,9.7,
1302,MATH 098  11,INTERMEDIATE ALGEBRA,5,MW,5:30 PM,8:30 PM,SAM0200,"Ursin,jp ",37,/,32,6,12.3,10.3,
9160,MATH&107  OL,MATH IN SOCIETY,5,Online,-,-,-,"Morales, l. ",21,/,25,0,7,6,
1305,MATH 110  CA,APPL MATH FOR TECHNICIAN,3,TTh,1:00 PM,3:00 PM,SAM0200,"Knudson,john",14,/,32,0,2.8,2.8,
1322,MATH 136  HE,DESCRIPTIVE STATISTICS,5,TTh,6:00 PM,9:00 PM,SAM0301,Verschueren ,6,/,32,0,2,2,
,,,,,,,,,,,,,,,
Item,Course ID,Title,CR,Days,Class Time,,Room,Instructor,Enrolled,,,Wait,FTES,,
,,,,,Start,End,,,,,,List,TOTAL,STATE,
1321,MATH 136  01,DESCRIPTIVE STATISTICS,5,MTWTh,11:20 AM,12:50 PM,SAM0307,Verschueren ,19,/,32,0,6.3,6.3,
1329,MATH&141  12,Q-PRECALC 1: FUNCTIONS,5,TTh,5:30 PM,8:30 PM,SAM0101,Swisshelm ,27,/,32,0,9,6.3,
1326,MATH&141  01,Q-PRECALC 1: FUNCTIONS,5,MTWTh,9:40 AM,11:10 AM,SAM0103,Terefe ,28,/,32,0,9.3,7,
1327,MATH&141  02,Q-PRECALC 1: FUNCTIONS,5,MTWTh,11:20 AM,12:50 PM,SAM0301,"Botz, dan ",26,/,32,1,8.7,8,
1332,MATH&142  01,Q-PRECALC II: TRIG,5,MTWTh,11:20 AM,12:50 PM,SAM0206,"Johns,bryan ",32,/,32,4,10.7,5.3,
1333,MATH&142  11,Q-PRECALC II: TRIG,5,MW,5:30 PM,8:30 PM,SAM0101,Swisshelm ,42,/,32,4,14,4.7,
1330,MATH&142  02,Q-PRECALC II: TRIG,5,MTWTh,9:40 AM,11:10 AM,SAM0307,"Mozeleski,a.",31,/,32,0,10.3,6.7,
9196,MATH&146  OL,INTRODUCTION TO STATS,5,Online,-,-,-,"Tiu, felice ",22,/,25,1,7.3,5.7,
9197,MATH&146  OL,INTRODUCTION TO STATS,5,Online,-,-,-,"Mozeleski,a.",18,/,25,0,6,4.3,
1338,MATH&151  01,Q-CALC I: DIFFERENTIAL,5,MTWTh,9:40 AM,11:10 AM,SAM0301,Botz ,30,/,32,0,10,3.7,
1339,MATH&151  02,Q-CALC I: DIFFERENTIAL,5,MTWTh,11:20 AM,12:50 PM,SAM0102,"Terefe,t. ",33,/,32,1,11,1.3,
1340,MATH&151  03,Q-CALC I: DIFFERENTIAL,5,MTWTh,11:20 AM,12:50 PM,SAM0101,"Ellingston,d",34,/,32,0,11.3,6,
1344,MATH&152  01,Q-CALCULUS II,5,MTWTh,9:40 AM,11:10 AM,SAM0102,"Wright, g. ",34,/,32,3,11.3,4,
1345,MATH&153  01,Q-CALCULUS III,5,MTWTh,9:40 AM,11:10 AM,SAM0101,"Johns,bryan ",27,/,32,1,9,7,
7182,MGO 200  01,AT SEA INTERNSHIP,4,Arr,AR:R M,AR:R M,-,Haugland ,20,/,40,0,5.3,5.3,
1952,MIC 101  01,INTRO TO MICROCOMP APPLI,4,MTW,9:40 AM,11:10 AM,BE 3174,"Tartow,robin",21,/,24,2,5.6,2.1,
1953,MIC 101  02,INTRO TO MICROCOMP APPLI,4,MTW,11:20 AM,12:50 PM,BE 3161,"Taylor, m. ",23,/,24,4,6.1,1.6,
1956,MIC 101  05,INTRO TO MICROCOMP APPLI,4,MW,5:30 PM,7:45 PM,BE 3175,"Spizman, ray",19,/,24,0,5.1,3.2,
1981,MIC 101  06,INTRO TO MICRO COMP APPL,4,TTh,5:30 PM,7:45 PM,BE 3167,"Rowe, donald",23,/,25,0,6.1,1.3,
1954,MIC 101  03,INTRO TO MICROCOMP APPLI,4,MTW,1:00 PM,2:30 PM,BE 3161,"Taylor, m. ",24,/,24,0,6.4,1.1,
,,,,,,,,,,,,,,,
Item,Course ID,Title,CR,Days,Class Time,,Room,Instructor,Enrolled,,,Wait,FTES,,
,,,,,Start,End,,,,,,List,TOTAL,STATE,
1977,MIC 104E  01,MS EXCEL,2,MW,11:20 AM,12:40 PM,BE 3165,"Tartow,robin",21,/,24,0,2.8,1.2,
1980,MIC 104F  01,FLASH,2,MW,2:40 PM,4:00 PM,BE 3174,"Miller, hugh",23,/,24,0,3.1,0.3,
1978,MIC 104P  01,MS PHOTOSHOP,2,TTh,2:40 PM,4:00 PM,BE 3175,"Anitas, mike",27,/,24,1,3.6,0.7,
1957,MIC 104W  01,INTRO TO MS WORD,2,TTh,11:20 AM,12:40 PM,BE 3175,"Tartow,robin",19,/,24,0,2.5,0.7,
1964,MIC 120  01,MS ACCESS,4,HYBRID - TTh,1:00 PM,2:50 PM,BE 3174,"Bothell, l. ",13,/,24,0,3.5,1.9,
974,MUSC 130  02,INDIVIDUAL VOICE INSTRUC,2,Arr,AR:R M,AR:R M,BE 4128,Cancel 8/15 ,0,/,5,0,0,0,
890,MUSC 130  01,INDIVIDUAL VOICE INSTRUC,2,Arr,AR:R M,AR:R M,BE 4128,Mesler ,2,/,5,0,0.1,0.1,
975,MUSC 130  03,INDIVIDUAL VOICE INSTRUC,2,Arr,AR:R M,AR:R M,BE 4128,Cancel 8/15 ,0,/,5,0,0,0,
978,MUSC 130  05,INDIVIDUAL VOICE INSTRUC,2,Arr,AR:R M,AR:R M,BE 4128,"Strandberg,l",5,/,5,0,0.5,0.2,
894,MUSC 134  01,IND INST:WOODWINDS,2,Arr,AR:R M,AR:R M,BE 4128,"Antolin, bob",1,/,5,0,0.1,0.1,
895,MUSC 135  01,IND INST PERCUSS,2,Arr,AR:R M,AR:R M,BE 4128,"Kirk, brian ",0,/,5,0,0,0,
896,MUSC 136  01,INDIVIDUAL: COMPOSITION,2,Arr,AR:R M,AR:R M,BE 4128,Mesler ,0,/,5,0,0,0,
988,MUSC 138  02,INDIVIDUAL INST: GUITAR,2,Arr,AR:R M,AR:R M,BE 4128,Cancel 8/15 ,0,/,5,0,0,0,
989,MUSC 138  03,INDIVIDUAL INST: GUITAR,2,Arr,AR:R M,AR:R M,BE 4128,"Contreas, p.",1,/,5,0,0,0,
898,MUSC 138  01,INDIVIDUAL INST: GUITAR,2,Arr,AR:R M,AR:R M,BE 4128,Mardis ,3,/,5,0,0.3,0.3,
848,MUSC&141  01,MUSIC THEORY I,5,DAILY,9:40 AM,11:10 AM,BPH0101,Kirk ,14,/,25,0,4.7,3.7,
891,MUSC 171  01,INDIV INSTRUCTION PIANO,2,Arr,AR:R M,AR:R M,BE 4128,Sasaki ,0,/,5,0,0,0,
982,MUSC 171  03,INDIV INSTRUCTION PIANO,2,Arr,AR:R M,AR:R M,BE 4128,Cancel 8/15 ,0,/,5,0,0,0,
981,MUSC 171  02,INDIV INSTRUCTION PIANO,2,Arr,AR:R M,AR:R M,BE 4128,Cancel 8/15 ,0,/,5,0,0,0,
897,MUSC 173  01,INDV. BRASS INSTRUCTION,2,Arr,AR:R M,AR:R M,BE 4128,Cancel 8/15 ,0,/,5,0,0,0,
,,,,,,,,,,,,,,,
Item,Course ID,Title,CR,Days,Class Time,,Room,Instructor,Enrolled,,,Wait,FTES,,
,,,,,Start,End,,,,,,List,TOTAL,STATE,
914,MUSC 185  02,COMPUTER MUSIC/RECORDING,5,MTWTh,11:20 AM,12:50 PM,BE 3151,"Kirk, brian ",22,/,25,0,7.3,5,
924,MUSC 298  01,PRACTICUM IN MUSIC,5,Arr,AR:R M,AR:R M,BE 4128,"Lane,bradley",1,/,15,0,0.3,0.3,
925,MUSC 299  01,PRACTICUM IN MUSIC,5,Arr,AR:R M,AR:R M,BE 4128,"Lane,bradley",0,/,15,0,0,0,
3214,NET 120  01,NETWORK ESSENTIALS,5,TTh,1:00 PM,3:50 PM,BE 3183,"Messerly, ed",18,/,30,0,6,5,
3226,NET 138  01,UNIX FOR NETWORK ADMIN,5,TTh,7:00 PM,9:50 PM,BE 3183,"Costello, r.",12,/,30,0,4,4,
3227,NET 146  01,NETWORK MANAGE. CISCO 3,5,MW,7:00 PM,9:50 PM,BE 3180,"Jackson,greg",9,/,24,0,3,3,
3225,NET 200  01,ENTERPRISE APPLICATIONS,10,MTWTh,9:40 AM,12:50 PM,BE 3183,"Messerly, ed",11,/,30,0,7.3,7.3,
1370,NTR 150  01,HUMAN NUTRITION,5,MW,1:00 PM,3:50 PM,SAM0105,"Baum, kira ",32,/,32,4,10.7,5.3,
9148,NTR 150  OL,HUMAN NUTRITION,5,Online,-,-,-,Ocken ,23,/,25,7,7.7,6.3,
3726,OPH 103  01,OPTICAL THEORY III,3,MW,9:00 AM,10:50 AM,BE 2125,"Coffman,lynn",13,/,27,0,2.6,2.6,
3730,OPH 106  01,CONTACT LENSES I,5,TTh,9:00 AM,10:50 AM,BE 2125,"Coffman,lynn",5,/,8,0,1.7,1.7,
3732,OPH 106  02,CONTACT LENSES I,5,TTh,9:00 AM,10:50 AM,BE 2125,"Coffman,lynn",8,/,8,0,2.7,2.7,
3750,OPH 113  02,FINISHING I,5,MW,8:00 AM,8:50 AM,BE 2125,"Coffman,lynn",8,/,8,0,2.7,2.7,
3748,OPH 113  01,FINISHING I,5,MW,8:00 AM,8:50 AM,BE 2125,"Coffman,lynn",5,/,8,0,1.7,1.7,
3714,OPH 197  01,WK.EXP: OPTICIANRY,5,Arr,AR:R M,AR:R M,-,"Van vliet, c",0,/,8,0,0,0,
3715,OPH 198  01,WK EXP: OPTICIANRY,5,Arr,AR:R M,AR:R M,-,"Van vliet, c",3,/,8,0,0.7,0.7,
3716,OPH 199  01,WK.EXP: OPTICIANRY,5,Arr,AR:R M,AR:R M,-,"Van vliet, c",0,/,25,0,0,0,
2886,PEC 131  01,BEG WEIGHT TRAINING,2,TTh,9:40 AM,11:10 AM,SAC0154,"Murphy, k. ",21,/,25,0,2.8,1.6,
2888,PEC 136  01,YOGA,2,TTh,9:00 AM,10:20 AM,SAC0207,"Sand,beth ",22,/,25,0,2.9,2.1,
2890,PEC 136  02,YOGA,2,TTh,1:00 PM,2:20 PM,SAC0207,"Sand,beth ",33,/,25,7,4.4,2,
,,,,,,,,,,,,,,,
Item,Course ID,Title,CR,Days,Class Time,,Room,Instructor,Enrolled,,,Wait,FTES,,
,,,,,Start,End,,,,,,List,TOTAL,STATE,
2897,PEC 136  03,YOGA,2,TTh,6:00 PM,7:20 PM,SAC0207,"Sand,beth ",29,/,25,2,3.9,1.3,
2889,PEC 136  02,YOGA,2,TTh,10:30 AM,11:50 AM,SAC0207,"Sand,beth ",24,/,25,0,3.2,1.7,
2892,PEC 150  01,PHYSICAL FITNESS,2,TTh,11:20 AM,12:50 PM,SAC0301,Murphy ,28,/,25,2,3.7,3.3,
2894,PEC 165  01,BODY CONDITIONING,2,TTh,1:00 PM,2:30 PM,SAC0301,Murphy ,25,/,25,1,3.3,2.4,
935,PHIL&101  01,INTRO TO PHILOSOPHY,5,MTWTh,9:40 AM,11:10 AM,BE 3212,"Curtis, rich",17,/,35,0,5.7,4.7,
936,PHIL&101  02,INTRO TO PHILOSOPHY,5,TTh,6:00 PM,9:00 PM,FA 0302,"Horton, m. ",32,/,35,0,10.7,5.3,
950,PHIL&120  01,SYMBOLIC LOGIC,5,MTWTh,11:20 AM,12:50 PM,BE 3212,"Harms, w. ",20,/,25,0,6.7,4,
9150,PHIL&120  OL,SYMBOLIC LOGIC,5,Online,-,-,-,"Hickox, chad",13,/,25,0,4.3,4,
972,PHIL 298  01,IND STUDY IN PHILOSOPHY,5,Arr,AR:R M,AR:R M,BE 4128,"Lane,bradley",1,/,5,0,0.2,0.2,
7920,PHO 197  01,WK EXP: PHOTOGRAPHY,5,Arr,AR:R M,AR:R M,-,"Kato, karen ",1,/,20,0,0.1,0.1,
1403,PHYS&221  01,ENGINEERING PHYSICS I,5,MTTh,7:50 AM,9:30 AM,SAM0206,Heller ,26,/,24,4,8.7,2.3,
1412,PHYS 299  01,INDEPENDENT STUDY,2,Arr,AR:R M,AR:R M,SAM0110,STAFF,0,/,5,0,0,0,
1587,POLS&101  02,INTRO POLITICAL SCIENCE,5,MTWTh,8:00 AM,9:30 AM,BE 4118,Livingston ,20,/,35,0,6.7,3.7,
1590,POLS&202  HY,AMERICAN GOVERNMENT,5,MW,11:20 AM,12:50 PM,BE 4143,"Esch, thomas",26,/,35,0,8.7,4.3,
1591,POLS&203  01,INTERNATIONAL RELATIONS,5,MTWTh,9:40 AM,11:10 AM,BE 4134,"Zouari,jawed",31,/,35,0,10.3,2.7,
1615,POLS 298  01,IND. STUDY IN POL. SCI.,5,Arr,AR:R M,AR:R M,BE 4128,"Lane,bradley",0,/,5,0,0,0,
1620,PSYC&100  03,GENERAL PSYCHOLOGY,5,MTWTh,1:00 PM,2:20 PM,BE 4160,"Batt, carol ",30,/,35,0,10,2.3,
1622,PSYC&100  05,GENERAL PSYCHOLOGY,5,MTWTh,1:00 PM,2:30 PM,BE 4123,"Richards, a.",29,/,35,0,9.7,6.3,
9152,PSYC&100  OL,GENERAL PSYCHOLOGY,5,Online,-,-,-,"Kuwada, kali",22,/,25,6,7.3,5.7,
1619,PSYC&100  02,GENERAL PSYCHOLOGY,5,MTWTh,9:40 AM,11:10 AM,BE 4122,"Jeffreys, c.",33,/,35,1,11,5.7,
,,,,,,,,,,,,,,,
Item,Course ID,Title,CR,Days,Class Time,,Room,Instructor,Enrolled,,,Wait,FTES,,
,,,,,Start,End,,,,,,List,TOTAL,STATE,
1618,PSYC&100  01,GENERAL PSYCHOLOGY,5,MTWTh,8:00 AM,9:30 AM,BE 4160,"Richards, a.",29,/,35,0,9.7,5.7,
1621,PSYC&100  04,GENERAL PSYCHOLOGY,5,MTWTh,2:40 PM,4:10 PM,BE 4140,"Leeson, c. ",36,/,35,4,12,1.3,
4807,PSYC&100  AA2,GENERAL PSYCHOLOGY,5,MTWTh,9:40 AM,12:50 PM,BE 4151,"Balhan, k. ",14,/,35,0,4.7,4.7,
1633,PSYC&200  02,LIFESPAN PSYCHOLOGY,5,TTh,6:00 PM,9:00 PM,BE 4118,Pitkanen ,30,/,35,0,10,8.7,
1632,PSYC&200  01,LIFESPAN PSYCHOLOGY,5,MTWTh,8:00 AM,9:30 AM,BE 4122,"Jeffreys, c.",32,/,35,0,10.7,8.7,
9168,PSYC&220  OL,ABNORMAL PSYCHOLOGY,5,Online,-,-,-,"Iannone,jeff",24,/,25,0,8,7.3,
1641,PSYC 240  CA,PSYCH OF HUMAN RELATIONS,3,TTh,2:00 PM,3:30 PM,BE 4148,"John, esther",34,/,35,2,6.8,6.4,
4808,PSYC 257  AA3,PSYCHOLOGY OF GENDER,5,MTWTh,9:40 AM,12:50 PM,BE 4151,"Balhan, k. ",13,/,55,0,4.3,4,
1671,PSYC 298  01,IND. STUDY IN PSYCHOLOGY,5,Arr,AR:R M,AR:R M,BE 4128,"Lane,bradley",0,/,5,0,0,0,
7930,RCP 197  01,WK.EXP: RESPIRATORY CARE,5,Arr,AR:R M,AR:R M,-,"Kato, karen ",0,/,25,0,0,0,
3812,RCP 240  03,CLINICAL PRACTICE III,4,MTF,7:00 AM,3:30 PM,-,"Harrison, r.",4,/,4,0,1.1,1.1,
3813,RCP 240  04,CLINICAL PRACTICE III,4,MTF,7:00 AM,3:30 PM,-,Mahoney ,4,/,4,0,1.1,0.8,
3814,RCP 240  05,CLINICAL PRACTICE III,4,MTF,7:00 AM,3:30 PM,-,"Mangum,debi ",3,/,4,0,0.8,0.8,
3820,RCP 240  06,CLINICAL PRACTICE III,4,MTF,7:00 AM,3:30 PM,-,Cancel 6/17 ,0,/,4,0,0,0,
3816,RCP 240  06,CLINICAL PRACTICE III,4,MTF,7:00 AM,3:30 PM,-,Cancel 6/17 ,0,/,4,0,0,0,
3810,RCP 240  01,CLINICAL PRACTICE III,4,MTF,7:00 AM,3:30 PM,-,"Goglia, fred",3,/,7,0,0.8,0.8,
3811,RCP 240  02,CLINICAL PRACTICE III,4,MTF,7:00 AM,3:30 PM,-,Mahoney ,4,/,4,0,1.1,1.1,
3815,RCP 241  01,R.C. OF CRIT. ILL ADULTS,2,W,8:30 AM,10:00 AM,BE 3189,"Goglia,fred ",18,/,25,0,2.4,2.3,
3817,RCP 243  01,PATHO FOR R.C. III,1,Th,10:30 AM,12:00 PM,BE 3189,"Goglia, fred",18,/,25,0,1.2,1.1,
3818,RCP 244  01,RESP.CARE FUND. IV,3,W,12:00 PM,2:00 PM,BE 3189,Mahoney ,18,/,25,0,3.6,3.4,
,,,,,,,,,,,,,,,
Item,Course ID,Title,CR,Days,Class Time,,Room,Instructor,Enrolled,,,Wait,FTES,,
,,,,,Start,End,,,,,,List,TOTAL,STATE,
3819,RCP 245  01,PHARMACOLOGY FOR R.C. IV,1,W,10:00 AM,11:30 PM,BE 3189,"Clark, j. ",18,/,25,0,1.2,1.1,
3852,RCP 299  01,IND STUDY IN RESP. CARE,3,Arr,AR:R M,AR:R M,ARR,"Goglia, fred",7,/,1,0,0.5,0.5,
7945,SAL 197  01,WK.EXP: SALES & MKT.,5,Arr,AR:R M,AR:R M,-,"Kato, karen ",0,/,15,0,0,0,
7950,SCI 197  01,WK.EXP: SCIENCE,5,Arr,AR:R M,AR:R M,-,"Kato, karen ",0,/,20,0,0,0,
3877,SHS 100  01,INTRO TO HUMAN SERVICES,5,TTh,2:30 PM,5:20 PM,BE 3219,Martin-water,23,/,35,0,7.7,7.7,
3879,SHS 103  01,SURVEY OF INSTITUTIONS,5,MW,11:00 AM,1:50 PM,BE 3199,"Ho, edwyna ",19,/,30,0,6.3,6.3,
3856,SHS 106  01,PRIN/INTERVIEWING&COUNSE,5,MW,6:00 PM,8:50 PM,BE 3199,Merrin ,27,/,35,0,9,8.3,
3878,SHS 108  01,GRP DYNAMICS & COUNSELNG,5,TTh,9:00 AM,12:50 PM,BE 3199,Martin-water,16,/,30,0,5.3,5.3,
3860,SHS 150  01,HIV/AIDS WORKSHOP,1,M,9:00 AM,2:20 PM,BE 2121,Vanzo ,28,/,30,1,1.9,1.8,
7955,SHS 197  01,WK.EXP: SOC/HUMAN SRVS.,3,Arr,AR:R M,AR:R M,-,Cancel 1/25 ,0,/,20,0,0,0,
3881,SHS 207  01,BEHAVIOR MANAGEMENT,3,T,5:00 PM,8:50 PM,BE 3199,Agpaoa-ryder,21,/,30,0,4.2,3.8,
3861,SHS 225  01,RELAPSE PREVENTION,1,MW,2:30 PM,4:40 PM,BE 3199,Agpaoa-ryder,21,/,30,0,1.4,1.4,
3891,SHS 226  01,ADOLESCENT ASSESSMENT,1,W,9:00 AM,4:00 PM,BE 2121,Rombouts ,23,/,35,0,1.5,1.5,
3865,SHS 231  01,PHYSIOLOGY ALCOHOLISM,3,MW,9:00 AM,10:50 AM,,Cancel/mar25,0,/,30,0,0,0,
3876,SHS 235  01,INTRO TO CHEM. DEPENDCY,5,TTh,11:00 AM,1:50 PM,BE 3219,"Ho, edwyna ",19,/,30,0,6.3,6.3,
3880,SHS 270  01,LAW & ETHICS IN CHEM DEP,3,W,5:00 PM,8:50 PM,BE 3219,Vanzo ,23,/,30,0,4.6,4.2,
3887,SHS 297  04,HSW:IMMIGRANT POPULATION,2,TTh,9:00 AM,12:50 PM,,Cancel/6/3 ,0,/,35,0,0,0,
3892,SHS 297  01,PROG DEV/GRANT WRITING,2,Th,5:00 PM,8:50 PM,BE 3161,Gephart ,19,/,35,0,2.5,2.3,
3888,SHS 297  01,HSW:SPIRITUALITY & RECOV,2,M,5:00 PM,8:50 PM,BE 3211,"Vanzo, pat ",15,/,35,0,2,1.9,
3890,SHS 297  01,HUMAN SERVICES WORKSHOP,2,MW,5:00 PM,8:50 PM,BE 4179,"Rombouts, e.",6,/,35,0,0.8,0.7,
,,,,,,,,,,,,,,,
Item,Course ID,Title,CR,Days,Class Time,,Room,Instructor,Enrolled,,,Wait,FTES,,
,,,,,Start,End,,,,,,List,TOTAL,STATE,
3889,SHS 299  01,INDEP STUDY OR RESEARCH,5,Arr,AR:R M,AR:R M,BE 3220,"Ho, edwyna ",2,/,5,0,0.3,0.3,
7505,SLN 105  01,SERVICE LRN: BUSINESS,2,Arr,AR:R M,AR:R M,-,Gorman ,0,/,30,0,0,0,
7506,SLN 106  01,SERVICE LRN: BUSINESS,2,Arr,AR:R M,AR:R M,-,Gorman ,0,/,30,0,0,0,
7507,SLN 107  01,SERVICE LRN:BUSINESS,2,Arr,AR:R M,AR:R M,-,Gorman ,0,/,30,0,0,0,
7508,SLN 108  01,SERVICE LRN:BUSINESS,2,Arr,AR:R M,AR:R M,-,Gorman ,0,/,30,0,0,0,
7510,SLN 110  01,SERVICE LRN:COMMUNICATIO,2,Arr,AR:R M,AR:R M,-,Gorman ,0,/,30,0,0,0,
7511,SLN 111  01,SERVICE LRN:COMMUNICATIO,2,Arr,AR:R M,AR:R M,-,Gorman ,0,/,30,0,0,0,
7512,SLN 112  01,SERVICE LRN:COMMUNICATIO,2,Arr,AR:R M,AR:R M,-,Gorman ,0,/,30,0,0,0,
7513,SLN 113  01,SERVICE LRN:COMMUNICATIO,2,Arr,AR:R M,AR:R M,-,Gorman ,0,/,30,0,0,0,
7515,SLN 115  01,SERVICE LRN:ENGLISH,2,Arr,AR:R M,AR:R M,-,Gorman ,1,/,30,0,0.1,0.1,
7516,SLN 116  01,SERVICE LRN: ENGLISH,2,Arr,AR:R M,AR:R M,-,Gorman ,0,/,30,0,0,0,
7517,SLN 117  01,SERVICE LRN: ENGLISH,2,Arr,AR:R M,AR:R M,-,Gorman ,0,/,30,0,0,0,
7518,SLN 118  01,SERVICE-LEARNING:ENGLISH,2,Arr,AR:R M,AR:R M,-,Gorman ,0,/,30,0,0,0,
7520,SLN 120  01,SERVICE LRN:HEALTH & HUM,2,Arr,AR:R M,AR:R M,-,Gorman ,0,/,30,0,0,0,
7521,SLN 121  01,SERVICE LRN:HEALTH & HUM,2,Arr,AR:R M,AR:R M,-,Gorman ,0,/,30,0,0,0,
7522,SLN 122  01,SERVICE LRN:HEALTH & HUM,2,Arr,AR:R M,AR:R M,-,Gorman ,0,/,30,0,0,0,
7523,SLN 123  01,SERVICE LRN:HEALTH & HU,2,Arr,AR:R M,AR:R M,-,Gorman ,0,/,30,0,0,0,
7525,SLN 125  01,SERVICE LRN:HOS/CUL ART,2,Arr,AR:R M,AR:R M,-,Gorman ,0,/,30,0,0,0,
7526,SLN 126  01,SERVICE LRN:HOS/CUL ARTS,2,Arr,AR:R M,AR:R M,-,Gorman ,0,/,30,0,0,0,
7527,SLN 127  01,SERVICE LRN:HOS/CUL ARTS,2,Arr,AR:R M,AR:R M,-,Gorman ,0,/,30,0,0,0,
,,,,,,,,,,,,,,,
Item,Course ID,Title,CR,Days,Class Time,,Room,Instructor,Enrolled,,,Wait,FTES,,
,,,,,Start,End,,,,,,List,TOTAL,STATE,
7528,SLN 128  01,SERVICE LRN:HOS/CUL ARTS,2,Arr,AR:R M,AR:R M,-,Gorman ,0,/,30,0,0,0,
7530,SLN 130  01,SERVICE LRN:HUMANITIES,2,Arr,AR:R M,AR:R M,-,Gorman ,0,/,30,0,0,0,
7531,SLN 131  01,SERVICE LRN:HUMANITIES,2,Arr,AR:R M,AR:R M,-,Gorman ,0,/,30,0,0,0,
7532,SLN 132  01,SERVICE LRN:HUMANITIES,2,Arr,AR:R M,AR:R M,-,Gorman ,0,/,30,0,0,0,
7533,SLN 133  01,SERVICE LRN:HUMANITIES,2,Arr,AR:R M,AR:R M,-,Gorman ,0,/,30,0,0,0,
7535,SLN 135  01,SERVICE LRN:INTERNATIONA,2,Arr,AR:R M,AR:R M,-,Gorman ,0,/,30,0,0,0,
7536,SLN 136  01,SERVICE LRN:INTERNATIONA,2,Arr,AR:R M,AR:R M,-,Gorman ,0,/,30,0,0,0,
7537,SLN 137  01,SERVICE LRN:INTERNATIONA,2,Arr,AR:R M,AR:R M,-,Gorman ,0,/,30,0,0,0,
7538,SLN 138  01,SERVICE LRN:INTERNATIONA,2,Arr,AR:R M,AR:R M,-,Gorman ,0,/,30,0,0,0,
7540,SLN 140  01,SERVICE LRN:LANG & CULTU,2,Arr,AR:R M,AR:R M,-,Gorman ,0,/,30,0,0,0,
7541,SLN 141  01,SERVICE LRN:LANG & CULTU,2,Arr,AR:R M,AR:R M,-,Gorman ,0,/,30,0,0,0,
7542,SLN 142  01,SERVICE LRN:LANG & CULTU,2,Arr,AR:R M,AR:R M,-,Gorman ,0,/,30,0,0,0,
7543,SLN 143  01,SERVICE LRN:LANG & CULTU,2,Arr,AR:R M,AR:R M,-,Gorman ,0,/,30,0,0,0,
7545,SLN 145  01,SERVICE LRN:MATH,2,Arr,AR:R M,AR:R M,-,Gorman ,0,/,30,0,0,0,
7546,SLN 146  01,SERVICE LRN:MATH,2,Arr,AR:R M,AR:R M,-,Gorman ,0,/,30,0,0,0,
7547,SLN 147  01,SERVICE LRN:MATH,2,Arr,AR:R M,AR:R M,-,Gorman ,0,/,30,0,0,0,
7548,SLN 148  01,SERVICE LRN:MATH,2,Arr,AR:R M,AR:R M,-,Gorman ,0,/,30,0,0,0,
7550,SLN 150  01,SERVICE LRN:SCIENCE,2,Arr,AR:R M,AR:R M,-,Gorman ,0,/,30,0,0,0,
7551,SLN 151  01,SERVICE LRN:SCIENCE,2,Arr,AR:R M,AR:R M,-,Gorman ,0,/,30,0,0,0,
7552,SLN 152  01,SERVICE LRN:SCIENCE,2,Arr,AR:R M,AR:R M,-,Gorman ,0,/,30,0,0,0,
,,,,,,,,,,,,,,,
Item,Course ID,Title,CR,Days,Class Time,,Room,Instructor,Enrolled,,,Wait,FTES,,
,,,,,Start,End,,,,,,List,TOTAL,STATE,
7553,SLN 153  01,SERVICE LRN:SCIENCE,2,Arr,AR:R M,AR:R M,-,Gorman ,0,/,30,0,0,0,
7555,SLN 155  01,SERVICE LRN:SOCIAL SCIEN,2,Arr,AR:R M,AR:R M,-,Gorman ,0,/,30,0,0,0,
7556,SLN 156  01,SERVICE LRN:SOCIAL SCIEN,2,Arr,AR:R M,AR:R M,-,Gorman ,0,/,30,0,0,0,
7557,SLN 157  01,SERVICE LRN:SOCIAL SCIEN,2,Arr,AR:R M,AR:R M,-,Gorman ,0,/,30,0,0,0,
7558,SLN 158  01,SERVICE LRN:SOCIAL SCIEN,2,Arr,AR:R M,AR:R M,-,Gorman ,0,/,30,0,0,0,
1686,SOC& 101  04,INTRO TO SOCIOLOGY,5,MTWTh,9:40 AM,11:10 AM,,Cancel 6/17 ,0,/,35,0,0,0,
1687,SOC& 101  01,INTRO TO SOCIOLOGY,5,MTWTh,8:00 AM,9:30 AM,BE 4144,"Hinckley, g.",27,/,35,0,9,3.3,
9154,SOC& 101  OL,INTRO TO SOCIOLOGY,5,Online,-,-,-,"Oka,kayleen ",24,/,25,0,8,6.7,
1688,SOC& 101  02,INTRO TO SOCIOLOGY,5,MTWTh,11:20 AM,12:50 PM,BE 4137,"Furuta,scott",25,/,35,1,8.3,3,
1689,SOC& 101  03,INTRO TO SOCIOLOGY,5,MTWTh,1:00 PM,2:30 PM,BE 4130,"Furuta,scott",30,/,35,0,10,4.7,
1698,SOC 298  01,SPECIAL TOPICS IN SOC,5,Arr,AR:R M,AR:R M,BE 4128,"Lane,bradley",0,/,15,0,0,0,
1719,SOC 299  01,SPECIAL PROBS IN SOCIOLO,5,Arr,AR:R M,AR:R M,BE 4128,"Lane,bradley",1,/,5,0,0.3,0.3,
9085,SPAN&121  VI,SPANISH I,5,Tele,-,-,-,Quintero ,17,/,25,0,5.7,5.7,
125,SPAN&121  01,SPANISH I,5,MTWTh,8:00 AM,1:30 PM,BE 4185,"Quintero, d.",11,/,30,0,3.7,3.7,
128,SPAN&121  02,SPANISH I,5,MTWTh,5:00 PM,9:30 PM,BE 4171,Quintana ,18,/,30,0,6,3.3,
126,SPAN&122  01,SPANISH II,5,MTWTh,8:00 AM,1:30 PM,BE 4185,Quintero ,15,/,30,0,5,5,
129,SPAN&122  02,SPANISH II,5,MTWTh,5:00 PM,9:30 PM,BE 4171,Quintana ,19,/,30,0,6.3,4.7,
9090,SPAN&122  VI,SPANISH II,5,Tele,-,-,-,Quintero ,11,/,25,0,3.7,3.3,
9095,SPAN&123  VI,SPANISH III,5,Tele,-,-,-,Quintero ,8,/,25,0,2.7,2.7,
130,SPAN&123  02,SPANISH III,5,MTWTh,5:00 PM,9:30 PM,BE 4171,"Tamburo,c. ",16,/,30,0,5.3,4.3,
,,,,,,,,,,,,,,,
Item,Course ID,Title,CR,Days,Class Time,,Room,Instructor,Enrolled,,,Wait,FTES,,
,,,,,Start,End,,,,,,List,TOTAL,STATE,
127,SPAN&123  01,SPANISH III,5,MTWTh,8:00 AM,1:30 PM,BE 4185,"Quintero, d.",14,/,30,0,4.7,4.7,
133,SPAN 299  01,0564 STUDY: SPANISH,5,Arr,AR:R M,AR:R M,BE 4128,"Lane,bradley",0,/,5,0,0,0,
7970,SSC 197  01,WK EXP: SOCIAL SCIENCE,5,Arr,AR:R M,AR:R M,-,"Kato, karen ",0,/,25,0,0,0,
7426,WCO 110  01,INTRO TO PROFESSIONAL WO,18,MTWTh,7:30 AM,4:30 PM,WCM0000,Cancel/6/3 ,0,/,16,0,0,0,
7432,WCO 141  01,RESIDENTIAL REMODELING,18,Arr,7:20 AM,4:30 PM,WCO0000,Mestemacher ,22,/,18,0,26.4,26.4,
7980,WCO 197  01,WK.EXP: WOOD CONSTRUCT.,12,Arr,AR:R M,AR:R M,-,"Kato, karen ",0,/,15,0,0,0,
3233,WEB 110  01,WEB AUTHORING 1,4,TTh,1:00 PM,3:30 PM,BE 3167,Sezmetylo ,29,/,30,0,7.7,6.4,
3235,WEB 120  01,WEB AUTHORING II,4,TTh,5:00 PM,7:20 PM,BE 3174,"Gildea,raven",10,/,30,0,2.7,2.4,
3238,WEB 130  01,WEB AUTHORING III,3,MW,7:30 PM,9:15 PM,,Cancel 6/10 ,0,/,30,0,0,0,
3234,WEB 150  01,INTRO TO JAVASCRIPT,4,MW,6:00 PM,8:20 PM,BE 3161,Eichler west,13,/,30,0,3.5,3.2,
3240,WEB 160  01,WRITING FOR THE WEB,2,MW,7:30 PM,8:50 PM,BE 3151,"Sinkula,mike",17,/,30,0,2.3,2.3,
3241,WEB 170  01,INTRO TO FLASH,3,TTh,7:30 PM,9:15 PM,,Cancel 6/10 ,0,/,30,0,0,0,
3203,WEB 202  01,USER CENTERED DESIGN,4,MW,1:00 PM,3:20 PM,BE 3167,"Sinkula,mike",14,/,30,0,3.7,3.5,
3243,WEB 205  01,WEB CAREER STRATEGIES,2,T,5:00 PM,7:20 PM,BE 3175,"Newman,bill ",34,/,30,1,4.5,4.5,
3244,WEB 210  01,ADVANCED WEB DESIGN,5,MW,4:00 PM,6:50 PM,BE 3167,"Sinkula,mike",17,/,30,0,5.7,5.7,
,,,,,,,,,,,,,,,
,,,,,,,,,,,,,,,
Clustered Classes:,,,,,,,,,,,,,,,
Item,Course ID,Title,CR,Days,Class Time,,Room,Instructor,Enrolled,,,Wait,FTES,,Cluster
,,,,,Start,End,,,,,,List,TOTAL,STATE,
10,BUS 104  01,KEYBOARDING,3,MTWTh,1:00 PM,2:20 PM,BE 3175,Natoli ,16,/,0,0,3.2,2.2,0010B341
12,BUS 106  01,SPEEDBUILDING,3,MTWTh,1:00 PM,2:20 PM,BE 3175,Natoli ,2,/,0,0,0.4,0.4,0010B341
561,ART 111  01,DRAWING,5,MW,12:20 AM,3:20 PM,FA 0402,"Chubotin, y.",23,/,25,0,7.7,2.3,0561B341
563,ART 112  01,DRAWING,5,MW,12:20 PM,3:20 PM,FA 0402,"Chubotin, y.",4,/,0,0,1.3,1.3,0561B341
565,ART 113  01,DRAWING,5,MW,12:20 PM,3:20 PM,FA 0402,"Chubotin, y.",1,/,0,0,0.3,0.3,0561B341
,,,,,,,,,,,,,,,
Item,Course ID,Title,CR,Days,Class Time,,Room,Instructor,Enrolled,,,Wait,FTES,,Cluster
,,,,,Start,End,,,,,,List,TOTAL,STATE,
562,ART 111  02,DRAWING,5,TTh,11:20 AM,2:20 PM,FA 0402,Tanzi ,15,/,25,0,5,2,0562B341
564,ART 112  02,DRAWING,5,TTh,11:20 AM,2:20 PM,FA 0402,Tanzi ,8,/,0,0,2.7,1.7,0562B341
566,ART 113  02,DRAWING,5,TTh,11:20 AM,2:20 PM,FA 0402,Tanzi ,1,/,0,0,0.3,0,0562B341
573,ART 201  01,PAINTING:Murals,5,MW,9:00 AM,12:00 PM,FA 0403,Barrie ,18,/,25,0,6,2,0573B341
575,ART 202  01,PAINTING:Murals,5,MW,9:00 AM,12:00 PM,FA 0403,Barrie ,3,/,0,0,1,0.7,0573B341
577,ART 203  01,PAINTING:Murals,5,MW,9:00 AM,12:00 PM,FA 0403,Barrie ,0,/,0,0,0,0,0573B341
860,MUSC 126  01,BEG GROUP PIANO,2,MTW,9:40 AM,10:50 AM,BPH0202,Mesler ,6,/,0,0,0.8,0.4,0860B341
870,MUSC 127  01,INT GROUP PIANO I,2,MTW,9:40 AM,10:50 AM,BPH0202,Mesler ,2,/,0,0,0.3,0.3,0860B341
880,MUSC 128  01,INT GROUP PIANO II,2,MTW,9:40 AM,10:50 AM,BPH0202,Mesler ,1,/,0,0,0.1,0.1,0860B341
878,MUSC 221  01,SECOND YEAR PIANO:I,2,MTW,9:40 AM,10:50 AM,BPH0202,Mesler ,0,/,0,0,0,0,0860B341
886,MUSC 222  01,ADVANCED GROUP PIANO,2,MTW,9:40 AM,10:50 AM,BPH0202,Mesler ,0,/,0,0,0,0,0860B341
879,MUSC 223  01,ADVANCED GROUP PIANO,2,MTW,9:40 AM,10:50 AM,BPH0202,Mesler ,0,/,0,0,0,0,0860B341
1180,CSC 142  01,COMPUTER PROG/EGR AND SC,5,MTWTh,9:40 AM,11:10 AM,SAM0202,Lepeintre ,31,/,25,1,10.3,7,1180B341
1204,ENGR 142  01,COMPUTER PROGR/ENGIN/SCI,5,MTWTh,9:40 AM,11:10 AM,SAM0202,Cancel 6/17 ,0,/,0,0,0,0,1180B341
1245,MATH 081  GA1,BASIC MATH SKILLS,5,MTWTh,9:40 AM,11:10 AM,BE 3161,"Firpo, m. ",12,/,0,5,4,4,1245B341
1272,MATH 084  GA1,ALGEBRA I,5,MTWTh,9:40 AM,11:10 AM,BE 3161,"Firpo, m. ",10,/,0,1,3.3,3.3,1245B341
1288,MATH 085  GA1,ALGEBRA II,5,MTWTh,9:40 AM,11:10 AM,BE 3161,"Firpo, m. ",5,/,0,0,1.7,1.7,1245B341
1303,MATH 098  GA1,INTERMEDIATE ALGEBRA,5,MTWTh,9:40 AM,11:10 AM,BE 3161,"Firpo, m. ",5,/,32,0,1.7,1.3,1245B341
1955,MIC 101  HY,INTRO TO MICROCOMP APPLI,4,HYBRID - M,1:00 PM,2:50 PM,BE 3156,"Moh,yun-jong",14,/,0,0,3.7,1.9,1955B341
9138,MIC 101  OL,INTRO TO MICROCOMP APPLI,4,Online,-,-,-,"Moh,yun-jong",9,/,0,0,2.4,1.3,1955B341
,,,,,,,,,,,,,,,
Item,Course ID,Title,CR,Days,Class Time,,Room,Instructor,Enrolled,,,Wait,FTES,,Cluster
,,,,,Start,End,,,,,,List,TOTAL,STATE,
3905,CDS 197  01,FIELD PLACEMENT:CHEM DEP,3,Arr,AR:R M,AR:R M,BE 3220,"Ho, edwyna ",6,/,25,0,1.2,1.2,3905B341
3906,CDS 198  01,FIELD PL/CHEM DEPENDENCY,3,Arr,AR:R M,AR:R M,BE 3220,"Ho, edwyna ",5,/,25,0,1,0.8,3905B341
3907,CDS 199  01,FIELD PL/CHEM DEPENDENCY,4,Arr,AR:R M,AR:R M,BE 3220,"Ho, edwyna ",2,/,25,0,0.5,0.5,3905B341
3908,SHS 197  01,FIELD P/SOCIAL & HUM SER,3,Arr,AR:R M,AR:R M,BE 3220,Martin-water,8,/,25,0,1.6,1.6,3908B341
3909,SHS 198  01,FIELD P/SOCIAL & HUM SER,3,Arr,AR:R M,AR:R M,BE 3220,Martin-water,4,/,25,0,0.8,0.8,3908B341
3910,SHS 199  01,FIELD P/SOCIAL & HUM SER,4,Arr,AR:R M,AR:R M,BE 3220,Martin-water,10,/,25,0,2.7,2.7,3908B341
4497,ABS 497  01,ADV FIELD PLACEMENT I,5,Arr,AR:R M,: M,BE 3220,Hackett ,4,/,0,0,1.3,1.3,4497B341
4498,ABS 498  01,ADV FIELD PLACEMENT II,5,Arr,AR:R M,AR:R M,BE 3220,Hackett ,5,/,30,0,1.7,1.7,4497B341
4906,ABE 049  IBS,BASIC SKILLS SUPPORT,4,TWThF,11:20 AM,12:50 PM,-,"Loos,daniel ",8,/,0,0,2.1,2.1,4907B341
4907,ESL 059  IBS,VESL IT SUPPORT,4,TWThF,11:20 AM,12:50 PM,-,"Ong, elaine ",2,/,0,0,0.5,0.5,4907B341
5274,ABE 049  IBS,ECE VABE,3,Th,6:00 PM,9:00 PM,BE 3209,Cancel 8/15 ,0,/,0,0,0,0,5273B341
5273,ESL 059  IBS,ECE VESL,3,Th,6:00 PM,9:00 PM,BE 3209,"Saldin, mary",8,/,0,0,1.6,1.6,5273B341
5305,ABE 021  01,ABE 2 MATH,5,MTWTh,9:40 AM,11:10 AM,BE 3192,"Danz, eileen",5,/,0,0,1.7,1.7,5302B341
5306,ABE 031  01,ABE 3 MATH,5,MTWTh,9:40 AM,11:10 AM,BE 3192,"Danz, eileen",10,/,0,0,3.3,3.3,5302B341
5302,ABE 041  01,ABE 4 MATH,5,MTWTh,9:40 AM,11:10 AM,BE 3192,"Danz, eileen",7,/,0,0,2.3,2.3,5302B341
5308,ABE 061  01,ABE 6 MATH,5,MTWTh,9:40 AM,11:10 AM,BE 3120,"John, annie ",11,/,0,0,3.7,3.7,5308B341
5309,GED 051  01,GED 5 MATH,5,MTWTh,9:40 AM,11:10 AM,BE 3120,"John, annie ",9,/,0,0,3,3,5308B341
5310,GED 061  01,GED 6 MATH,5,MTWTh,9:40 AM,11:10 AM,BE 3120,"John, annie ",10,/,0,0,3.3,3.3,5308B341
5312,ABE 022  01,ABE 2 COMM,5,MTWTh,11:20 AM,12:50 PM,BE 3120,Treat ,3,/,0,0,1,1,5312B341
5313,ABE 032  01,ABE 3 COMM,5,MTWTh,11:20 AM,12:50 PM,BE 3120,Treat ,5,/,0,0,1.7,1.7,5312B341
,,,,,,,,,,,,,,,
Item,Course ID,Title,CR,Days,Class Time,,Room,Instructor,Enrolled,,,Wait,FTES,,Cluster
,,,,,Start,End,,,,,,List,TOTAL,STATE,
5314,ABE 042  01,ABE 4 COMM,5,MTWTh,11:20 AM,12:50 PM,BE 3120,Treat ,7,/,0,0,2.3,2.3,5312B341
5315,ABE 062  01,ABE 6 COMM,5,MTWTh,11:20 AM,12:50 PM,BE 3118,"John, annie ",12,/,0,0,4,4,5315B341
5316,GED 052  01,GED 5 COMM,5,MTWTh,11:20 AM,12:50 PM,BE 3118,"John, annie ",16,/,0,0,5.3,5.3,5315B341
5348,ABE 021  02,ABE 2 MATH,3,TWTh,6:00 PM,7:10 PM,BE 3120,Acorda ,5,/,0,0,1,1,5348B341
5349,ABE 031  02,ABE 3 MATH,3,TWTh,6:00 PM,7:10 PM,BE 3120,Acorda ,8,/,0,0,1.6,1.6,5348B341
5350,ABE 041  02,ABE 4 MATH,3,TWTh,6:00 PM,7:10 PM,BE 3119,Gribos ,10,/,0,0,2,2,5350B341
5361,ABE 061  02,ABE 6 MATH,3,TWTh,6:00 PM,7:10 PM,BE 3119,Gribos ,1,/,0,0,0.2,0.2,5350B341
5351,GED 051  02,GED 5 MATH,3,TWTh,6:00 PM,7:10 PM,BE 3119,Gribos ,9,/,0,0,1.8,1.8,5350B341
5352,GED 061  02,GED 6 MATH,3,TWTh,6:00 PM,7:10 PM,BE 3119,Gribos ,1,/,0,0,0.2,0.2,5350B341
5353,ABE 062  02,ABE 6 COMM,3,TWTh,7:20 PM,8:30 PM,BE 3119,Gribos ,6,/,0,0,1.2,1.2,5353B341
5355,GED 052  02,GED 5 COMM PREP,3,TWTh,7:20 PM,8:30 PM,BE 3119,Gribos ,11,/,0,0,2.2,2.2,5353B341
5356,GED 062  02,GED 6 COMM PREP,3,TWTh,7:20 PM,8:30 PM,BE 3119,Gribos ,1,/,0,0,0.2,0.2,5353B341
5357,ABE 022  02,ABE 2 COMM,3,TWTh,7:20 PM,8:30 PM,BE 3120,Acorda ,1,/,0,0,0.2,0.2,5354B341
5358,ABE 032  02,ABE 3 COMM,3,TWTh,7:20 PM,8:30 PM,BE 3120,Acorda ,5,/,0,0,1,1,5354B341
5354,ABE 042  02,ABE 4 COMM,3,TWTh,7:20 PM,8:30 PM,BE 3120,Acorda ,4,/,0,0,0.8,0.8,5354B341
5371,GED 051  SP,GED 5 MATH/ESP,5,MW,6:00 PM,9:00 PM,BE 3189,"Coots, n. ",15,/,0,0,5,5,5371B341
5372,GED 061  SP,GED 6 MATH/ESP,5,MW,6:00 PM,9:00 PM,BE 3189,"Coots, n. ",1,/,0,0,0.3,0.3,5371B341
5373,GED 052  SP,GED 5 CMU/ESP,5,TTh,6:00 PM,9:00 PM,BE 3189,"Coots, n. ",11,/,0,0,3.7,3.7,5373B341
5374,GED 062  SP,GED 6 CMU/ESP,5,TTh,6:00 PM,9:00 PM,BE 3189,"Coots, n. ",1,/,0,0,0.3,0.3,5373B341
5444,ESL 047  01,ESL4 C.A.L.L.,5,MTWTh,11:30 PM,1:00 PM,BE 3138,"Boon,rebecca",12,/,0,0,4,4,5444B341
,,,,,,,,,,,,,,,
Item,Course ID,Title,CR,Days,Class Time,,Room,Instructor,Enrolled,,,Wait,FTES,,Cluster
,,,,,Start,End,,,,,,List,TOTAL,STATE,
5445,ESL 057  01,ESL5 C.A.L.L.,5,MTWTh,11:30 PM,1:00 PM,BE 3138,"Boon,rebecca",1,/,0,0,0.3,0.3,5444B341
5500,ESL 007  01,ESL PRE-LITERACY,10,MTWTh,9:00 AM,12:00 PM,-,Cuizon-loor ,7,/,0,0,4.7,4.7,5500B341
5501,ESL 010  01,ESL LEVEL 1,10,MTWTh,9:00 AM,12:00 PM,-,Cuizon-loor ,1,/,0,0,0.7,0.7,5500B341
5502,ESL 020  01,ESL LEVEL 2,10,MTWTh,9:00 AM,12:00 PM,-,Serequeberha,7,/,0,0,4.7,4.7,5502B341
5503,ESL 030  01,ESL LEVEL 3,10,MTWTh,9:00 AM,12:00 PM,-,Serequeberha,3,/,0,0,2,2,5502B341
5504,ESL 010  RBL,ESL-LEVEL 1,4,MW,10:15 AM,12:45 PM,-,Cancel 6/17 ,0,/,0,0,0,0,5504B341
5505,ESL 020  RBL,ESL-LEVEL 2,4,MW,10:15 AM,12:45 PM,-,Cancel 6/17 ,0,/,0,0,0,0,5504B341
5506,ESL 040  YTE,ESL LEVEL 4,4,MW,3:30 PM,4:45 PM,-,"Richards, m.",16,/,0,0,4.3,4.3,5506B341
5507,ESL 050  YTE,ESL LEVEL 5,4,MW,3:30 PM,4:45 PM,-,"Richards, m.",3,/,0,0,0.8,0.8,5506B341
5557,ESL 007  AC1,ESL LITERACY,8,MTWTh,5:00 PM,7:30 PM,-,"Ericksen, r.",11,/,0,0,5.9,5.9,5557B341
5558,ESL 010  AC1,ESL 1,8,MTWTh,5:00 PM,7:30 PM,-,"Ericksen, r.",13,/,0,0,6.9,6.9,5557B341
5559,ESL 020  AC1,ESL LEVEL 2,4,TTh,5:00 PM,7:30 PM,-,"Mckamey, t. ",15,/,0,0,4,4,5559B341
5560,ESL 030  AC1,ESL LEVEL 3,4,TTh,5:00 PM,7:30 PM,-,"Mckamey, t. ",7,/,0,0,1.9,1.9,5559B341
5561,ESL 020  AC2,ESL LEVEL 2,4,MW,5:00 PM,7:30 PM,-,"Mckamey, t. ",11,/,0,0,2.9,2.9,5561B341
5562,ESL 030  AC2,ESL LEVEL 3,4,MW,5:00 PM,7:30 PM,-,"Mckamey, t. ",5,/,0,0,1.3,1.3,5561B341
5588,GED 051  SP2,GED 5 MATH,5,TTh,10:00 AM,1:00 PM,-,Cancel 6/17 ,0,/,0,0,0,0,5588B341
5589,GED 061  SP2,GED 6 MATH,5,TTh,10:00 AM,1:00 PM,-,Cancel 6/17 ,0,/,0,0,0,0,5588B341
5590,GED 052  SP3,GED 5 COMM,5,MW,6:00 PM,9:00 PM,-,"Orbegozo, a.",7,/,0,0,2.3,2.3,5590B341
5591,GED 062  SP3,GED 6 COMM,5,MW,6:00 PM,9:00 PM,-,"Orbegozo, a.",4,/,0,0,1.3,1.3,5590B341
5592,GED 051  SP3,GED 5 MATH,5,MW,6:00 PM,9:00 PM,-,Cancel 8/15 ,0,/,0,0,0,0,5592B341
,,,,,,,,,,,,,,,
Item,Course ID,Title,CR,Days,Class Time,,Room,Instructor,Enrolled,,,Wait,FTES,,Cluster
,,,,,Start,End,,,,,,List,TOTAL,STATE,
5593,GED 061  SP3,GED 6 MATH,5,MW,6:00 PM,9:00 PM,-,"Orbegozo, a.",3,/,0,0,1,1,5592B341
5594,ESL 010  SEM,ESL-LEVEL 1,5,TTh,6:00 PM,9:00 PM,-,cancel 7/3 ,0,/,0,0,0,0,5594B341
5595,ESL 020  SEM,ESL-LEVEL 2,5,TTh,6:00 PM,9:00 PM,-,cancel 7/3 ,0,/,0,0,0,0,5594B341
5597,ESL 010  ELC,ESL-LEVEL 1,4,TTh,5:30 PM,8:00 PM,-,Robertson ,14,/,0,0,3.7,3.7,5597B341
5598,ESL 020  ELC,ESL-LEVEL 2,4,TTh,5:30 PM,8:00 PM,-,Robertson ,13,/,0,0,3.5,3.5,5597B341
5599,ESL 020  SPL,ESL - LEVEL 2,4,TTh,10:15 AM,12:45 PM,-,"Chuprina, l.",8,/,0,0,2.1,2.1,5599B341
5600,ESL 030  SPL,ESL - LEVEL 3,4,TTh,10:15 AM,12:45 PM,-,"Chuprina, l.",10,/,0,0,2.7,2.7,5599B341
5603,ABE 030  KC,ABE 3,8,Arr,8:00 AM,10:40 AM,-,Gribos ,2,/,0,0,0.6,0.6,5603B341
5604,ABE 040  KC,ABE 4,8,Arr,8:00 AM,10:40 AM,-,Gribos ,3,/,0,0,1.6,1.6,5603B341
5605,GED 050  KC,GED 5,8,Arr,8:00 AM,10:40 AM,-,Gribos ,10,/,0,0,4.8,4.8,5603B341
5606,GED 060  KC,GED 6,8,Arr,8:00 AM,10:40 AM,-,Gribos ,7,/,0,0,3,3,5603B341
5608,ABE 030  KC2,ABE 3,8,Arr,8:00 AM,10:40 AM,-,Gruver ,1,/,0,0,0.5,0.5,5608B341
5609,ABE 040  KC2,ABE 4,8,Arr,8:00 AM,10:40 AM,-,"Waits, s. ",3,/,0,0,1.6,1.6,5608B341
5610,GED 050  KC2,GED 5,8,Arr,8:00 AM,10:40 AM,-,"Waits, s. ",11,/,0,0,4.9,4.9,5608B341
5611,GED 060  KC2,GED 6,8,Arr,8:00 AM,10:40 AM,-,"Waits, s. ",3,/,0,0,1.5,1.5,5608B341
9000,ANTH&206  VI,CULTURAL ANTHROPOLOGY,5,Tele,-,-,-,Mccrath ,3,/,23,0,1,1,9000B341
9001,ANTH&206  TV,CULTURAL ANTHROPOLOGY,5,Tele,-,-,-,Mccrath ,0,/,2,0,0,0,9000B341
9005,ASTR&100  VI,SURVEY OF ASTRONOMY,5,Tele,-,-,-,"Larson, ana ",16,/,23,0,5.3,4.7,9005B341
9006,ASTR&100  TV,SURVEY OF ASTRONOMY,5,Tele,-,-,-,"Larson, ana ",0,/,2,0,0,0,9005B341
9011,PSYC&200  TV,LIFESPAN PSYCHOLOGY,5,Tele,-,-,-,"Higdon, d. ",0,/,2,0,0,0,9010B341
,,,,,,,,,,,,,,,
Item,Course ID,Title,CR,Days,Class Time,,Room,Instructor,Enrolled,,,Wait,FTES,,Cluster
,,,,,Start,End,,,,,,List,TOTAL,STATE,
9010,PSYC&200  VI,LIFESPAN PSYCHOLOGY,5,Tele,-,-,-,"Higdon, d. ",19,/,23,0,6.3,6,9010B341
9015,ENGL&101  VI,ENGLISH COMPOSITION I,5,Tele,-,-,-,Bachar ,3,/,23,0,1,0.7,9015B341
9016,ENGL&101  TV,ENGLISH COMPOSITION I,5,Tele,-,-,-,Bachar ,0,/,2,0,0,0,9015B341
9020,ENGL&102  VI,COMPOSITION II,5,Tele,-,-,-,"Cole, doug ",14,/,23,0,4.7,4,9020B341
9021,ENGL&102  TV,COMPOSITION II,5,Tele,-,-,-,"Cole, d. ",0,/,2,0,0,0,9020B341
9050,HUM 105  VI,IS/S-INTERCULTURAL COMM,5,Tele,-,-,-,"Giday,taare ",11,/,23,0,3.7,3.7,9050B341
9051,HUM 105  TV,IS/S-INTERCULTURAL COMM,5,Tele,-,-,-,"Giday,taare ",0,/,2,0,0,0,9050B341
9066,PHIL 215  TV,IS-INTRO TO ETHICS,5,Tele,-,-,-,"George,edwin",0,/,2,0,0,0,9065B341
9065,PHIL 215  VI,IS-INTRO TO ETHICS,5,Tele,-,-,-,"George,edwin",9,/,23,0,3,2.7,9065B341
9070,PSYC&100  VI,GENERAL PSYCHOLOGY,5,Tele,-,-,-,"Smith, brian",21,/,23,0,7,5.3,9070B341
9071,PSYC&100  TV,GENERAL PSYCHOLOGY,5,Tele,-,-,-,"Smith, brian",1,/,2,0,0.3,0,9070B341
9080,PSYC&220  VI,ABNORMAL PSYCHOLOGY,5,Tele,-,-,-,"Higdon, d. ",17,/,23,0,5.7,5,9080B341
9081,PSYC&220  TV,ABNORMAL PSYCHOLOGY,5,Tele,-,-,-,"Higdon, d. ",1,/,2,0,0.3,0.3,9080B341
9107,BUS 104  OL,KEYBOARDING,3,Online,-,-,-,"Aragon, c. ",15,/,0,0,3,2.4,9107B341
9110,BUS 106  OL,SPEEDBUILDING,3,Online,-,-,-,"Aragon, c. ",3,/,0,0,0.6,0.4,9107B341
9142,MIC 151  OL,WEB DESIGN & DEVELOPMENT,5,Online,-,-,-,"Moh,yun-jong",15,/,0,0,5,3.7,9142B341
9143,MIC 215  OL,INTRO TO DREAMWEAVER,4,Online,-,-,-,"Moh,yun-jong",4,/,0,0,1.1,0.8,9142B341
,,,,,,,,,,,,,,,
Non-Clustered Class Summary:,,,,,,,,,,,,,,,
Total Open Classes: 337,,,,,,,,,,,,,,,
,,,,,,,,,,,,,,,
Total Cancelled Classes: 118,,,,,,,,,,,,,,,
"Total Enrolled in Classes: 6,481",,,,,,,,,,,,,,,
Average Class Enrollment: 19 (cancelled classes not factored),,,,,,,,,,,,,,,
,,,,,,,,,,,,,,,
FTES,,,,,,,,,,,,,,,
"Total FTES: 1,945.7",,,,,,,,,,,,,,,
"Total State-Funded FTES: 1,399.9",,,,,,,,,,,,,,,
,,,,,,,,,,,,,,,
,,,,,,,,,,,,,,,
Clustered Class Summary:,,,,,,,,,,,,,,,
Total Open Clusters: 50,,,,,,,,,,,,,,,
,,,,,,,,,,,,,,,
Total Cancelled Classes: 20,,,,,,,,,,,,,,,
Total Enrolled in Classes: 796,,,,,,,,,,,,,,,
Average Class Enrollment: 27 (cancelled classes not factored),,,,,,,,,,,,,,,
,,,,,,,,,,,,,,,
FTES,,,,,,,,,,,,,,,
Total FTES: 252.0,,,,,,,,,,,,,,,
Total State-Funded FTES: 222.5,,,,,,,,,,,,,,,
