SPRING 12 : 10/23/2013 1:31:29 PM,,,,,,,,,,,,,,,
,,,,,,,,,,,,,,,
Report Title: All Classes ,,,,,,,,,,,,,,,
,,,,,,,,,,,,,,,
Non-Clustered Classes: ,,,,,,,,,,,,,,,
Item,Course ID,Title,CR,Days,Class Time,,Room,Instructor,Enrolled,,,Wait,FTES,,
,,,,,Start,End,,,,,,List,TOTAL,STATE,
1842,ABE 040  04,ABE LEVEL 4,5,TTh,6:00 PM,8:30 PM,IB 3330,Cancel 3/20,0,/,0,0,0,0,
4002,ACCT 110  I2,INTRO TO ACCTG/BOOKG I,5,MW,6:00 PM,9:00 PM,IB 3409,Slozano ,27,/,35,0,15.8,15.8,
9411,ACCT 110  D1,INTRO TO ACCTG/BOOKG I,5,Online,-,-,-,Egodifay ,21,/,25,0,7,6.7,
4005,ACCT 120  01,INTRO TO ACCTG/BOOKG II,5,Other,11:00 AM,11:50 AM,IB 3315,Djovanovich ,13,/,30,0,4.3,4.3,
4008,ACCT 131  01,QUICKBOOKS,5,DAILY,12:00 PM,12:50 PM,IB 3307,Djovanovich ,22,/,30,0,7.3,6.3,
4018,ACCT 200  01,ACCT FOR NON ACCOUNTANTS,5,DAILY,9:00 AM,9:50 AM,IB 3413,Cancel 4/02,0,/,30,0,0,0,
4020,ACCT&201  01,PRIN OF ACCOUNTING I,5,DAILY,10:00 AM,10:50 AM,IB 3316,Breland ,28,/,30,0,9.3,4,
4022,ACCT&201  02,PRIN OF ACCOUNTING I,5,DAILY,9:00 AM,9:50 AM,IB 3313,Jcsmith ,30,/,30,0,10,3,
9410,ACCT&201  D1,PRIN OF ACCOUNTING I,5,Online,-,-,-,Htian ,28,/,30,0,9.3,8.7,
4024,ACCT&201  03N,PRIN OF ACCOUNTING I,5,Other,5:30 PM,7:40 PM,IB 3327,Dchu ,35,/,30,1,11.7,6.3,
4030,ACCT&202  03N,PRIN OF ACCOUNTING II,5,MW,5:30 PM,7:40 PM,IB 3413,Dchu ,27,/,30,1,9,3.7,
4028,ACCT&202  01,PRIN OF ACCOUNTING II,5,DAILY,10:00 AM,10:50 AM,IB 3313,Jcsmith ,33,/,30,0,11,3.7,
9413,ACCT&202  D1,PRIN OF ACCOUNTING II,5,Online,-,-,-,Rwoods ,32,/,33,0,10.7,9.7,
4029,ACCT&202  02,PRIN OF ACCOUNTING II,5,DAILY,11:00 AM,11:50 AM,LB 1231,Esedlik ,30,/,30,0,10,3.7,
4034,ACCT&203  03N,PRIN OF ACCOUNTING III,5,MW,5:30 PM,7:40 PM,IB 3313,Jcsmith ,22,/,30,0,7.3,4.3,
4031,ACCT&203  01,PRIN OF ACCOUNTING III,5,DAILY,10:00 AM,10:50 AM,LB 1231,Esedlik ,39,/,30,0,13,3,
4032,ACCT&203  02,PRIN OF ACCOUNTING III,5,DAILY,11:00 AM,11:50 AM,IB 3313,Jcsmith ,26,/,30,0,8.7,4.3,
9414,ACCT&203  D1,PRIN OF ACCOUNTING III,5,Online,-,-,-,Rwoods ,30,/,30,0,10,8,
9420,ACCT 251  D1,INTERMEDIATE ACCOUNTG I,5,Online,-,-,-,Cancel 01/13,0,/,25,0,0,0,
9418,ACCT 251  D1,INTERMEDIATE ACCOUNTG I,5,Online,-,-,-,Rwoods ,22,/,30,0,7.3,6.7,
,,,,,,,,,,,,,,,
Item,Course ID,Title,CR,Days,Class Time,,Room,Instructor,Enrolled,,,Wait,FTES,,
,,,,,Start,End,,,,,,List,TOTAL,STATE,
9417,ACCT 251  D1,INTERMEDIATE ACCOUNTG I,5,Online,-,-,-,Rwoods ,19,/,25,0,6.3,6.3,
9419,ACCT 254  D1,ADVANCED ACCOUNTING,5,Online,-,-,-,Cfulton ,17,/,25,0,5.7,5,
9422,ACCT 255  D1,INDIVIDUAL INCOME TAX,5,Online,-,-,-,Egodifay ,20,/,25,0,6.7,7,
4040,ACCT 255  01N,INDIVIDUAL INCOME TAX,5,TTh,5:30 PM,7:40 PM,IB 3313,Hhongvilay ,10,/,30,0,3.3,2.7,
9425,ACCT 256  D1,TAXATION OF CORP AND PAR,5,Online,-,-,-,Nrdaniels ,25,/,25,0,8.3,8,
9424,ACCT 256  D2,TAXATION OF CORP AND PAR,5,Online,-,-,-,Nrdaniels ,14,/,25,0,4.7,4.3,
9426,ACCT 257  D1,BUSINESS TAX ACCOUNTING,5,Online,-,-,-,Cancel 2/01,0,/,25,0,0,0,
9428,ACCT 261  D2,ACCOUNTING INFO SYSTEMS,5,Online,-,-,-,Jzeng ,18,/,25,0,6,5.7,
9427,ACCT 261  D1,ACCOUNTING INFO SYSTEMS,5,Online,-,-,-,Jzeng ,22,/,25,0,7.3,7.3,
9429,ACCT 267  D1,NOT FOR PROFIT FIN MNGMT,5,Online,-,-,-,Kfoe ,21,/,25,4,7,7,
9430,ACCT 269  D1,NOT-FOR-PROF PRACTICE,5,Online,-,-,-,Lpsomostithi,19,/,25,0,6.3,6,
9432,ACCT 274  D1,FORENSIC ACCOUNTING,5,Online,-,-,-,Lpsomostithi,25,/,25,0,8.3,8.3,
9435,ACCT 275  D1,AUDITING,5,Online,-,-,-,Kfoe ,25,/,25,2,8.3,8.3,
4060,ACCT 298  01,SPECIAL TOPIC:ACCOUNTING,5,Arr,AR:R M,AR:R M,ARR,Rwoods ,1,/,5,0,0.3,0.3,
6508,AHE 103  02,MATH FOR HEALTH CAREERS,3,TTh,7:00 PM,8:20 PM,IB 3417,Tdguirl ,10,/,30,0,2,2,
6506,AHE 103  01,MATH FOR HEALTH CAREERS,3,MW,1:00 PM,2:20 PM,IB 3416,Tdguirl ,27,/,30,0,5.4,5.4,
6504,AHE 191  CPR,HEALTHCARE PROVIDER CPR,2,Th,6:00 PM,10:00 PM,CC 1161,Mbloom ,42,/,42,0,5.6,5.6,
6512,AHE 242  02,BASIC BLOOD COLLECTION,2,Sa,9:00 AM,4:00 PM,IB 1417,Tdguirl ,12,/,12,0,1.6,1.6,
6510,AHE 242  01,BASIC BLOOD COLLECTION,2,Sa,9:00 AM,4:00 PM,IB 1417,Tdguirl ,20,/,20,0,2.7,2.7,
9336,AHI 100  D1,INTRO TO MED VOCABULARY,3,Online,-,-,-,Bgeary ,25,/,25,0,5,4.4,
,,,,,,,,,,,,,,,
Item,Course ID,Title,CR,Days,Class Time,,Room,Instructor,Enrolled,,,Wait,FTES,,
,,,,,Start,End,,,,,,List,TOTAL,STATE,
9338,AHI 100  D2,INTRO TO MED VOCABULARY,3,Online,-,-,-,Bgeary ,23,/,25,0,4.6,4,
9340,AHI 100  DP3,INTRO TO MED VOCABULARY,3,Online,-,-,-,Bgeary ,21,/,25,0,4.2,4.2,
9342,AHI 100  D4,INTRO TO MED VOCABULARY,3,Online,-,-,-,Bgeary ,22,/,25,0,4.4,4.4,
6650,AHM 101  04,PATHOLOGY 1,1,Arr,AR:R M,AR:R M,IB 1318,Mallen ,4,/,25,0,0.3,0.3,
6651,AHM 102  04,PATHOLOGY 2,1,Arr,AR:R M,AR:R M,IB 1318,Mallen ,5,/,25,0,0.3,0.3,
6652,AHM 103  04,PATHOLOGY 3,1,Arr,AR:R M,AR:R M,IB 1318,Mallen ,3,/,25,0,0.2,0.2,
6653,AHM 104  04,PATHOLOGY 4,1,Arr,AR:R M,AR:R M,IB 1318,Mallen ,3,/,25,0,0.2,0.2,
6654,AHM 105  04,PATHOLOGY 5,1,Arr,AR:R M,AR:R M,IB 1318,Mallen ,3,/,25,0,0.2,0.2,
6660,AHM 117  04,INTRO TO LAB & CLIN SAFT,1,Arr,AR:R M,AR:R M,IB 1318,Mallen ,0,/,25,0,0,0,
6661,AHM 118  04,INTRO TO PATIENT HISTORY,1,Arr,AR:R M,AR:R M,IB 1318,Mallen ,0,/,25,0,0,0,
6658,AHM 124  04,INTRO TO MEDICAL TRANSCR,1,Arr,AR:R M,AR:R M,IB 1318,Mallen ,3,/,20,0,0.2,0.2,
6655,AHM 140  04,PHLEBOTOMY 2,1,Arr,AR:R M,AR:R M,IB 1318,Mallen ,0,/,20,0,0,0,
6656,AHM 141  04,LAB EQUIPMENT/MEASUREMEN,1,Arr,AR:R M,AR:R M,IB 1318,Mallen ,0,/,25,0,0,0,
6657,AHM 142  04,NON-BLOOD SPECIMEN COLL,1,Arr,AR:R M,AR:R M,IB 1318,Mallen ,0,/,20,0,0,0,
6662,AHM 151  04,OB/GYN/PEDIATRIC THEORY,1,Arr,AR:R M,AR:R M,IB 1318,Mallen ,0,/,25,0,0,0,
6663,AHM 152  04,THEORY OF EXAMS BODY SYS,1,Arr,AR:R M,AR:R M,IB 1318,Mallen ,0,/,25,0,0,0,
6664,AHM 153  04,THEORY OF MEDS CALC ADMN,1,Arr,AR:R M,AR:R M,IB 1318,Mallen ,0,/,25,0,0,0,
6665,AHM 154  04,EKG THEORY,1,Arr,AR:R M,AR:R M,IB 1318,Mallen ,0,/,25,0,0,0,
6666,AHM 155  04,PHLEBOTOMY THEORY,1,Arr,AR:R M,AR:R M,IB 1318,Mallen ,0,/,25,0,0,0,
6600,AMA 100  04,INTRO TO HEALTHCARE,1,Arr,AR:R M,AR:R M,IB 1318,Mallen ,15,/,25,0,1,1,
,,,,,,,,,,,,,,,
Item,Course ID,Title,CR,Days,Class Time,,Room,Instructor,Enrolled,,,Wait,FTES,,
,,,,,Start,End,,,,,,List,TOTAL,STATE,
6615,AMA 120  04,FRONT OFFICE BASICS,1,Arr,AR:R M,AR:R M,IB 1318,Mcrichton ,13,/,25,0,0.9,0.9,
6616,AMA 121  04,PATIENT SCHEDULING,1,Arr,AR:R M,AR:R M,IB 1318,Mcrichton ,12,/,25,0,0.8,0.8,
6617,AMA 122  04,MED RECORDS & CORRESPOND,1,Arr,AR:R M,AR:R M,IB 1318,Mcrichton ,12,/,20,0,0.8,0.8,
6618,AMA 123  04,DAILY FINANCIAL MANAGEME,1,Arr,AR:R M,AR:R M,IB 1318,Mcrichton ,9,/,20,0,0.6,0.6,
6619,AMA 125  04,INTRO TO MED INS CODING,2,Arr,AR:R M,AR:R M,IB 1318,Mcrichton ,10,/,25,0,1.3,1.3,
6639,AMA 244  04,INTRO TO IMAGING,1,Arr,AR:R M,AR:R M,IB 1318,Plarson ,11,/,25,0,0.7,0.7,
6644,AMA 252  04,PHLEBOTOMY,2,Arr,AR:R M,AR:R M,IB 1318,Sstufflebeam,8,/,20,0,1.1,1.1,
3110,AME 151  H2,SOCIETIES & CULTURES:US,5,HYBRID - MTWTh,9:00 AM,9:50 AM,LB 1131,Erolguin ,21,/,36,0,7,6.3,
3102,ANTH&204  H4,ARCHAEOLOGY,5,HYBRID - MWF,11:00 AM,11:50 AM,CC 3343,Nthompson ,33,/,35,0,11,10.7,
1006,ART& 100  01,ART APPRECIATION,5,MWF,12:00 PM,12:50 PM,LB 1231,Gtramantano ,26,/,30,0,8.7,5,
1007,ART 101  01,DESIGN,5,MW,6:00 PM,8:50 PM,AS 1530,Mmeyer ,18,/,20,0,6,3.3,
1008,ART 102  01,DESIGN,5,MWF,8:00 AM,9:50 AM,AS 1530,Lhull ,20,/,20,0,6.7,3.7,
1010,ART 111  01,DRAWING,5,TTh,9:00 AM,11:50 AM,AS 1532,Aknowles ,19,/,20,0,6.3,4.3,
1011,ART 111  02,DRAWING,5,TTh,6:00 PM,8:50 PM,AS 1532,Bcostanzo ,18,/,20,0,6,4.3,
1042,ART 210  01,COMPUTER ART,5,MW,1:00 PM,3:50 PM,ED 2843B,Mmeyer ,25,/,25,0,8.3,4.7,
1069,ART 281  01,JEWELRY DESIGN,5,TTh,1:00 PM,3:50 PM,AS 1533,Lhull ,18,/,18,0,6,5,
1080,ART 299  01,SPECIAL PROBLEMS IN ART,3,Arr,AR:R M,AR:R M,IB 2407A,Echriste ,2,/,10,0,0.4,0.2,
1081,ART 299  02,SPECIAL PROBLEMS IN ART,3,Arr,AR:R M,AR:R M,IB 2407A,Lhull ,8,/,10,0,1.3,1.1,
1082,ART 299  03,SPECIAL PROBLEMS IN ART,3,Arr,AR:R M,AR:R M,IB 2407A,Cancel 5/30,0,/,10,0,0,0,
1083,ART 299  04,SPECIAL PROBLEMS IN ART,3,Arr,AR:R M,AR:R M,IB 2407A,Aknowles ,4,/,4,0,0.8,0.6,
,,,,,,,,,,,,,,,
Item,Course ID,Title,CR,Days,Class Time,,Room,Instructor,Enrolled,,,Wait,FTES,,
,,,,,Start,End,,,,,,List,TOTAL,STATE,
1085,ART 299  06,SPECIAL PROBLEMS IN ART,3,Arr,AR:R M,AR:R M,IB 2407A,Mkelly ,0,/,10,0,0,0,
1084,ART 299  05,SPECIAL PROBLEMS IN ART,3,Arr,AR:R M,AR:R M,IB 2407A,Mmeyer ,0,/,10,0,0,0,
1086,ART 299  07,SPECIAL PROBLEMS IN ART,3,Arr,AR:R M,AR:R M,IB 2407A,Lhalvorsen ,9,/,10,0,1.4,0.9,
1700,ASL& 123  01,AM SIGN LANGUAGE III,5,TTh,6:00 PM,8:15 PM,CC 3445,Wseago ,14,/,25,0,4.7,4.3,
2006,ASTR&110  04,THE SOLAR SYSTEM,5,MW,11:00 AM,11:50 AM,AS 1623,Airving ,15,/,32,0,5,4,
9344,ATEC 110  D1,CRITICAL CARE PROCEDURES,4,Online,-,-,-,Cduren ,24,/,30,0,6.4,6.4,
9346,ATEC 114  D1,SURVEY PERIOPERATIVE ADM,3,Online,-,-,-,Cduren ,25,/,30,0,5,5,
2020,BIOL&100  03,SURVEY OF BIOLOGY,5,T,10:00 AM,11:50 AM,AS 1627,Acaracol ,28,/,32,0,9.3,8.7,
9486,BIOL 125  D1,BIOLOGY OF THE PAC NW,5,Online,-,-,-,Plortz ,30,/,25,4,10,9.7,
2026,BIOL 128  01,SURVEY OF HUMAN ANAT&PHY,5,Other,8:00 AM,9:50 AM,AS 1615,Lhays ,30,/,32,0,10,9.3,
2040,BIOL&160  H7,GENERAL BIOLOGY WITH LAB,5,HYBRID - M,2:00 PM,3:50 PM,AS 1617,Egoulet ,31,/,32,0,10.3,10,
2044,BIOL&160  08,GENERAL BIOLOGY WITH LAB,5,MW,6:00 PM,9:20 PM,AS 1617,Kbarndt ,30,/,32,2,10,9.7,
2032,BIOL&160  01,GENERAL BIOLOGY WITH LAB,5,T,8:00 AM,9:50 AM,AS 1622,Egoulet ,27,/,32,0,9,8.7,
2038,BIOL&160  05,GENERAL BIOLOGY WITH LAB,5,T,12:00 PM,1:50 PM,AS 1627,Kbarndt ,24,/,32,0,8,7,
2050,BIOL&211  05,MAJORS CELLULAR,5,M,12:00 PM,1:50 PM,AS 1627,Lizthomas ,36,/,32,0,12,10.7,
2060,BIOL&212  01,MAJORS ANIMAL,5,M,8:00 AM,8:50 AM,AS 1617,Coreilly ,23,/,32,0,7.7,6.7,
2082,BIOL&213  09,MAJORS PLANT,5,TTh,6:00 PM,9:20 PM,AS 1617,Lbauman ,34,/,32,10,11.3,9.3,
2070,BIOL&213  03,MAJORS PLANT,5,M,10:00 AM,11:50 AM,CC 3460,Bsaunder ,32,/,32,3,10.7,9.7,
2106,BIOL&241  03,HUMAN A & P 1,5,Other,10:00 AM,11:50 AM,AS 1521,Hiverson ,31,/,32,1,10.3,10,
2124,BIOL&241  09,HUMAN A & P 1,5,TTh,6:00 PM,7:40 PM,AS 1521,Gfreedman ,24,/,32,0,8,7.3,
,,,,,,,,,,,,,,,
Item,Course ID,Title,CR,Days,Class Time,,Room,Instructor,Enrolled,,,Wait,FTES,,
,,,,,Start,End,,,,,,List,TOTAL,STATE,
2118,BIOL&241  08,HUMAN A & P 1,5,Other,6:00 PM,7:40 PM,AS 1521,Kmjohnson ,30,/,32,0,10,10,
2130,BIOL&241  10,HUMAN A & P 1,5,Sa,8:30 AM,3:00 PM,AS 1615,Jdahms ,27,/,32,0,9,8.7,
2100,BIOL&241  01,HUMAN A & P 1,5,Other,8:00 AM,9:50 AM,AS 1521,Msargizi ,30,/,32,0,10,9.7,
2112,BIOL&241  05,HUMAN A & P 1,5,Other,12:00 PM,1:50 PM,AS 1521,Hiverson ,29,/,32,0,9.7,9,
2140,BIOL&242  03,HUMAN A & P 2,5,Other,10:00 AM,11:50 AM,AS 1615,Msargizi ,34,/,32,1,11.3,11.3,
2152,BIOL&242  08,HUMAN A & P 2,5,MW,6:00 PM,7:40 PM,AS 1615,Avega ,33,/,32,5,11,10.7,
2158,BIOL&242  09,HUMAN A & P 2,5,TTh,6:00 PM,7:40 PM,AS 1615,Kbentson ,33,/,32,12,11,11,
2146,BIOL&242  05,HUMAN A & P 2,5,MW,12:00 PM,1:50 PM,AS 1615,Acaracol ,31,/,32,0,10.3,10.3,
2170,BIOL&260  03,MICROBIOLOGY,5,MTW,10:00 AM,11:50 AM,AS 1622,Psilver ,31,/,32,1,10.3,9.7,
2188,BIOL&260  09,MICROBIOLOGY,5,TTh,6:00 PM,9:20 PM,AS 1622,Jgward ,23,/,32,0,7.7,7.3,
2176,BIOL&260  05,MICROBIOLOGY,5,MW,12:00 PM,2:50 PM,AS 1622,Psilver ,30,/,32,0,10,9.7,
2182,BIOL&260  08,MICROBIOLOGY,5,MW,6:00 PM,9:20 PM,AS 1622,Licenogle ,33,/,32,0,11,11,
9439,BUS& 101  D1,INTRO TO BUSINESS,5,Online,-,-,-,Nadelson ,22,/,28,0,7.3,5.3,
9440,BUS& 101  D2,INTRO TO BUSINESS,5,Online,-,-,-,Nadelson ,23,/,28,0,7.7,7,
4100,BUS& 101  01,INTRO TO BUSINESS,5,TTh,11:00 AM,1:05 PM,IB 3327,Nadelson ,21,/,30,0,7,5,
4106,BUS 105  02N,KEYBOARDING,4,MW,5:30 PM,7:40 PM,IB 3309,Cancel 3/22,0,/,12,0,0,0,
4109,BUS 106  02N,KEYBOARDING/SKILLBUILD,3,MW,5:30 PM,7:40 PM,IB 3309,Cancel 3/22,0,/,12,0,0,0,
4110,BUS 112  01,MULTI-CUL ISSUES/WRKPLAC,5,Other,5:30 PM,7:40 PM,IB 3317,Tanderso ,18,/,35,0,6,6,
4115,BUS 115  I2,COMPUTATIONAL SKILLBUILD,2,MWTh,6:00 PM,9:00 PM,IB 3309,Slozano ,27,/,35,0,6.3,6.3,
4114,BUS 115  02N,COMPUTATIONAL SKILLBUILD,2,MW,5:30 PM,7:40 PM,IB 3309,Cancel 3/22,0,/,6,0,0,0,
,,,,,,,,,,,,,,,
Item,Course ID,Title,CR,Days,Class Time,,Room,Instructor,Enrolled,,,Wait,FTES,,
,,,,,Start,End,,,,,,List,TOTAL,STATE,
4116,BUS 116  01,BUSINESS MATH/SPREADSHET,5,DAILY,10:00 AM,10:50 AM,IB 3409,Cancel 3/26,0,/,28,0,0,0,
4120,BUS 123  01N,WORD FOR BUSINESS,5,TTh,5:30 PM,7:40 PM,IB 3309,Cancel 3/22,0,/,30,0,0,0,
4122,BUS 124  01,EXCEL FOR BUSINESS,5,MWF,8:30 AM,9:50 AM,IB 3404,Rjones ,25,/,28,0,8.3,7.3,
4123,BUS 125  01,ACCESS FOR BUSINESS,5,Other,1:30 PM,3:35 PM,IB 3404,Wholt ,24,/,30,0,8,7.7,
4127,BUS 127  01,OUTLOOK FOR BUSINESS,2,Other,11:00 AM,12:50 PM,IB 3404,Tanderso ,21,/,28,0,2.8,2.8,
4130,BUS 131  01N,INTEGRATED COMM I,5,TTh,6:00 PM,8:10 PM,IB 3406,Mmelsness ,31,/,35,0,10.3,10,
4137,BUS 152  01N,ENTREPRENEURSHIP PRODUCT,5,Other,6:00 PM,8:10 PM,IB 3409,Deberhar ,16,/,35,0,5.3,4.7,
4138,BUS 156  01,INTRO TO E-BUS/COMMERCE,5,MWF,1:30 PM,2:50 PM,IB 3404,Twarren ,13,/,25,0,4.3,4.3,
4142,BUS 169  02N,USING COMPUTERS IN BUS,5,TTh,5:30 PM,7:40 PM,IB 3404,Crodgers ,21,/,28,0,7,6.3,
4143,BUS 169  I2,USING COMPUTERS IN BUS,5,MWTh,6:00 PM,9:00 PM,IB 3309,Tlaemmel ,26,/,28,0,15.3,15.3,
4155,BUS 200  01,LAW AND SOCIETY,5,Other,10:00 AM,10:50 AM,IB 3417,Lhopt ,33,/,35,0,11,4,
9448,BUS 200  D2,LAW AND SOCIETY,5,Online,-,-,-,Lhopt ,24,/,25,5,8,6.7,
9446,BUS 200  D1,LAW AND SOCIETY,5,Online,-,-,-,Lhopt ,24,/,25,4,8,3.7,
4160,BUS& 201  01,BUSINESS LAW,5,Other,9:00 AM,9:50 AM,IB 3417,Lhopt ,34,/,35,2,11.3,6.7,
4167,BUS 210  02,BUS & ECONOMIC STATISTIC,5,Other,10:00 AM,10:50 AM,IB 3317,Wholt ,35,/,35,1,11.7,3.7,
4165,BUS 210  01,BUS & ECONOMIC STATISTIC,5,Other,12:00 PM,2:10 PM,IB 3417,Wholt ,31,/,35,0,10.3,4.7,
4170,BUS 216  01N,PROFESSIONAL DEVELOPMENT,5,MW,6:00 PM,8:10 PM,IB 3317,Cancel 3/26,0,/,35,0,0,0,
4174,BUS 236  01,I'PERSONAL COMM WORKPLAC,5,Other,11:00 AM,1:10 PM,IB3317,Deberhar ,22,/,25,0,7.3,7.3,
4176,BUS 236  02N,I'PERSONAL COMM WORKPLAC,5,Other,6:00 PM,8:10 PM,IB 3417,Jelkins ,20,/,25,0,6.7,6,
9450,BUS 236  D1,I'PERSONAL COMM WORKPLAC,5,Online,-,-,-,Braden ,26,/,30,0,8.7,8.3,
,,,,,,,,,,,,,,,
Item,Course ID,Title,CR,Days,Class Time,,Room,Instructor,Enrolled,,,Wait,FTES,,
,,,,,Start,End,,,,,,List,TOTAL,STATE,
4185,BUS 298  01,SPECIAL TOPICS: BUSINESS,5,Arr,AR:R M,AR:R M,ARR,Wholt ,2,/,5,0,0.4,0.4,
6002,CCE 102  01,ISSUES & TRENDS IN ECE,3,TTh,6:00 PM,7:20 PM,IB 1303,Ndaniel ,25,/,28,0,5,4.8,
6004,CCE 135  01,FOUNDATIONS OF EARLY LEA,5,TTh,7:30 PM,9:40 PM,IB 1303,Ndaniel ,18,/,25,0,6,6,
6006,CCE 136  01,SIGNING WITH YOUNG CHILD,2,W,7:30 PM,9:20 PM,IB 3327,Cydavis ,20,/,25,0,2.7,2.3,
6008,CCE 160  3M,CONNECTING TO CHILDREN,2,T,5:00 PM,5:50 PM,IB 3416,Vbiesiedzins,28,/,24,0,3.7,3.7,
6010,CCE 160  4M,CONNECTING TO CHILDREN,2,T,6:00 PM,6:50 PM,IB 3416,Vbiesiedzins,26,/,24,0,3.5,3.5,
6012,CCE 180  01,LEARNING STORIES,2,Th,5:00 PM,6:50 PM,IB 3416,Cancel 3/22,0,/,24,0,0,0,
6024,CCE 195  01,ART FOR YOUNG CHILDREN,3,Sa,10:00 AM,4:00 PM,IB 1303,Cancel 4/20,0,/,25,0,0,0,
9348,CCE 200  D1,CHILDREN AND NATURE,3,Online,-,-,-,Jkarshna ,23,/,25,0,4.6,4.4,
6014,CCE 204  01,AUTISM/RELATED DISORDERS,2,Sa,8:30 AM,3:30 PM,IB 3416,Ddavis ,15,/,28,0,2,2,
6016,CCE 261  01,RDGS IN EARLY CHLDHD ED,6,Arr,AR:R M,AR:R M,ARR,Ndaniel ,0,/,6,0,0,0,
6018,CCE 285  01,THE PROJECT APPROACH,5,TTh,7:30 PM,9:45 PM,IB 3416,Vbiesiedzins,17,/,25,0,5.7,5.3,
6020,CCE 292  02,CLASSROOM RESEARCH,6,M,6:30 PM,9:20 PM,IB 3316,Ndaniel ,19,/,15,0,7.6,6.8,
9490,CHEM&121  D1,INTRO TO CHEMISTRY,5,HYBRID - ,: M,: M,OFF,Jowens ,27,/,25,18,9,6,
2216,CHEM&121  09,INTRO TO CHEMISTRY,5,TTh,6:00 PM,9:20 PM,AS 1520,Tgriffith ,38,/,36,4,12.7,9.3,
2206,CHEM&121  03,INTRO TO CHEMISTRY,5,Other,10:00 AM,11:50 AM,AS 1627,Jfurutani ,32,/,32,9,10.7,8.7,
2212,CHEM&121  05,INTRO TO CHEMISTRY,5,Other,12:00 PM,1:50 PM,AS 1520,Jfurutani ,31,/,32,0,10.3,7.3,
2226,CHEM&131  09,INTRO TO ORG & BIOCHEM,5,Other,6:00 PM,9:20 PM,AS 1614,Gting ,26,/,32,0,8.7,8.3,
2220,CHEM&131  01,INTRO TO ORG & BIOCHEM,5,Other,8:00 AM,9:50 AM,AS 1614,Nbuker ,30,/,32,0,10,9,
2236,CHEM&139  H7,INTRO TO GEN CHEMISTRY,5,HYBRID - T,2:00 PM,3:50 PM,AS 1623,Blaesch ,37,/,36,1,12.3,8.7,
,,,,,,,,,,,,,,,
Item,Course ID,Title,CR,Days,Class Time,,Room,Instructor,Enrolled,,,Wait,FTES,,
,,,,,Start,End,,,,,,List,TOTAL,STATE,
9494,CHEM&139  D1,GENERAL CHEMISTRY PREP,5,Online,-,-,-,Jowens ,20,/,25,0,6.7,5,
9496,CHEM&139  D2,GENERAL CHEMISTRY PREP,5,Online,-,-,-,Kowens ,23,/,25,0,7.7,6.7,
2230,CHEM&139  Z4,INTRO TO GEN CHEMISTRY,5,DAILY,11:00 AM,11:50 AM,CC 3443,Tfurutan ,29,/,36,0,9.7,8.7,
2238,CHEM&161  01,GENERAL CHEM W/LAB I,6,Other,8:00 AM,9:50 AM,AS 1627,Gting ,32,/,32,2,12.8,9.6,
2240,CHEM&161  H7,GENERAL CHEM W/LAB I,6,HYBRID - Th,2:00 PM,5:50 PM,AS 1519,Jhong ,33,/,32,12,13.2,6.4,
2244,CHEM&162  H1,GENERAL CHEM W/LAB II,6,HYBRID - F,8:00 AM,11:50 AM,AS 1519,Jhong ,29,/,32,0,11.6,10,
2248,CHEM&162  03,GENERAL CHEM W/LAB II,6,Other,10:00 AM,11:50 AM,AS 1519,Nbuker ,28,/,32,0,11.2,8.4,
2266,CHEM&163  08,GENERAL CHEM W/LAB III,6,MW,6:00 PM,9:50 PM,AS 1519,Bstamper ,15,/,32,0,6,4.8,
2252,CHEM&163  01,GENERAL CHEM W/LAB III,6,Other,8:00 AM,9:50 AM,AS 1519,Kdallen ,18,/,32,0,7.2,5.2,
2262,CHEM&163  H5,GENERAL CHEM W/LAB III,6,HYBRID - F,12:00 PM,3:50 PM,AS 1519,Jhong ,20,/,32,0,8,6,
2284,CHEM&243  09,ORGANIC CHEMISTRY III,4,TTh,6:00 PM,7:50 PM,AS 1627,Sclary ,25,/,36,0,6.7,5.9,
2272,CHEM&243  03,ORGANIC CHEMISTRY III,4,MTWTh,10:00 AM,10:50 AM,AS 1623,Jpatters ,23,/,36,0,6.1,5.1,
2278,CHEM&243  06,ORGANIC CHEMISTRY III,4,MTWTh,1:00 PM,1:50 PM,IB 3422A,Jpatters ,35,/,36,0,9.3,6.7,
2296,CHEM&252  08,ORGANIC CHEM LAB II,4,MW,5:00 PM,8:30 PM,AS 1515,Rengel ,21,/,24,0,5.6,4.8,
1710,CHIN&121  01,CHINESE I,5,DAILY,9:00 AM,9:50 AM,CC 3449,Hxie ,29,/,30,0,9.7,3.3,
9645,CMST&230  D1,SMALL GROUP COMMUNICATN,5,Online,-,-,-,Jreis ,28,/,25,0,9.3,7.3,
1136,CMST 295  01,STUDIES AND WORKS IN COM,5,Arr,AR:R M,AR:R M,IB 2407A,Rschuess ,2,/,10,0,0.7,0.7,
2304,CSC 110  03,INTRO TO CMPTR PROGMING,5,DAILY,10:00 AM,10:50 AM,IB 3430,Voffenba ,29,/,28,4,9.7,6.3,
2308,CSC 110  05,INTRO TO CMPTR PROGMING,5,DAILY,12:00 PM,12:50 PM,IB 3430,Voffenba ,31,/,28,2,10.3,5.7,
9498,CSC 110  D1,INTRO TO CMPTR PROGMING,5,Online,-,-,-,Voffenba ,28,/,25,4,9.3,7.7,
,,,,,,,,,,,,,,,
Item,Course ID,Title,CR,Days,Class Time,,Room,Instructor,Enrolled,,,Wait,FTES,,
,,,,,Start,End,,,,,,List,TOTAL,STATE,
9502,CSC 111  D1,COMPUTERS FOR MATH & SCI,5,Online,-,-,-,Dschaffe ,22,/,25,1,7.3,6.7,
9506,CSC 142  D1,COMPUTER PROGRAMMING,5,Online,-,-,-,Bgoldner ,25,/,25,0,8.3,7,
2314,CSC 142  04,COMPUTER PROGRAMMING,5,DAILY,11:00 AM,11:50 AM,IB 3430,Djinguji ,28,/,28,1,9.3,7,
2320,CSC 143  09,COMPUTER PROGRAMMING II,5,Other,6:00 PM,8:20 PM,IB 3430,Djinguji ,31,/,28,8,10.3,9,
2324,CSC 143  09A,COMPUTER PROGRAMMING II,5,TTh,6:00 PM,8:20 PM,IB 1410,Bkogon ,14,/,28,0,4.7,4,
2326,CSC 273  07,DATA STRUCTURES ALGORITH,5,MW,2:00 PM,4:20 PM,IB 3430,Cancel 3/19,0,/,28,0,0,0,
10,CWE 101  H1,PORTFOLIO JOB SEARCH INT,2,HYBRID - W,1:30 PM,2:30 PM,IB 3409,Cancel 3/22,0,/,25,0,0,0,
12,CWE 110  H1,INTERNSHIP,3,HYBRID - Arr,AR:R M,AR:R M,ARR,Tanderso ,19,/,25,0,3.8,3.6,
9644,DRMA&101  D1,INTRO TO THEATER,5,Online,-,-,-,Gnichols ,27,/,30,2,9,6.7,
1163,DRMA 121  01,ACTING,5,MWF,9:00 AM,10:20 AM,LB 1132,Gnichols ,11,/,20,0,3.7,3,
1164,DRMA 122  01,ADVANCE ACTING,5,MWF,11:00 AM,12:20 PM,LB 1132,Cancel 3/29,0,/,20,0,0,0,
1165,DRMA 123  01,ADVANCE ACTING,5,MWF,11:00 AM,12:20 PM,LB 1132,Cancel 3/29,0,/,0,0,0,0,
1174,DRMA 221  01,ADVANCED ACTING,5,MWF,11:00 AM,12:20 PM,LB 1132,Cancel 3/29,0,/,0,0,0,0,
1175,DRMA 222  01,ADVANCED ACTING,5,MWF,11:00 AM,12:20 PM,LB 1132,Cancel 3/29,0,/,0,0,0,0,
1176,DRMA 223  01,ADVANCED ACTING,5,MWF,11:00 AM,12:20 PM,LB 1132,Cancel 3/29,0,/,0,0,0,0,
1190,DRMA 298  01,IND. PROJECTS IN THEATER,5,Arr,AR:R M,AR:R M,LB 1132,Gnichols ,3,/,10,0,1,1,
2330,ECON&201  02,MICRO ECONOMICS,5,DAILY,9:00 AM,9:50 AM,CC 3352,Dperry ,34,/,36,0,11.3,2.7,
2334,ECON&201  08,MICRO ECONOMICS,5,MW,6:00 PM,8:20 PM,CC 3352,Tskeel ,40,/,36,0,13.3,9.3,
9514,ECON&201  D1,MICRO ECONOMICS,5,Online,-,-,-,Thcook ,24,/,25,7,8,5,
2338,ECON&202  03,MACRO ECONOMICS,5,DAILY,10:00 AM,10:50 AM,CC 3352,Dperry ,37,/,36,9,12.3,3.3,
,,,,,,,,,,,,,,,
Item,Course ID,Title,CR,Days,Class Time,,Room,Instructor,Enrolled,,,Wait,FTES,,
,,,,,Start,End,,,,,,List,TOTAL,STATE,
9516,ECON&202  D1,MACRO ECONOMICS,5,Online,-,-,-,Thcook ,26,/,25,1,8.7,4.7,
9518,ECON&202  D2,MACRO ECONOMICS,5,Online,-,-,-,Thcook ,22,/,25,6,7.3,3.7,
1550,EDUC 200  01,PEER TUTORING,5,Arr,AR:R M,AR:R M,LB 3234,Dtarker ,1,/,10,0,0.3,0.3,
1552,EDUC 200  02,PEER TUTORING,2,Arr,AR:R M,AR:R M,ED 1845B,Plippert ,0,/,10,0,0,0,
6022,EDUC&203  01,EXCEPTIONAL CHILD,3,W,6:30 PM,9:20 PM,IB 1303,Jkarshna ,16,/,25,0,3.2,3,
5305,EET 105  01N,INTRO TO TECHNOLOGY,3,T,6:00 PM,8:50 PM,TB 1543A,Lwilkins ,23,/,32,0,4.6,4.2,
5309,EET 109  01N,MATH APP FOR CIRCUIT ANY,5,MW,6:00 PM,8:20 PM,TB 1543A,Lwilkins ,27,/,24,2,9,9,
5311,EET 112  01,FUND FLUID PWR & ALT ENG,5,MTWTh,11:00 AM,12:50 PM,TB 1642,Fjump ,27,/,24,0,9,9,
5315,EET 131  01N,IT ESSENTIALS I A+ CERT,5,TTh,6:00 PM,9:20 PM,ED 1745B,Adole ,23,/,24,2,7.7,7.7,
5316,EET 132  01,IT ESSENTIALS A+ CRT ADV,5,Other,1:00 PM,2:40 PM,ED 1745B,Tfiegenb ,22,/,27,0,7.3,7.3,
5317,EET 132  02N,IT ESSENTIALS A+ CRT ADV,5,Other,6:00 PM,9:20 PM,ED 1745B,Tfiegenb ,26,/,27,0,8.7,8.7,
5318,EET 135  01N,INTRO TO BROADBAND,5,Other,3:00 PM,4:40 PM,ED 1745B,Tfiegenb ,20,/,20,0,6.7,6.7,
5320,EET 161  01,DC PRIN OF ELECTRONICS,5,MW,1:00 PM,2:20 PM,TB 1543A,Lwilkins ,21,/,24,0,7,6.3,
5326,EET 166  01N,ANALOG CIRCTS/DEVICE II,5,TTh,6:00 PM,9:20 PM,TB 1643A,Csanders ,26,/,32,0,8.7,8.3,
5330,EET 170  01,DIGITAL CIRCUITS I,5,MW,1:00 PM,4:20 PM,TB 1642,Fjump ,23,/,24,0,7.7,7.7,
5335,EET 171  01N,DIGITAL CIRCUITS II,5,MW,6:00 PM,7:20 PM,TB 1643A,Fjump ,20,/,32,0,6.7,6.3,
5340,EET 252  01,MICROPROCESSOR FUNDTL II,5,MTWTh,10:00 AM,10:50 AM,TB 1642,Csanders ,15,/,30,0,5,5,
5348,EET 297  01,BIOMEDICAL TECHNICIAN,4,Arr,AR:R M,AR:R M,ARR,Lwilkins ,7,/,20,0,1.9,1.9,
5349,EET 298  01,SPECIAL TOPICS-ELEC.TECH,5,Arr,AR:R M,AR:R M,ARR,Lwilkins ,1,/,5,0,0.3,0.3,
1230,ENGL 080  01,ENGLISH SKILLS SHOP,2,Arr,AR:R M,AR:R M,LB 3234,Dtarker ,68,/,80,0,9.1,5.7,
,,,,,,,,,,,,,,,
Item,Course ID,Title,CR,Days,Class Time,,Room,Instructor,Enrolled,,,Wait,FTES,,
,,,,,Start,End,,,,,,List,TOTAL,STATE,
1242,ENGL 095  01,COLL PREP READ STUDY III,5,DAILY,10:00 AM,10:50 AM,CC 3446,Pbennett ,29,/,28,2,9.7,4.3,
1243,ENGL 096  01,COLL PREP READ STUDY III,5,DAILY,11:00 AM,11:50 AM,CC 3446,Pbennett ,29,/,28,2,9.7,4.3,
1250,ENGL 097  01,COLLEGE PREP READING IV,5,DAILY,10:00 AM,10:50 AM,CC 3350,Squig ,29,/,28,3,9.7,4.7,
1252,ENGL 097  02,COLLEGE PREP WRITING IV,5,DAILY,11:00 AM,11:50 AM,CC 3449,Tchung ,27,/,28,0,9,3.7,
1253,ENGL 098  02,COLLEGE PREP READING IV,5,DAILY,12:00 PM,12:50 PM,CC 3449,Tchung ,27,/,28,0,9,3.7,
1251,ENGL 098  01,COLLEGE PREP WRITING IV,5,DAILY,11:00 AM,11:50 AM,CC 3350,Squig ,29,/,28,3,9.7,4.7,
1260,ENGL 099  01,COLLEGE PREP WRITING V,5,DAILY,12:00 PM,12:50 PM,CC 3360,Lmccracken ,31,/,28,4,10.3,5.7,
1276,ENGL&101  03,ENGLISH COMPOSITION I,5,DAILY,10:00 AM,10:50 AM,CC 3360,Lmccracken ,31,/,28,6,10.3,8,
1288,ENGL&101  08,ENGLISH COMPOSITION I,5,TTh,6:00 PM,8:20 PM,CC 3349,Theinlein ,28,/,28,2,9.3,7.7,
1270,ENGL&101  01,ENGLISH COMPOSITION I,5,DAILY,8:00 AM,8:50 AM,CC 3350,Dblackman ,27,/,28,0,9,7,
1278,ENGL&101  04,ENGLISH COMPOSITION I,5,DAILY,10:00 AM,10:50 AM,CC 3449,Dblackman ,27,/,28,0,9,6,
1284,ENGL&101  07,ENGLISH COMPOSITION I,5,Other,12:00 PM,12:50 PM,IB 3416,Mtenenba ,28,/,28,1,9.3,6,
1272,ENGL&101  02,ENGLISH COMPOSITION I,5,DAILY,9:00 AM,9:50 AM,CC 3350,Squig ,28,/,28,7,9.3,5.3,
1283,ENGL&101  06,ENGLISH COMPOSITION I,5,DAILY,11:00 AM,11:50 AM,CC 3360,Lmccracken ,31,/,28,7,10.3,5.7,
1271,ENGL&101  10,ENGLISH COMPOSITION I,5,DAILY,8:00 AM,8:50 AM,CC 3445,Gnovember ,27,/,28,0,9,4,
1282,ENGL&101  05,ENGLISH COMPOSITION I,5,Other,11:00 AM,11:50 AM,IB 3416,Cscheuer ,29,/,28,2,9.7,2,
9622,ENGL&101  D3,ENGLISH COMPOSITION I,5,Online,-,-,-,Cdavis ,22,/,25,5,7.3,6.3,
9620,ENGL&101  D1,ENGLISH COMPOSITION I,5,Online,-,-,-,Tchung ,24,/,25,3,8,5,
9621,ENGL&101  D2,ENGLISH COMPOSITION I,5,Online,-,-,-,Cdavis ,22,/,25,6,7.3,7,
9623,ENGL&102  D1,COMPOSITION II,5,Online,-,-,-,Blane ,21,/,25,1,7,3.3,
,,,,,,,,,,,,,,,
Item,Course ID,Title,CR,Days,Class Time,,Room,Instructor,Enrolled,,,Wait,FTES,,
,,,,,Start,End,,,,,,List,TOTAL,STATE,
9624,ENGL&102  D2,COMPOSITION II,5,Online,-,-,-,Blane ,22,/,25,0,7.3,6,
1292,ENGL&102  10,COMPOSITION II,5,DAILY,9:00 AM,9:50 AM,CC 3445,Kmcclanahan ,23,/,28,0,7.7,4.7,
1298,ENGL&102  06,COMPOSITION II,5,DAILY,12:00 PM,12:50 PM,IB 3408,Kmcclanahan ,20,/,28,0,6.7,5.7,
1293,ENGL&102  02,COMPOSITION II,5,Other,9:00 AM,9:50 AM,CC 3360,Cscheuer ,33,/,28,10,11,3,
1294,ENGL&102  03,COMPOSITION II,5,DAILY,10:00 AM,10:50 AM,IB 3416,Cdavis ,26,/,28,0,8.7,8.7,
1296,ENGL&102  04,COMPOSITION II,5,DAILY,11:00 AM,11:50 AM,CC 3349,Dma ,26,/,28,0,8.7,7,
1297,ENGL&102  05,COMPOSITION II,5,DAILY,11:00 AM,11:50 AM,IB 3408,Jharradi ,30,/,28,0,10,8.3,
1300,ENGL&102  07,COMPOSITION II,5,MW,6:00 PM,8:20 PM,CC 3349,Bschaeffer ,29,/,28,1,9.7,8,
1290,ENGL&102  01,COMPOSITION II,5,Other,8:00 AM,8:50 AM,CC 3360,Cscheuer ,31,/,28,1,10.3,4,
1304,ENGL 104  01,ADVANCED ENGLISH GRAMMAR,5,DAILY,9:00 AM,9:50 AM,CC 3446,Pbennett ,30,/,30,0,10,6.7,
9625,ENGL&111  D1,INTRO TO LITERATURE,5,Online,-,-,-,Theinlein ,23,/,25,2,7.7,6.7,
1202,ENGL&230  02,TECHNICAL WRITING,3,M,6:30 PM,9:30 PM,IB 1307,Drigby ,24,/,25,1,4.8,3.8,
1201,ENGL&230  01,TECHNICAL WRITING,3,MW,11:00 AM,12:20 PM,TB 1543A,Drigby ,21,/,25,0,4.2,3,
1313,ENGL 258  01,LIT OF US CULTURES,5,DAILY,10:00 AM,10:50 AM,CC 3349,Dma ,20,/,35,0,6.7,3.7,
1322,ENGL 296  01,SPECIAL TOPICS IN ENGL,3,Arr,AR:R M,AR:R M,IB 2312A,Blane ,1,/,10,0,0.2,0.2,
1324,ENGL 299  02,INDEPENDENT STUDY,3,Arr,AR:R M,AR:R M,IB 2312A,Blane ,0,/,2,0,0,0,
2344,ENGR&204  02,ELECTRICAL CIRCUITS,5,TWTh,9:00 AM,9:50 AM,IB 3430,Voffenba ,18,/,32,0,6,5,
2350,ENGR&215  04,DYNAMICS,5,DAILY,11:00 AM,11:50 AM,CC 3357,Dschaffe ,33,/,32,0,11,8,
2366,ENV 150  04,ENVIRONMNTL ISSUES/PROBL,5,MW,11:00 AM,1:20 PM,CC 3459,Egoulet ,33,/,36,0,11,9.7,
9522,ENV 150  D1,ENVIRONMNTL ISSUES/PROBL,5,Online,-,-,-,Bsaunder ,23,/,25,3,7.7,7.3,
,,,,,,,,,,,,,,,
Item,Course ID,Title,CR,Days,Class Time,,Room,Instructor,Enrolled,,,Wait,FTES,,
,,,,,Start,End,,,,,,List,TOTAL,STATE,
1342,ESL 011  01,ESL - LEVEL 1A - S & L,5,TTh,6:30 PM,8:50 PM,CC 3359,Mkill ,14,/,32,0,4.6,4.6,
1340,ESL 011  01,ESL - LEVEL 1A,10,DAILY,9:00 AM,10:50 AM,ED 0841A,Shotting ,29,/,32,0,19.3,19.3,
1341,ESL 011  01,ESL - LEVEL 1A - R & W,5,MW,6:30 PM,8:50 PM,CC 3359,Mkill ,28,/,32,0,9.1,9.1,
1352,ESL 012  01,ESL - LEVEL 1B,10,DAILY,9:00 AM,10:50 AM,CC 3359,Jbauer ,29,/,32,0,19.3,19.3,
1359,ESL 015  70,BASIC LITERACY LEVEL 1,5,DAILY,12:00 PM,12:50 PM,IB 3415,Pcosko ,32,/,32,0,10.7,10.7,
1360,ESL 016  01,ESL-SPEAKING/LISTENING 1,5,DAILY,11:00 AM,11:50 AM,IB 3415,Pcosko ,33,/,32,0,11,11.3,
1364,ESL 021  01,ESL - LEVEL 2A,10,DAILY,12:00 PM,1:50 PM,IB 3428,Aalfaiz ,22,/,32,0,14.7,14.7,
1365,ESL 021  01,ESL - LEVEL 2A - R & W,5,MW,6:30 PM,8:50 PM,IB 3422,Ksternin ,13,/,32,0,4.3,4.3,
1367,ESL 022  01,ESL - LEVEL 2B,10,DAILY,12:00 PM,1:50 PM,IB 3413,Cbonney ,25,/,32,0,16.7,16.7,
1368,ESL 022  01,ESL - LEVEL 2B - R & W,5,MW,6:30 PM,8:50 PM,CC 3445,Bfraley ,24,/,32,0,8,8,
1370,ESL 025  70,FOCUS ON WRITING LEVEL 2,5,DAILY,10:00 AM,10:50 AM,IB 3428,Tbelgace ,27,/,32,0,9,9,
1377,ESL 031  01,ESL - LEVEL 3A,10,DAILY,12:00 PM,1:50 PM,IB 1410,Sstapleton ,30,/,32,0,20,20.7,
1378,ESL 031  01,ESL - LEVEL 3A - R & W,5,MW,6:30 PM,8:50 PM,IB 3415,Kliu ,31,/,32,0,10.3,10.3,
1380,ESL 032  01,ESL - LEVEL 3B,10,DAILY,12:00 PM,1:50 PM,CC 3359,Jbauer ,26,/,32,0,17,17,
1381,ESL 032  01,ESL - LEVEL 3B - R & W,5,MW,6:30 PM,8:50 PM,ED 0841A,Mreynolds ,21,/,32,0,7,7,
1383,ESL 035  70,FOCUS ON WRITING 3,5,DAILY,10:00 AM,10:50 AM,CC 3457,Stuinstr ,19,/,32,0,6.3,6.7,
1384,ESL 036  01,ESL SPEAK/LISTEN LEVEL 3,5,DAILY,11:00 AM,11:50 AM,IB 1307,Lsharpe ,28,/,28,1,9.3,9.3,
1391,ESL 041  01,ESL LEVEL 4A - R & W,5,MW,6:30 PM,8:50 PM,IB 3330,Jkildall ,27,/,32,0,9,9,
1390,ESL 041  01,ESL LEVEL 4A,10,DAILY,12:00 PM,1:50 PM,IB 1307,Jeaton ,23,/,32,0,15.3,15.3,
1394,ESL 042  01,ESL LEVEL 4B - R & W,5,MW,6:30 PM,8:50 PM,IB 3416,Ljensen ,29,/,35,0,9.7,9.7,
,,,,,,,,,,,,,,,
Item,Course ID,Title,CR,Days,Class Time,,Room,Instructor,Enrolled,,,Wait,FTES,,
,,,,,Start,End,,,,,,List,TOTAL,STATE,
1393,ESL 042  01,ESL - LEVEL 4B,10,DAILY,9:00 AM,10:50 AM,IB 3415,Janderso ,32,/,32,0,21.3,21.3,
1396,ESL 045  70,FOCUS ON WRITING LEVEL 4,5,DAILY,11:00 AM,11:50 AM,IB 3428,Tbelgace ,22,/,32,0,7.3,7.3,
1400,ESL 051  01,ESL - LEVEL 5A,10,DAILY,8:00 AM,9:50 AM,IB 3428,Aalfaiz ,27,/,32,0,18,18,
1401,ESL 051  01,ESL LEVEL 5A - R & W,5,MW,6:30 PM,8:50 PM,CC 3460,Tarbelgacem ,18,/,32,2,5.9,5.9,
1404,ESL 052  01,ESL - LEVEL 5B,10,Other,9:00 AM,10:50 AM,IB 1410,Sstapleton ,21,/,32,0,14,14,
1405,ESL 052  01,ESL LEVEL 5B - R & W,5,MW,6:30 PM,8:50 PM,CC 3343,Shamar ,19,/,32,1,6.3,6.7,
1491,ESL 068  02,EDUC'L INTERVIEW FOR ESL,0,T,8:15 AM,11:30 AM,ED 0843A,Aroberge ,22,/,50,0,0.4,0.4,
1492,ESL 068  03,EDUC'L INTERVIEW FOR ESL,0,F,2:15 PM,4:30 PM,ED 0843A,Aroberge ,30,/,50,0,0.6,0.6,
1494,ESL 068  04,EDUC'L INTERVIEW FOR ESL,0,Arr,AR:R M,AR:R M,,Aroberge ,22,/,50,0,0.4,0.4,
1495,ESL 068  05,EDUC'L INTERVIEW FOR ESL,0,Arr,AR:R M,AR:R M,,Cancel 2/17,0,/,50,0,0,0,
1498,ESL 068  08,EDUC'L INTERVIEW FOR ESL,0,Arr,AR:R M,AR:R M,OC,Lnausner ,5,/,40,0,0.1,0.1,
1490,ESL 068  01,EDUC'L INTERVIEW FOR ESL,0,M,8:45 AM,12:00 PM,ED 0843A,Aroberge ,47,/,50,0,0.9,0.9,
1493,ESL 068  04,EDUC'L INTERVIEW FOR ESL,0,F,2:30 PM,4:30 PM,ED 0843A,Aroberge ,34,/,50,0,0.7,0.7,
1496,ESL 068  06,EDUC'L INTERVIEW FOR ESL,0,Arr,AR:R M,AR:R M,OC,Cancel 2/17,0,/,50,0,0,0,
6404,FAM 148  04,PARENT ED: 0-12 MONTHS,2,Arr,AR:R M,AR:R M,OC,Iwagner ,20,/,20,0,3.3,3.3,
6417,FAM 158  17,PARENT ED.: 12-24 MONTHS,2,Arr,AR:R M,AR:R M,OC,Sconnors ,20,/,20,0,3.3,3.3,
6433,FAM 168  33,PARENT ED.: 24-36 MONTHS,2,Arr,AR:R M,AR:R M,OC,Abaumgarten ,20,/,20,0,3.3,3.3,
6438,FAM 178  38,PARENT ED.: 36-48 MONTHS,3,Arr,AR:R M,AR:R M,OC,Cancel 01/03,0,/,0,0,0,0,
9350,FAM 180  D1,SPEC. TOPICS FOR PARENTS,5,Online,-,-,-,Vdonato ,21,/,18,0,7,7,
6454,FAM 188  54,PARENT ED.: 48-72 MONTHS,3,Arr,AR:R M,AR:R M,OC,Mmulcahy ,20,/,20,0,4,4,
,,,,,,,,,,,,,,,
Item,Course ID,Title,CR,Days,Class Time,,Room,Instructor,Enrolled,,,Wait,FTES,,
,,,,,Start,End,,,,,,List,TOTAL,STATE,
6462,FAM 198  62,PARENT ED.: SPECIAL PROG,2,Arr,AR:R M,AR:R M,OC,Maabbott ,20,/,20,0,3.3,3.3,
6464,FAM 198  64,PARENT ED.: SPECIAL PROG,2,Arr,AR:R M,AR:R M,OC,Bethgoss ,20,/,20,0,3.3,3.3,
6466,FAM 198  66,PARENT ED.: SPECIAL PROG,2,Arr,AR:R M,AR:R M,OC,Bwilli ,20,/,20,0,3.3,3.3,
6459,FAM 198  59,PARENT ED.: SPECIAL PROG,2,Arr,AR:R M,AR:R M,OC,Bcallahan ,20,/,20,0,3.3,3.3,
6467,FAM 198  67,PARENT ED.: SPECIAL PROG,2,Arr,AR:R M,AR:R M,OC,Kkincaid ,20,/,20,0,3.3,3.3,
6468,FAM 198  68,PARENT ED.: SPECIAL PROG,2,Arr,AR:R M,AR:R M,OC,Cancel 3/15,0,/,20,0,0,0,
6456,FAM 198  56,PARENT ED.: SPECIAL PROG,2,Arr,AR:R M,AR:R M,OC,Bwilli ,20,/,20,0,3.3,3.3,
6461,FAM 198  61,PARENT ED.: SPECIAL PROG,2,Arr,AR:R M,AR:R M,OC,Ccrowser ,20,/,20,0,3.3,3.3,
6465,FAM 198  65,PARENT ED.: SPECIAL PROG,2,Arr,AR:R M,AR:R M,OC,Bwilli ,20,/,20,0,3.3,3.3,
6457,FAM 198  57,PARENT ED.: SPECIAL PROG,2,Arr,AR:R M,AR:R M,OC,Maabbott ,20,/,20,0,3.3,3.3,
6458,FAM 198  58,PARENT ED.: SPECIAL PROG,2,Arr,AR:R M,AR:R M,OC,Bwilli ,20,/,20,0,3.3,3.3,
1720,FRCH&122  01,FRENCH II,5,DAILY,9:00 AM,9:50 AM,IB 3426,Sbernhar ,16,/,30,0,5.3,2.7,
1722,FRCH&123  01,FRENCH III,5,DAILY,10:00 AM,10:50 AM,IB 3426,Sbernhar ,16,/,30,0,5.3,4.3,
1732,FRCH 298  02,INDEPENDENT STUDY/FRENCH,5,Arr,AR:R M,AR:R M,IB 2309A,Czahajko ,0,/,10,0,0,0,
1840,GED 050  02,BASIC GED PREPARATION 5,5,TTh,6:00 PM,8:30 PM,IB 3330,Cancel 3/20,0,/,28,0,0,0,
1841,GED 060  02,BASIC GED PREPARATION 6,5,TTh,6:00 PM,8:30 PM,IB 3330,Cancel 3/20,0,/,0,0,0,0,
3170,GEOG&100  04,INTRO TO GEOGRAPHY,5,DAILY,11:00 AM,11:50 AM,CC 3352,Hhaertel ,31,/,35,0,10.3,9,
9524,GEOL&101  D1,PHYSICAL GEOLOGY,5,Online,-,-,-,Mharrell ,22,/,25,3,7.3,7,
2378,GEOL&101  08,PHYSICAL GEOLOGY,5,MW,6:00 PM,9:00 PM,AS 1623,Jfigge ,12,/,32,0,4,3.7,
2380,GEOL&103  05,HISTORICAL GEOLOGY,5,MW,12:00 PM,3:00 PM,AS 1623,Tfurutan ,10,/,32,0,3.3,3.3,
,,,,,,,,,,,,,,,
Item,Course ID,Title,CR,Days,Class Time,,Room,Instructor,Enrolled,,,Wait,FTES,,
,,,,,Start,End,,,,,,List,TOTAL,STATE,
2386,GEOL 118  09,VOLCANO FIELD DAY,1,Th,6:00 PM,8:30 PM,AS 1623,Jfigge ,20,/,22,4,1.3,1.3,
2388,GEOL 299  01,INDEPENDENT STUDY-GEOLOG,2,Arr,AR:R M,AR:R M,ARR,Jfigge ,0,/,1,0,0,0,
1740,GERM&123  01,GERMAN III,5,TTh,6:00 PM,8:15 PM,IB 1307,Luciaman ,14,/,30,0,4.7,3.7,
9334,HDC 100  D1,CAREER PLAN/PERSNL EVALU,2,Online,-,-,-,Jmao ,22,/,25,1,2.9,2.7,
3800,HDC 100  01,CAREER PLAN/PERSNL EVALU,2,MW,11:00 AM,12:10 PM,CC 3345,Hoffman-romi,21,/,20,0,2.8,2.1,
3825,HDC 125  01,LEARNING STRATEGY MATH,2,TTh,12:00 PM,12:50 PM,IB 3422,Jmao ,24,/,32,0,3.2,3.1,
9526,HEA 150  D1,HEALTH & HUMAN SEXUALITY,5,Online,-,-,-,Troot ,27,/,25,5,9,7.7,
9528,HEA 150  D2,HEALTH & HUMAN SEXUALITY,5,Online,-,-,-,Troot ,25,/,25,5,8.3,7.3,
2390,HEA 150  05,HEALTH & HUMAN SEXUALITY,5,DAILY,12:00 PM,12:50 PM,TB 1547,Cancel 01/12,0,/,36,0,0,0,
5931,HIN 131  01,WT III: WINDING & SETTIN,6,MTWTh,7:30 AM,4:30 PM,IB 3420,Erolf ,10,/,12,0,4,4,
5932,HIN 132  01,WT III: WATCH GEAR TRAIN,6,MTWTh,7:30 AM,4:30 PM,IB 3420,Erolf ,10,/,12,0,4,4,
5933,HIN 133  01,WT III: PRACTICUM,10,MTWTh,7:30 AM,4:30 PM,IB 3420,Erolf ,10,/,12,0,6.7,6.7,
5971,HIN 231  01,WT VII: ADV PREC TIMING,6,MTWTh,7:30 AM,4:30 PM,IB 3319,Egresseth ,8,/,12,0,3.2,3.2,
5972,HIN 232  01,WT VII: CHRONOGRAPHS,6,MTWTh,7:30 AM,4:30 PM,IB 3319,Egresseth ,8,/,12,0,3.2,3.2,
5973,HIN 233  01,WT VII: PRACTICUM,10,MTWTh,7:30 AM,4:30 PM,IB 3319,Egresseth ,8,/,12,0,5.3,5.3,
9562,HIST&128  D1,WORLD CIVILIZATIONS III,5,Online,-,-,-,Srausch ,22,/,25,0,7.3,7,
3210,HIST&128  04,WORLD CIVILIZATIONS III,5,DAILY,11:00 AM,11:50 AM,CC 3357,Cancel 3/15,0,/,36,0,0,0,
9564,HIST&146  D1,US HIST I:TO 1800,5,Online,-,-,-,Bbrubake ,23,/,25,5,7.7,5,
3230,HIST&147  05,US HISTORY II:1800-1900,5,Other,12:00 PM,12:50 PM,CC 3357,Srausch ,18,/,36,0,6,4.3,
3240,HIST&148  01,US HIST III:1900-PRESENT,5,Other,8:00 AM,8:50 AM,CC 3357,Srausch ,14,/,36,0,4.7,1.3,
,,,,,,,,,,,,,,,
Item,Course ID,Title,CR,Days,Class Time,,Room,Instructor,Enrolled,,,Wait,FTES,,
,,,,,Start,End,,,,,,List,TOTAL,STATE,
3250,HIST&148  H8,US HIST III:1900-PRESENT,5,HYBRID - T,6:00 PM,8:30 PM,CC 3357,Bcasserly ,22,/,36,0,7.3,5.3,
3260,HIST&214  H2,PACIFIC NW HISTORY,5,HYBRID - MTWTh,9:00 AM,9:50 AM,CC 3357,Mnutting ,32,/,36,0,10.7,6.7,
1504,HUM 104  01,VISUAL THINKING,5,MW,1:00 PM,3:15 PM,AS 1530,Mkelly ,24,/,35,0,8,6.7,
9635,HUM 110  D1,INTRODUCTION TO FILM,5,Online,-,-,-,Jclapp ,28,/,25,6,9.3,8.7,
5250,HVC 101  H1,ESSENTIALS OF HVAC,5,HYBRID - T,5:30 PM,8:30 PM,ED 0845B,Mweber ,14,/,24,0,4.7,4.3,
5251,HVC 220  H1,GREEN HVAC,3,HYBRID - W,5:30 PM,7:30 PM,ED 0845B,Cancel 3/26,0,/,25,0,0,0,
5610,IT 101  01,SOFTWARE APPLICATIONS,5,MW,12:00 PM,2:05 PM,IB 3406,Bcampbel ,18,/,28,0,6,5.7,
9460,IT 101  D1,SOFTWARE APPLICATIONS,5,HYBRID - ,: M,: M,OFF,Bcampbel ,21,/,25,0,7,6.3,
9461,IT 111  D1,INTERNET AND WEB AUTHORI,5,Online,-,-,-,Jkent ,24,/,25,0,8,7,
5614,IT 144  01N,NETWORK MGMT - CISCO II,5,MW,6:00 PM,8:30 PM,TB 1543B,Mrice ,21,/,24,0,7,7,
5616,IT 220  01N,DESKTOP MGMT VIRTUALIZAT,5,TTh,6:00 PM,8:50 PM,TB 1543B,Cancel 2/01,0,/,24,0,0,0,
1744,ITAL 123  01,ITALIAN III,5,DAILY,10:00 AM,10:50 AM,CC 3445,Vrzhondkovsk,13,/,30,0,4.3,4.3,
1750,JAPN&122  01,JAPANESE II,5,DAILY,9:00 AM,9:50 AM,CC 3450,Cancel 3/23,0,/,30,0,0,0,
1752,JAPN&123  01,JAPANESE III,5,Other,10:00 AM,10:50 AM,CC 3450,Kyamaguchi ,18,/,30,0,6,5,
9484,LIB 180  WOL,RESEARCH FOR 21ST CENTRY,5,Online,-,-,-,Wa-on-line ,3,/,0,0,1,1,
2406,MATH 080  Z4A,PREPARATORY MATHEMATICS,2,MW,12:00 PM,12:50 PM,CC 3459,Cancel 3/06,0,/,0,0,0,0,
2404,MATH 080  Z2A,PREPARATORY MATHEMATICS,2,MW,12:00 PM,12:50 PM,CC 3459,Cancel 3/06,0,/,32,0,0,0,
2408,MATH 080  Z9A,PREPARATORY MATHEMATICS,2,MW,12:00 PM,12:50 PM,CC 3459,Cancel 3/06,0,/,0,0,0,0,
2414,MATH 081  01,BASIC MATH SKILLS,5,DAILY,8:00 AM,8:50 AM,CC 3455,Plippert ,21,/,32,0,7,7,
2426,MATH 081  08,BASIC MATH SKILLS,5,MW,6:00 PM,8:20 PM,CC 3457,Baschenb ,18,/,32,0,6,5.3,
,,,,,,,,,,,,,,,
Item,Course ID,Title,CR,Days,Class Time,,Room,Instructor,Enrolled,,,Wait,FTES,,
,,,,,Start,End,,,,,,List,TOTAL,STATE,
2420,MATH 081  Z4,BASIC MATH SKILLS,5,DAILY,11:00 AM,11:50 AM,IB 3422,Bcampbel ,24,/,32,0,8,7.7,
9530,MATH 081  D1,BASIC MATH SKILLS,5,Online,-,-,-,Dli ,23,/,25,0,7.7,7.3,
9534,MATH 084  D1P,ALGEBRA I,5,Online,-,-,-,Dbrannan ,12,/,25,0,4,4,
2432,MATH 084  02,ALGEBRA I,5,DAILY,9:00 AM,9:50 AM,CC 3457,Plippert ,33,/,32,4,11,11,
2436,MATH 084  03,ALGEBRA I,5,DAILY,10:00 AM,11:50 AM,CC 3457,Cancel 3/13,0,/,32,0,0,0,
2440,MATH 084  05,ALGEBRA I,5,MTWTh,12:00 PM,1:05 PM,CC 3457,Dli ,32,/,32,0,10.7,9.7,
2444,MATH 084  09,ALGEBRA I,5,TTh,6:00 PM,8:20 PM,CC 3457,Rrobins ,34,/,32,0,11.3,10,
2448,MATH 085  02,ALGEBRA II,5,DAILY,9:00 AM,9:50 AM,CC 3353,Fgarcia ,23,/,32,0,7.7,7.3,
2460,MATH 085  04,ALGEBRA II,5,DAILY,11:00 AM,11:50 AM,CC 3353,Mgaul ,20,/,32,0,6.7,6.3,
2468,MATH 085  Z9,ALGEBRA II,5,TTh,6:00 PM,8:20 PM,CC 3459,Cancel 3/06,0,/,0,0,0,0,
2454,MATH 085  03,ALGEBRA II,5,DAILY,10:00 AM,11:50 AM,CC 3457,Cancel 3/13,0,/,32,0,0,0,
2450,MATH 085  Z2,ALGEBRA II,5,DAILY,9:00 AM,9:50 AM,CC 3353,Cancel 3/06,0,/,0,0,0,0,
2462,MATH 085  Z4,ALGEBRA II,5,DAILY,11:00 AM,11:50 AM,CC 3353,Cancel 3/06,0,/,0,0,0,0,
2466,MATH 085  09,ALGEBRA II,5,TTh,6:00 PM,8:20 PM,CC 3459,Rwells ,15,/,32,0,5,5,
9536,MATH 085  D1P,ALGEBRA II,5,Online,-,-,-,Dbrannan ,19,/,25,0,6.3,6.3,
2480,MATH 089  02,MATH LEARNING CENTER,2,Arr,AR:R M,AR:R M,ED 1845A,Plippert ,41,/,32,3,5.5,5.3,
2470,MATH 089  01,MATH LEARNING CENTER,1,Arr,AR:R M,AR:R M,ED 1845A,Plippert ,10,/,25,0,0.7,0.7,
9540,MATH 090  D1,MATHEMATICAL MODULES,2,Online,-,-,-,Dli ,23,/,25,0,3.1,2.9,
2510,MATH 097  03,ELEMENTARY ALGEBRA,5,DAILY,10:00 AM,10:50 AM,CC 3455,Bgoldner ,26,/,32,0,8.7,7.3,
9542,MATH 097  D1P,ELEMENTARY ALGEBRA,5,Online,-,-,-,Emurphy ,25,/,25,0,8.3,7.3,
,,,,,,,,,,,,,,,
Item,Course ID,Title,CR,Days,Class Time,,Room,Instructor,Enrolled,,,Wait,FTES,,
,,,,,Start,End,,,,,,List,TOTAL,STATE,
2550,MATH 098  08,INTERMEDIATE ALGEBRA,5,MW,6:00 PM,8:20 PM,CC 3355,Nkholomyeva ,32,/,32,0,10.7,10.3,
9544,MATH 098  D1P,INTERMEDIATE ALGEBRA,5,Online,-,-,-,Bgoldner ,30,/,25,12,10,10,
2530,MATH 098  Z3,INTERMEDIATE ALGEBRA,5,DAILY,10:00 AM,10:50 AM,CC 3443,Ejasso ,28,/,32,1,9.3,8.3,
2520,MATH 098  01,INTERMEDIATE ALGEBRA,5,DAILY,8:00 AM,8:50 AM,CC 3457,Emurphy ,32,/,32,6,10.7,10.3,
2540,MATH 098  05,INTERMEDIATE ALGEBRA,5,MTWTh,12:00 PM,1:05 PM,CC 3455,Fgarcia ,35,/,32,2,11.7,10.7,
2604,MATH&107  03,MATH IN SOCIETY,5,DAILY,10:00 AM,10:50 AM,IB 3422,Rjenne ,21,/,32,0,7,5.3,
2610,MATH 109  02,ELEMENTARY STATISTICS,5,DAILY,9:00 AM,9:50 AM,CC 3453,Dli ,31,/,32,1,10.3,8.3,
2616,MATH 109  05,ELEMENTARY STATISTICS,5,MTWTh,12:00 PM,1:05 PM,CC 3443,Sshetty ,36,/,32,3,12,10,
2622,MATH 109  09,ELEMENTARY STATISTICS,5,TTh,6:00 PM,8:20 PM,CC 3453,Kbader ,30,/,32,1,10,9.7,
9546,MATH 109  D1,Q-STATISTICS,5,Online,-,-,-,Pkurose ,24,/,25,10,8,7.3,
2634,MATH 116  06,APPL MATH TO MGT LIFE SC,5,MTWTh,1:15 PM,2:20 PM,CC 3453,Mgaul ,39,/,32,9,13,3.7,
2628,MATH 116  01,APPL MATH TO MGT LIFE SC,5,MTWTh,7:45 AM,8:50 AM,CC 3453,Sdwilson ,30,/,32,0,10,5,
2640,MATH&141  01,PRECALCULUS I,5,DAILY,8:00 AM,8:50 AM,CC 3443,Pkurose ,30,/,32,3,10,7.3,
2646,MATH&141  03,PRECALCULUS I,5,DAILY,10:00 AM,10:50 AM,CC 3453,Dli ,32,/,32,5,10.7,7.7,
2652,MATH&141  05,PRECALCULUS I,5,MTWTh,12:00 PM,1:05 PM,CC 3355,Rjenne ,33,/,32,3,11,6.7,
2658,MATH&141  09,PRECALCULUS I,5,TTh,6:00 PM,8:20 PM,IB 3316,Jdesoto ,31,/,32,5,10.3,8.3,
2664,MATH&142  02,PRECALCULUS II,5,DAILY,9:00 AM,9:50 AM,CC 3443,Sshetty ,24,/,32,0,8,7,
2678,MATH&142  05,PRECALCULUS II,5,MTWTh,12:00 PM,1:05 PM,CC 3353,Hwatts ,27,/,32,0,9,7.7,
2684,MATH&142  08,PRECALCULUS II,5,MW,6:00 PM,8:20 PM,IB 3430,Nphouphakone,31,/,32,0,10.3,8.3,
2708,MATH&148  04,BUSINESS CALCULUS,5,Other,11:00 AM,11:50 AM,CC 3455,Sdwilson ,38,/,32,0,12.7,4,
,,,,,,,,,,,,,,,
Item,Course ID,Title,CR,Days,Class Time,,Room,Instructor,Enrolled,,,Wait,FTES,,
,,,,,Start,End,,,,,,List,TOTAL,STATE,
2714,MATH&148  09,BUSINESS CALCULUS,5,TTh,6:00 PM,8:20 PM,CC 3355,Nkholomyeva ,23,/,32,0,7.7,4,
2702,MATH&148  01,BUSINESS CALCULUS,5,MTWTh,7:45 AM,8:50 AM,CC 3353,Hwatts ,32,/,32,0,10.7,3.3,
2732,MATH&151  06,CALCULUS I,5,MTWTh,1:15 PM,2:20 PM,CC 3443,Ejasso ,27,/,32,0,9,5.3,
2718,MATH&151  01,CALCULUS I,5,Arr,AR:R M,AR:R M,ARR,Dbrannan ,1,/,1,0,0.3,0.3,
2726,MATH&151  04,CALCULUS I,5,DAILY,11:00 AM,11:50 AM,CC 3453,Hli ,26,/,32,0,8.7,4.7,
2738,MATH&151  09,CALCULUS I,5,TTh,6:00 PM,8:20 PM,IB 3426,Ejasso ,27,/,32,0,9,6,
2720,MATH&151  02,CALCULUS I,5,DAILY,9:00 AM,9:50 AM,CC 3355,Hli ,29,/,32,0,9.7,5.3,
2744,MATH&152  02,CALCULUS II,5,DAILY,9:00 AM,9:50 AM,CC 3455,Rjenne ,27,/,32,0,9,6.3,
2750,MATH&152  05,CALCULUS II,5,MTWTh,12:00 PM,1:05 PM,CC 3453,Hli ,19,/,32,0,6.3,3,
2756,MATH&152  08,CALCULUS II,5,MW,6:00 PM,8:20 PM,CC 3459,Jdesoto ,19,/,32,0,6.3,6,
2762,MATH&153  01,CALCULUS III,5,Other,7:45 AM,8:50 AM,CC 3355,Cancel 3/19,0,/,32,0,0,0,
2768,MATH&153  03,CALCULUS III,5,DAILY,10:00 AM,10:50 AM,CC 3353,Mgaul ,35,/,32,5,11.7,6.3,
2774,MATH&153  06,CALCULUS III,5,MTWTh,1:15 PM,2:20 PM,IB 3430,Dbrannan ,32,/,32,2,10.7,5,
2780,MATH&153  09,CALCULUS III,5,TTh,6:00 PM,8:20 PM,CC 3353,Hwatts ,29,/,32,0,9.7,6.3,
2786,MATH 220  08,LINEAR ALGEBRA,5,MW,6:00 PM,8:20 PM,CC 3453,Hli ,18,/,32,0,6,4,
2790,MATH 224  08,VECTOR CALCULUS,5,MW,6:00 PM,8:20 PM,CC 3455,Rjenne ,21,/,32,0,7,4,
2794,MATH 238  03,DIFFERENTIAL EQUATIONS,5,DAILY,10:00 AM,10:50 AM,CC 3459,Dbrannan ,29,/,32,0,9.7,6.7,
2806,MEY 100  H5,METEOROLOGY,5,HYBRID - TTh,12:30 PM,2:20 PM,AS 1623,Cancel 3/21,0,/,36,0,0,0,
9640,MUSC 110  D1,INTRO TO WORLD MUSIC,5,Online,-,-,-,Bpalmer ,22,/,25,3,7.3,6,
9642,MUSC 113  D1,MUSIC IN THE U.S.,5,Online,-,-,-,Awoodbur ,24,/,25,4,8,4.3,
,,,,,,,,,,,,,,,
Item,Course ID,Title,CR,Days,Class Time,,Room,Instructor,Enrolled,,,Wait,FTES,,
,,,,,Start,End,,,,,,List,TOTAL,STATE,
1605,MUSC 113  01,MUSIC IN THE U.S.,5,Other,10:00 AM,10:50 AM,LB 1142,Bpalmer ,32,/,35,0,10.7,4.3,
1658,MUSC 130  03,IND. INSTRUCTION: VOICE,2,Arr,AR:R M,AR:R M,IB 2407C,Cancel 2/23,0,/,10,0,0,0,
1660,MUSC 130  05,IND. INSTRUCTION: VOICE,2,Arr,AR:R M,AR:R M,IB 2407C,Dgeorge ,0,/,10,0,0,0,
1662,MUSC 130  07,IND. INSTRUCTION: VOICE,2,Arr,AR:R M,AR:R M,IB 2407C,Cancel 2/23,0,/,10,0,0,0,
1659,MUSC 130  04,IND. INSTRUCTION: VOICE,2,Arr,AR:R M,AR:R M,IB 2407C,Cgrayson ,1,/,10,0,0.1,0.1,
1663,MUSC 130  08,IND. INSTRUCTION: VOICE,2,Arr,AR:R M,AR:R M,IB 2407C,Rice ,1,/,10,0,0.1,0.1,
1657,MUSC 130  02,IND. INSTRUCTION: VOICE,2,Arr,AR:R M,AR:R M,IB 2407C,White ,1,/,10,0,0,0,
1661,MUSC 130  06,IND. INSTRUCTION: VOICE,2,Arr,AR:R M,AR:R M,IB 2407C,Rice ,0,/,10,0,0,0,
1684,MUSC 134  04,IND. INST: WOODWINDS,2,Arr,AR:R M,AR:R M,IB 2407C,Cancel 5/30,0,/,10,0,0,0,
1681,MUSC 134  01,IND. INST: WOODWINDS,2,Arr,AR:R M,AR:R M,IB 2407C,Jolivet ,0,/,10,0,0,0,
1682,MUSC 134  02,IND. INST: WOODWINDS,2,Arr,AR:R M,AR:R M,IB 2407C,Stone ,0,/,10,0,0,0,
1683,MUSC 134  03,IND. INST: WOODWINDS,2,Arr,AR:R M,AR:R M,IB 2407C,Stone ,0,/,10,0,0,0,
1688,MUSC 135  03,IND. INST: PERCUSSION,2,Arr,AR:R M,AR:R M,IB 2407C,Dgeorge ,1,/,10,0,0,0,
1687,MUSC 135  02,IND. INST: PERCUSSION,2,Arr,AR:R M,AR:R M,IB 2407C,Vannoy ,0,/,10,0,0,0,
1686,MUSC 135  01,IND. INST: PERCUSSION,2,Arr,AR:R M,AR:R M,IB 2407C,Hartman ,0,/,10,0,0,0,
1692,MUSC 138  01,INDIVIDUAL INST: GUITAR,2,Arr,AR:R M,AR:R M,IB 2407C,Catford ,1,/,10,0,0.1,0.1,
1693,MUSC 138  02,INDIVIDUAL INST: GUITAR,2,Arr,AR:R M,AR:R M,IB 2407C,Sawyer ,1,/,10,0,0,0,
1694,MUSC 138  03,INDIVIDUAL INST: GUITAR,2,Arr,AR:R M,AR:R M,IB 2407C,Catford ,0,/,10,0,0,0,
1695,MUSC 138  04,INDIVIDUAL INST: GUITAR,2,Arr,AR:R M,AR:R M,IB 2407C,Sawyer ,1,/,10,0,0.1,0.1,
1696,MUSC 139  01,INDIVIDUAL INST: HARP,2,Arr,AR:R M,AR:R M,IB 2407C,Jaeger ,0,/,10,0,0,0,
,,,,,,,,,,,,,,,
Item,Course ID,Title,CR,Days,Class Time,,Room,Instructor,Enrolled,,,Wait,FTES,,
,,,,,Start,End,,,,,,List,TOTAL,STATE,
1621,MUSC 140  01,COLLEGE CHOIR,5,DAILY,11:00 AM,11:50 AM,LB 1142,Bpalmer ,56,/,70,0,18.7,5,
1628,MUSC 154  01,SYMPHONIC BAND,2,M,7:30 PM,9:30 PM,LB 1142,Landerso ,2,/,50,0,0.3,0.1,
1665,MUSC 171  02,IND. INST: PIANO,2,Arr,AR:R M,AR:R M,IB 2407C,Ljeon ,1,/,10,0,0,0,
1666,MUSC 171  03,IND. INST: CLASSIC PIANO,2,Arr,AR:R M,AR:R M,IB 2407C,Rice ,0,/,10,0,0,0,
1664,MUSC 171  01,IND. INST: PIANO,2,Arr,AR:R M,AR:R M,IB 2407C,Cancel 5/30,0,/,10,0,0,0,
1669,MUSC 172  01,INDIVIDUAL INST: STRINGS,2,Arr,AR:R M,AR:R M,IB 2407C,Johnson ,4,/,10,0,0.3,0.1,
1672,MUSC 172  04,INDIVIDUAL INST: STRINGS,2,Arr,AR:R M,AR:R M,IB 2407C,Zadrozny ,0,/,10,0,0,0,
1671,MUSC 172  03,INDIVIDUAL INST: STRINGS,2,Arr,AR:R M,AR:R M,IB 2407C,Funk ,2,/,10,0,0.3,0.1,
1670,MUSC 172  02,INDIVIDUAL INST: STRINGS,2,Arr,AR:R M,AR:R M,IB 2407C,Catford ,0,/,10,0,0,0,
1678,MUSC 173  05,INDIVIDUAL INST: BRASS,2,Arr,AR:R M,AR:R M,IB 2407C,Cancel 5/30,0,/,10,0,0,0,
1679,MUSC 173  06,INDIVIDUAL INST: BRASS,2,Arr,AR:R M,AR:R M,IB 2407C,Dgeorge ,0,/,10,0,0,0,
1674,MUSC 173  01,INDIVIDUAL INST: BRASS,2,Arr,AR:R M,AR:R M,IB 2407C,Landerso ,0,/,10,0,0,0,
1677,MUSC 173  04,INDIVIDUAL INST: BRASS,2,Arr,AR:R M,AR:R M,IB 2407C,Schultz ,0,/,10,0,0,0,
1675,MUSC 173  02,INDIVIDUAL INST: BRASS,2,Arr,AR:R M,AR:R M,IB 2407C,Bpalmer ,0,/,10,0,0,0,
1676,MUSC 173  03,INDIVIDUAL INST: BRASS,2,Arr,AR:R M,AR:R M,IB 2407C,Schultz ,0,/,10,0,0,0,
1640,MUSC 299  01,PRACTICUM IN MUSIC,5,Arr,AR:R M,AR:R M,LB 0241,Bpalmer ,0,/,10,0,0,0,
2810,NANO 101  03,INTRO TO NANOTECHNOLOGY,5,MW,10:00 AM,11:50 AM,ED 0843A,Aagnello ,12,/,24,0,4,3.7,
2820,NANO 230  01,NANO/MICRO CHARACTERIZAT,5,MW,8:00 AM,9:50 AM,ED 0843A,Pkazarinoff ,5,/,24,0,1.7,1,
2840,NANO 250  06,CAPSTONE/PRACTICUM II,5,Th,1:00 PM,4:50 PM,ED 0843A,Aagnello ,5,/,24,0,1.7,1,
2860,NTR 150  04,HUMAN NUTRITION,5,Other,11:00 AM,11:50 AM,TB 1547,Speterson ,38,/,36,3,12.7,8.3,
,,,,,,,,,,,,,,,
Item,Course ID,Title,CR,Days,Class Time,,Room,Instructor,Enrolled,,,Wait,FTES,,
,,,,,Start,End,,,,,,List,TOTAL,STATE,
2870,NTR 150  08,HUMAN NUTRITION,5,MW,6:00 PM,8:20 PM,TB 1547,Kbaum ,34,/,36,3,11.3,10.3,
2850,NTR 150  02,HUMAN NUTRITION,5,Other,9:00 AM,9:50 AM,TB 1547,Speterson ,38,/,36,2,12.7,8.3,
9550,NTR 150  D1,HUMAN NUTRITION,5,Online,-,-,-,Jlearn ,25,/,25,8,8.3,5.7,
9556,NTR 150  D4,HUMAN NUTRITION,5,Online,-,-,-,Tstilson ,22,/,25,7,7.3,7.3,
9554,NTR 150  D3,HUMAN NUTRITION,5,Online,-,-,-,Jlearn ,24,/,25,7,8,5.3,
9552,NTR 150  D2,HUMAN NUTRITION,5,Online,-,-,-,Jlearn ,27,/,25,7,9,6,
6520,NUR 100  01,MOD FUNDAMENTALS OF CARE,1,Arr,AR:R M,AR:R M,ARR,Cancel 2/13,0,/,20,0,0,0,
6514,NUR 104  01,NRSE DELEG NAC-DIABETES,2,Th,3:30 PM,8:30 PM,IB 1313,Lhristova ,13,/,20,0,1.7,1.7,
6516,NUR 108  01,CLIN HOSP EXP FOR NAC,3,W,5:00 PM,9:00 PM,IB 1415,Mjorgenson ,30,/,30,0,6,6,
6542,NUR 110  01,BODY MECHANICS HEALTHCAR,1,Sa,9:00 AM,2:30 PM,IB 1313,Gzemke ,19,/,20,0,1.3,1.3,
6550,NUR 118  02,CLINICAL NURS. SKILLS I,2,Arr,AR:R M,AR:R M,ARR,Jgrosnick ,31,/,32,0,4.1,4.1,
6553,NUR 119  03,CLINICAL NURS. SKILLS II,1,Arr,AR:R M,AR:R M,ARR,Jgrosnick ,32,/,35,0,2.1,2.1,
6551,NUR 127  02,MEDICAL/SURGICAL NURSING,6,Arr,AR:R M,AR:R M,ARR,Dfiliatrault,31,/,32,0,13.4,13.4,
6554,NUR 128  03,MED/SURG-CHLD/ADULT II,6,Arr,AR:R M,AR:R M,ARR,Dfiliatrault,32,/,35,0,12.8,12.8,
6552,NUR 131  02,CLIN NURSING PRACT. I,4,Arr,AR:R M,AR:R M,OFF,Pguidon ,31,/,32,0,7.2,7.2,
6555,NUR 133  03,FAMILY NURSING THEORY,2,Arr,AR:R M,AR:R M,ARR,Jgonzales ,32,/,35,0,3.2,3.2,
6556,NUR 134  03,FAMILY NURSING CLINICAL,2,Arr,AR:R M,AR:R M,OFF,Jgonzales ,32,/,35,0,3.2,3.2,
6557,NUR 141  03,CLIN NURSING PRACTICE II,2,Arr,AR:R M,AR:R M,OFF,Pguidon ,32,/,35,0,4.3,4.3,
6518,NUR 145  01,MENTAL HEALTH-TRAINING,2,Arr,AR:R M,AR:R M,ARR,Cancel 2/13,0,/,20,0,0,0,
6563,NUR 224  03,HEALTH PROM AND ED NSG,2,W,10:30 AM,12:30 PM,CC 1161,Mrickel ,31,/,32,0,4.1,4.1,
,,,,,,,,,,,,,,,
Item,Course ID,Title,CR,Days,Class Time,,Room,Instructor,Enrolled,,,Wait,FTES,,
,,,,,Start,End,,,,,,List,TOTAL,STATE,
6564,NUR 226  03,CARE MNGMT AND LEADERSHI,2,W,8:00 AM,10:30 AM,CC 1161,Mrickel ,31,/,32,0,4.1,4.1,
6560,NUR 227  02,COMPLX NSG MED/SURG PSYC,7,Arr,AR:R M,AR:R M,ARR,Lhristova ,38,/,39,0,17.7,17.7,
6561,NUR 228  02,COMPLX MED/SRG PSY CLINI,5,Arr,: M,: M,OFF,Mrickel ,32,/,32,0,10.7,10.7,
6565,NUR 237  03,ADV MED/SURG NSG CARE,3,Arr,AR:R M,AR:R M,ARR,Dfiliatrault,31,/,32,0,6.2,6.2,
6566,NUR 238  03,TRANSITION TO RN PRACT,5,Arr,: M,: M,OFF,Lhristova ,31,/,32,0,10.3,10.3,
9558,OCEA&100  D1,INTRO TO OCEANOGRAPHY,5,Online,-,-,-,Gjones ,22,/,25,1,7.3,7.3,
6579,PEC 136  01,YOGA,2,MWF,8:00 AM,8:50 AM,WC 0827D,Jhill ,21,/,20,0,2.8,1.6,
6582,PEC 136  04,YOGA,2,TTh,4:00 PM,5:15 PM,WC 0827D,Jhill ,21,/,20,0,2.8,1.5,
6580,PEC 136  02,YOGA,2,MWF,9:00 AM,9:50 AM,WC 0827D,Jhill ,22,/,20,3,2.9,1.3,
6581,PEC 136  03,YOGA,2,MW,2:00 PM,3:15 PM,WC 0827D,Jhill ,22,/,20,0,2.9,1.7,
6587,PEC 155  01,FIRST AID & PERSONAL SAF,3,MW,1:00 PM,2:15 PM,WC 0827A,Cancel 3/23,0,/,25,0,0,0,
6588,PEC 170  01,INTRO TO JAZZ DANCE,2,MWF,11:00 AM,11:50 AM,WC 0827D,Cancel 3/23,0,/,20,0,0,0,
6589,PEC 180  01,TOTAL BODY TRAINING,2,MWF,10:00 AM,10:50 AM,WC 0827D,Troot ,18,/,20,0,2.4,0.9,
6590,PEC 298  01,YOGA PILATES,2,TTh,2:00 PM,3:15 PM,WC 0827D,Troot ,22,/,20,0,2.9,2.1,
6591,PEC 299  01,INDEPENDENT FITNESS,2,Sa,9:00 AM,11:30 AM,WC 0827A,Lchristine ,23,/,25,0,3.1,2.1,
6531,PHA 112  01,PHARMACY LAW,2,F,11:35 AM,1:15 PM,IB 1421,Lramos ,26,/,30,0,3.5,3.5,
6532,PHA 115  01,ORIENT'N TO PHARM. PRAC.,2,Other,10:30 AM,11:20 AM,IB 1421,Uthorstensen,24,/,30,0,3.2,3.2,
6533,PHA 120  01,PHARMACY CALCULATIONS,3,Other,9:00 AM,10:15 AM,IB 1421,Uthorstensen,24,/,30,0,4.8,4.8,
6536,PHA 141  03,STERILE PRODS/ASE TECHII,2,Other,9:00 AM,11:30 AM,IB 1421,Uthorstensen,24,/,28,0,3.2,3.1,
6537,PHA 151  03,PHARMACOLOGY II,3,F,9:00 AM,11:30 AM,IB 1421,Lramos ,24,/,28,0,4.8,4.6,
,,,,,,,,,,,,,,,
Item,Course ID,Title,CR,Days,Class Time,,Room,Instructor,Enrolled,,,Wait,FTES,,
,,,,,Start,End,,,,,,List,TOTAL,STATE,
6534,PHA 155  01,HIV/AIDS AND HIPAA,1,F,1:20 PM,5:20 PM,IB 1421,Lramos ,19,/,30,0,1.3,1.3,
6538,PHA 161  03,PHARMACY TECHNOLOGY II,2,Other,11:35 AM,2:45 PM,ED 1841A,Uthorstensen,24,/,28,0,3.2,3.1,
6535,PHA 170  01,PHARMACY RECORDS MGMNT,4,Other,11:25 AM,2:00 PM,IB 1421,Uthorstensen,27,/,30,0,7.2,7.2,
6539,PHA 190  03,PHARMACY TECH EXTERNSHIP,13,Arr,AR:R M,AR:R M,OFF,Uthorstensen,24,/,28,0,13.4,12.9,
3310,PHIL&101  02,INTRO TO PHILOSOPHY,5,Other,10:00 AM,10:50 AM,CC 3343,Ovishnya ,30,/,36,0,10,8.7,
3320,PHIL&106  02,INTRO TO LOGIC,5,DAILY,9:00 AM,9:50 AM,CC 3343,Ovishnya ,34,/,36,0,11.3,9.7,
9574,PHIL&106  D1,INTRO TO LOGIC,5,Online,-,-,-,Swerre ,26,/,25,7,8.7,6.7,
2900,PHYS&121  H1,GENERAL PHYSICS I,5,HYBRID - TTh,8:00 AM,9:50 AM,AS 1527,Deyres ,33,/,32,3,11,9,
2904,PHYS&121  H6,GENERAL PHYSICS I,5,HYBRID - TTh,1:00 PM,2:50 PM,AS 1527,Deyres ,34,/,32,15,11.3,8,
2916,PHYS&122  H3,GENERAL PHYSICS II,5,HYBRID - MW,10:00 AM,11:50 AM,AS 1527,Deyres ,20,/,32,0,6.7,6,
2928,PHYS&123  08,GENERAL PHYSICS III,5,MW,6:00 PM,8:50 PM,AS 1527,Jreid ,26,/,32,0,8.7,7.7,
2922,PHYS&123  H1,GENERAL PHYSICS III,5,HYBRID - MW,8:00 AM,9:50 AM,AS 1527,Deyres ,8,/,32,0,2.7,3,
2934,PHYS&221  01,ENGINEERING PHYSICS I,5,TTh,8:00 AM,9:50 AM,AS 1627,Baschenb ,35,/,32,2,11.7,7,
2940,PHYS&222  03,ENGINEERING PHYSICS II,5,TThF,10:00 AM,11:50 AM,AS 1527,Dmonk ,23,/,32,0,7.7,5.3,
2944,PHYS&223  05,ENGINEERING PHYSICS III,5,MTThF,12:00 PM,12:50 PM,AS 1527,Mwaterbury ,36,/,32,1,12,8.3,
2948,PHYS&223  09,ENGINEERING PHYSICS III,5,TTh,6:00 PM,8:50 PM,AS 1527,Jreid ,33,/,32,10,11,3.7,
3340,POLS&101  05,INTRO POLITICAL SCIENCE,5,MWF,12:00 PM,1:20 PM,CC 3452,Kstuhldr ,19,/,36,0,6.3,5,
9584,POLS&101  D1,INTRO POLITICAL SCIENCE,5,Online,-,-,-,Jlane ,22,/,25,1,7.3,5.7,
9586,POLS&202  D1,AMERICAN GOVERNMENT,5,Online,-,-,-,Jlane ,26,/,25,8,8.7,1.3,
3350,POLS&202  H4,AMERICAN GOVERNMENT,5,HYBRID - MTWTh,11:00 AM,11:50 AM,LB 1131,Erolguin ,28,/,36,0,9.3,5.7,
,,,,,,,,,,,,,,,
Item,Course ID,Title,CR,Days,Class Time,,Room,Instructor,Enrolled,,,Wait,FTES,,
,,,,,Start,End,,,,,,List,TOTAL,STATE,
3360,POLS&203  H3,INTERNATIONAL RELATIONS,5,HYBRID - MTWTh,10:00 AM,10:50 AM,LB 1131,Erolguin ,31,/,36,0,10.3,8.3,
3416,PSYC&100  05,GENERAL PSYCHOLOGY,5,TTh,12:00 PM,2:20 PM,CC 3452,Bholt ,33,/,36,0,11,8.7,
3420,PSYC&100  09,GENERAL PSYCHOLOGY,5,TTh,6:00 PM,8:20 PM,CC 3343,Arichards ,28,/,36,0,9.3,6.3,
3410,PSYC&100  03,GENERAL PSYCHOLOGY,5,Other,10:00 AM,10:50 AM,CC 3452,Mgrinley ,36,/,36,0,12,9.7,
9590,PSYC&100  D1,GENERAL PSYCHOLOGY,5,Online,-,-,-,Ratkins ,24,/,25,13,8,5.7,
9591,PSYC&100  D2,GENERAL PSYCHOLOGY,5,Online,-,-,-,Kkuwada ,25,/,25,9,8.3,8,
3414,PSYC&100  04,GENERAL PSYCHOLOGY,5,Other,11:00 AM,11:50 AM,CC 3452,Mgrinley ,36,/,36,2,12,6,
3438,PSYC&200  09,LIFESPAN PSYCHOLOGY,5,MW,6:00 PM,8:20 PM,CC 3345,Hgill ,16,/,36,0,5.3,5.3,
9598,PSYC&200  D2,LIFESPAN PSYCHOLOGY,5,Online,-,-,-,Nfinle ,27,/,25,2,9,8,
9600,PSYC&200  D3,LIFESPAN PSYCHOLOGY,5,Online,-,-,-,Nfinle ,23,/,25,4,7.7,7.7,
9596,PSYC&200  D1,LIFESPAN PSYCHOLOGY,5,Online,-,-,-,Ratkins ,23,/,25,8,7.7,6.7,
3430,PSYC&200  06,LIFESPAN PSYCHOLOGY,5,DAILY,1:00 PM,1:50 PM,CC 3343,Cbatt ,16,/,36,0,5.3,5.3,
3480,PSYC 222  09,SURVEY OF PHYSIOL. PSYCH,5,Other,6:00 PM,8:20 PM,CC 3345,Avoorhies ,26,/,36,0,8.7,8,
4314,RES 125  01N,APPLICATIONS OF RES MATH,2,T,6:00 PM,9:50 PM,IB 3317,Mcampos ,16,/,25,0,2.1,2,
9469,RES 130  D1,GREEN REAL ESTATE,3,Online,-,-,-,Cancel 3/26,0,/,25,0,0,0,
4316,RES 141  01N,LAND USE PRINC & PRAC,3,M,6:00 PM,8:40 PM,IB 3315,Timjones ,21,/,25,0,4.2,4.2,
4317,RES 164  01N,REAL ESTATE FINANCE RESI,5,Th,5:30 PM,9:50 PM,IB 3317,Nadelson ,13,/,25,0,4.3,4.3,
9472,RES 164  D1,REAL ESTATE FINANCE RESI,5,Online,-,-,-,Cancel 2/07,0,/,35,0,0,0,
4318,RES 175  01,INTRODUCTION TO TITLE,3,Sa,1:00 PM,5:15 PM,IB 3317,Cancel 01/23,0,/,0,0,0,0,
4320,RES 180  01N,BASIC APPRAISAL PRINCIPL,3,Th,6:00 PM,8:40 PM,IB 3317,Cancel 01/23,0,/,0,0,0,0,
,,,,,,,,,,,,,,,
Item,Course ID,Title,CR,Days,Class Time,,Room,Instructor,Enrolled,,,Wait,FTES,,
,,,,,Start,End,,,,,,List,TOTAL,STATE,
4324,RES 190  01,REAL ESTATE ESCROW I,3,Sa,8:30 AM,12:45 PM,IB 3317,Sbossard ,15,/,25,0,3,2.8,
4328,RES 210  01N,RESIDENTIAL PROPERTY INV,3,F,6:00 PM,8:40 PM,IB 3317,Rhagar ,16,/,25,0,3.2,2.8,
4330,RES 220  01N,REAL ESTATE ECONOMICS,3,W,6:00 PM,9:00 PM,IB 3315,Rhagar ,18,/,25,0,3.6,3.4,
4332,RES 295  01N,COMM RES INVESTMENT ANLY,2,Sa,1:00 PM,4:30 PM,IB 3315,Jmahoney ,13,/,25,0,1.7,1.7,
4337,RES 298  02,SPECIAL PROJECTS-REALEST,6,Arr,AR:R M,AR:R M,ARR,Nadelson ,1,/,5,0,0.1,0.1,
4335,RES 298  01,SPECIAL PROJECTS-REALEST,6,Arr,AR:R M,AR:R M,ARR,Nadelson ,4,/,5,0,1.2,1.2,
2960,SCI 112  08,SEASHORE LIFE FIELD DAY,1,W,6:00 PM,8:30 PM,AS 1520,Bsaunder ,19,/,22,2,1.3,1.2,
2970,SCI 113  08,MARSH ECOLOGY FIELD DAY,1,M,6:00 PM,8:30 PM,AS 1520,Cancel 3/21,0,/,22,0,0,0,
1572,SLN 101  01,SERVICE LEARNING/LEADERS,2,Arr,AR:R M,AR:R M,ARR,Mnutting ,1,/,3,0,0.1,0.1,
3510,SOC& 101  02,INTRO TO SOCIOLOGY,5,DAILY,9:00 AM,9:50 AM,CC 3452,Nsacouman ,29,/,36,0,9.7,7.3,
9610,SOC& 101  D1,INTRO TO SOCIOLOGY,5,Online,-,-,-,Ratkins ,25,/,25,14,8.3,2.7,
9612,SOC& 101  D2,INTRO TO SOCIOLOGY,5,Online,-,-,-,Ratkins ,27,/,30,10,9,6.7,
3520,SOC& 101  H3,INTRO TO SOCIOLOGY,5,HYBRID - MWF,10:00 AM,10:50 AM,CC 3357,Nsacouman ,37,/,36,4,12.3,10,
1760,SPAN&121  01,SPANISH I,5,DAILY,10:00 AM,11:50 AM,IB 3325,Czahajko ,34,/,40,0,11.3,7.3,
1772,SPAN&122  03,SPANISH II,5,TTh,5:30 PM,7:45 PM,CC 3449,Jordantaylor,22,/,30,0,7.3,6,
1764,SPAN&122  01,SPANISH II,5,DAILY,10:00 AM,11:50 AM,IB 3325,Czahajko ,20,/,30,0,6.7,5.3,
1766,SPAN&122  02,SPANISH II,5,DAILY,12:00 PM,12:50 PM,IB 3426,Sbernhar ,17,/,30,0,5.7,4.7,
1770,SPAN&123  01,SPANISH III,5,DAILY,9:00 AM,9:50 AM,IB 3325,Czahajko ,20,/,30,0,6.7,5,
1775,SPAN&123  H4,SPANISH III,5,HYBRID - Th,5:30 PM,7:45 PM,IB 3325,Vrzhondkovsk,18,/,30,0,6,4.7,
1774,SPAN&123  03,SPANISH III,5,MW,5:30 PM,7:45 PM,IB 3426,Jordantaylor,16,/,30,0,5.3,4.3,
,,,,,,,,,,,,,,,
Item,Course ID,Title,CR,Days,Class Time,,Room,Instructor,Enrolled,,,Wait,FTES,,
,,,,,Start,End,,,,,,List,TOTAL,STATE,
1776,SPAN&223  01,SPANISH VI,5,MW,5:30 PM,7:45 PM,IB 3325,Czahajko ,15,/,30,0,5,4,
1782,SPAN 299  02,INDEPENDNT STDY SPANISH,5,Arr,AR:R M,AR:R M,IB 2309A,Czahajko ,1,/,10,0,0.3,0.3,
2980,SUST 101  05,INTRO TO SUSTAINABILITY,5,MWF,12:00 PM,1:30 PM,ED 0843A,Cancel 3/21,0,/,36,0,0,0,
6548,SUST 111  H2,SUSTAINABILITY HEALTHCAR,5,HYBRID - Arr,AR:R M,AR:R M,OFF,Cancel 4/02,0,/,25,0,0,0,
6546,SUST 111  H1,SUSTAINABILITY HEALTHCAR,5,HYBRID - Sa,AR:R M,AR:R M,OFF,Jreis ,12,/,25,0,4,4,
5100,TDR 102  H1N,ADVANCED BIM FOR DESIGN,5,HYBRID - W,5:30 PM,7:30 PM,ED 1845C,Ssimmons ,17,/,24,0,5.7,4,
5105,TDR 109  01,ARCHITECTURAL EGRING LAB,1,M,4:00 PM,5:00 PM,ED 1845C,Ssimmons ,22,/,24,0,1.5,1.1,
5120,TDR 144  01,DESIGN & CONSTRUCT ENVIR,5,TTh,3:00 PM,5:30 PM,ED 1845C,Ssimmons ,14,/,24,0,4.7,4.7,
5137,TDR 176  H1N,ADV AUTOCAD/ARCHIT &ENGR,4,HYBRID - M,5:30 PM,7:30 PM,ED 1845C,Ssimmons ,18,/,18,0,4.8,4,
5145,TDR 269  01,CONSTRUCTION ESTIMATING,5,TTh,5:30 PM,7:50 PM,ED 1845C,Ncarlstr ,9,/,24,0,3,3,
5147,TDR 297  01,CONSTRUCTION EGR DRAFT,10,Arr,AR:R M,AR:R M,ARR,Ssimmons ,4,/,2,0,1.3,0.7,
2992,UGR 294  02,INDEPENDENT RESEARCH,1,Arr,AR:R M,AR:R M,ARR,Jgward ,1,/,1,0,0.1,0.1,
2994,UGR 294  05,INDEPENDENT RESEARCH,5,Arr,AR:R M,AR:R M,ARR,Bsaunder ,2,/,5,0,0.3,0.3,
3580,WMN 298  01,SPEC TOPIC:WOMEN STUDIES,2,Arr,AR:R M,AR:R M,ARR,Kstuhldr ,1,/,2,0,0.1,0,
,,,,,,,,,,,,,,,
,,,,,,,,,,,,,,,
Clustered Classes:,,,,,,,,,,,,,,,
Item,Course ID,Title,CR,Days,Class Time,,Room,Instructor,Enrolled,,,Wait,FTES,,Cluster
,,,,,Start,End,,,,,,List,TOTAL,STATE,
1016,ART 112  01,DRAWING,5,MWF,1:00 PM,2:50 PM,AS 1532,Egherard ,12,/,20,1,4,3,1016B124
1017,ART 113  01,DRAWING,5,MWF,1:00 PM,2:50 PM,AS 1532,Egherard ,10,/,0,0,3.3,2,1016B124
1020,ART 114  01,DIGITAL PHOTOGRAPHY I,5,TTh,1:00 PM,3:50 PM,ED 2843B,Eburns ,16,/,20,2,5.3,4.3,1020B124
1022,ART 115  01,DIGITAL PHOTOGRAPHY II,5,TTh,1:00 PM,3:50 PM,ED 2843B,Eburns ,3,/,0,0,1,1,1020B124
1024,ART 121  01,INTRO TO PRINTMAKING,5,TTh,1:00 PM,3:50 PM,AS 1530,Aknowles ,11,/,20,0,3.7,2.7,1024B124
1025,ART 122  01,INTRO TO PRNTMAKING -INT,5,TTh,1:00 PM,3:50 PM,AS 1530,Aknowles ,3,/,0,0,1,0.7,1024B124
,,,,,,,,,,,,,,,
Item,Course ID,Title,CR,Days,Class Time,,Room,Instructor,Enrolled,,,Wait,FTES,,Cluster
,,,,,Start,End,,,,,,List,TOTAL,STATE,
1026,ART 123  01,PAINTERLY PRINT:MONOTYPE,5,TTh,1:00 PM,3:50 PM,AS 1530,Aknowles ,4,/,0,0,1.3,1,1024B124
1030,ART 201  01,PAINTING,5,TTh,1:00 PM,3:50 PM,AS 1532,Echriste ,9,/,20,0,3,1,1030B124
1031,ART 202  01,PAINTING,5,TTh,1:00 PM,3:50 PM,AS 1532,Echriste ,3,/,0,0,1,0.3,1030B124
1032,ART 203  01,PAINTING,5,TTh,1:00 PM,3:50 PM,AS 1532,Echriste ,6,/,0,0,2,1.3,1030B124
1034,ART 201  02,PAINTING,5,MW,6:00 PM,8:50 PM,AS 1532,Mkelly ,9,/,20,0,3,2.3,1034B124
1035,ART 202  02,PAINTING,5,MW,6:00 PM,8:50 PM,AS 1532,Mkelly ,6,/,0,0,2,2,1034B124
1036,ART 203  02,PAINTING,5,MW,6:00 PM,8:50 PM,AS 1532,Mkelly ,3,/,0,0,1,1,1034B124
1050,ART 211  01,SCULPTURE,5,MW,1:00 PM,3:50 PM,AS 1632,Lhalvorsen ,4,/,20,1,1.3,0.7,1050B124
1051,ART 212  01,SCULPTURE,5,MW,1:00 PM,3:50 PM,AS 1632,Lhalvorsen ,0,/,0,0,0,0,1050B124
1052,ART 213  01,SCULPTURE,5,MW,1:00 PM,3:50 PM,AS 1632,Lhalvorsen ,0,/,0,0,0,0,1050B124
1058,ART 221  02,CERAMIC ART,5,MW,1:00 PM,3:50 PM,AS 1630,Lhalvorsen ,19,/,0,0,6.3,1.3,1050B124
1059,ART 222  02,CERAMIC ART,5,MW,1:00 PM,3:50 PM,AS 1630,Lhalvorsen ,0,/,0,0,0,0,1050B124
1060,ART 223  02,CERAMIC ART,5,MW,1:00 PM,3:50 PM,AS 1630,Lhalvorsen ,0,/,0,0,0,0,1050B124
1053,ART 221  01,CERAMIC ART,5,TTh,1:00 PM,3:50 PM,AS 1630,Lhalvorsen ,17,/,20,6,5.7,2.3,1053B124
1054,ART 222  01,CERAMIC ART,5,TTh,1:00 PM,3:50 PM,AS 1630,Lhalvorsen ,3,/,0,1,1,0.7,1053B124
1055,ART 223  01,CERAMIC ART,5,TTh,1:00 PM,3:50 PM,AS 1630,Lhalvorsen ,0,/,0,0,0,0,1053B124
1070,ART 282  01,JEWELRY DESIGN II,5,MW,1:00 PM,3:50 PM,AS 1533,Lhull ,8,/,18,0,2.7,2.3,1070B124
1071,ART 283  01,TOPICS IN JEWELRY DESIGN,5,MW,1:00 PM,3:50 PM,AS 1533,Lhull ,8,/,0,0,2.7,2.7,1070B124
1072,ART 284  01,BENCH TECHNIQUES AND PRA,5,MW,1:00 PM,3:50 PM,AS 1533,Lhull ,3,/,0,0,1,1,1070B124
1105,CMST 115  01,OVERCOMING COMM ANXIETY,5,Other,12:30 PM,1:50 PM,ED 0840C,Rschuess ,1,/,0,5,0.3,0.3,1104B124
,,,,,,,,,,,,,,,
Item,Course ID,Title,CR,Days,Class Time,,Room,Instructor,Enrolled,,,Wait,FTES,,Cluster
,,,,,Start,End,,,,,,List,TOTAL,STATE,
1104,CMST&220  01,PUBLIC SPEAKING,5,MWF,12:30 PM,1:50 PM,ED 0840C,Rschuess ,24,/,25,3,8,4.3,1104B124
1107,CMST 115  02,OVERCOMING COMM ANXIETY,5,MWF,2:00 PM,3:20 PM,ED 0840C,Rschuess ,6,/,0,2,2,1,1106B124
1106,CMST&220  02,PUBLIC SPEAKING,5,MWF,2:00 PM,3:20 PM,ED 0840C,Rschuess ,18,/,25,3,6,4.7,1106B124
1109,CMST 115  03,OVERCOMING COMM ANXIETY,5,MW,5:30 PM,7:40 PM,ED 0840C,Rdeheck ,3,/,0,2,1,0.7,1108B124
1108,CMST&220  03,PUBLIC SPEAKING,5,Other,5:30 PM,7:40 PM,ED 0840C,Rdeheck ,31,/,25,10,10.3,2.3,1108B124
1111,CMST 145  01,GENDER AND FAMILY COMM,5,MWF,11:00 AM,12:20 PM,ED 0840C,Rschuess ,13,/,0,2,4.3,3.3,1110B124
1110,CMST&210  01,INTERPERSONAL COMMUNICTN,5,MWF,11:00 AM,12:20 PM,ED 0840C,Rschuess ,25,/,35,1,8.3,6,1110B124
1114,CMST 195  01,MEDIA MGMNT OPERATIONS,5,Other,5:30 PM,7:40 PM,ED 0840C,Rdeheck ,11,/,35,0,3.7,3,1114B124
1116,CMST 235  01,"MEDIA RESEARCH, MKTG SAL",5,Other,5:30 PM,7:40 PM,ED 0840C,Rdeheck ,6,/,0,0,2,1,1114B124
1128,CMST 292  01,RADIO/AUDIO PRACTICUM,5,Arr,AR:R M,AR:R M,IB 2307A,Rschuess ,0,/,5,0,0,0,1128B124
1130,CMST 293  01,TELEVISION/VIDEO PRACTIC,5,Arr,AR:R M,AR:R M,IB 2407A,Rschuess ,3,/,0,0,1,1,1128B124
1132,CMST 294  01,NEWS/PUBLIC INFO PRACTIC,5,Arr,AR:R M,AR:R M,IB 2407A,Rschuess ,2,/,0,0,0.7,0.7,1128B124
1160,DRMA 108  01,REHEARSAL AND PERFORMANC,5,Arr,AR:R M,AR:R M,LB 1132,Gnichols ,11,/,20,0,2.5,2.5,1160B124
1161,DRMA 109  01,REHEARSAL AND PERFORMANC,5,Arr,AR:R M,AR:R M,LB 1132,Gnichols ,0,/,0,0,0,0,1160B124
1162,DRMA 110  01,REHEARSAL AND PERFORMANC,5,Arr,AR:R M,AR:R M,LB 1132,Gnichols ,1,/,0,0,0.1,0.1,1160B124
1170,DRMA 200  01,SPEC.PROJECTS:MOVEMENT,5,Arr,AR:R M,AR:R M,LB 1132,Gnichols ,0,/,0,0,0,0,1160B124
1172,DRMA 202  01,SPECIAL STUDIES: DRAMA,5,Arr,AR:R M,AR:R M,LB 1132,Gnichols ,0,/,0,0,0,0,1160B124
1173,DRMA 211  01,THEATER MANAGEMENT,5,Arr,AR:R M,AR:R M,LB 1132,Gnichols ,0,/,0,0,0,0,1160B124
1177,DRMA 224  01,PRODUCTION AND STAGE MGT,5,Arr,AR:R M,AR:R M,LB 1132,Gnichols ,1,/,0,0,0.1,0.1,1160B124
1178,DRMA 231  01,PROPS & SOUND,5,Arr,AR:R M,AR:R M,LB 1132,Gnichols ,1,/,0,0,0.3,0.3,1160B124
,,,,,,,,,,,,,,,
Item,Course ID,Title,CR,Days,Class Time,,Room,Instructor,Enrolled,,,Wait,FTES,,Cluster
,,,,,Start,End,,,,,,List,TOTAL,STATE,
1179,DRMA 241  01,COSTUMING,5,Arr,AR:R M,AR:R M,LB 1132,Gnichols ,1,/,0,0,0.3,0.3,1160B124
1180,DRMA 251  01,STAGE SCENERY,5,Arr,AR:R M,AR:R M,LB 1132,Gnichols ,2,/,0,0,0.7,0.7,1160B124
1181,DRMA 261  01,STAGE LIGHTING,5,Arr,AR:R M,AR:R M,LB 1132,Gnichols ,0,/,0,0,0,0,1160B124
1182,DRMA 271  01,ACTING,5,Arr,AR:R M,AR:R M,LB 1132,Gnichols ,0,/,0,0,0,0,1160B124
1183,DRMA 272  01,ACTING,5,Arr,AR:R M,AR:R M,LB 1132,Gnichols ,0,/,0,0,0,0,1160B124
1184,DRMA 273  01,ACTING,5,Arr,AR:R M,AR:R M,LB 1132,Gnichols ,0,/,0,0,0,0,1160B124
1185,DRMA 281  01,DIRECTING,5,Arr,AR:R M,AR:R M,LB 1132,Gnichols ,1,/,0,0,0,0,1160B124
1210,ENGL&102  C2,COMPOSITION II,5,Other,10:00 AM,2:30 PM,CC 2153,Jclapp ,22,/,0,0,7.3,6.3,1210B124
1323,ENGL 296  C2,SPECIAL TOPICS IN ENGL,2,Arr,AR:R M,AR:R M,ARR,Jclapp ,0,/,0,0,0,0,1210B124
1520,HUM 110  C2,INTRO TO FILM,5,Other,10:00 AM,2:30 PM,CC 2153,Jclapp ,28,/,0,0,9.3,9,1210B124
3470,PSYC&220  C2,ABNORMAL PSYCHOLOGY,5,Other,10:00 AM,2:30 PM,CC 2153,Bholt ,38,/,0,0,12.7,11.3,1210B124
3492,PSYC 298  C2,IND. STUDY IN PSYCHOLOGY,2,Arr,AR:R M,AR:R M,ARR,Bholt ,0,/,0,0,0,0,1210B124
1214,ENGL&102  C3,COMPOSITION II,5,TTh,5:30 PM,9:30 PM,CC 2153,Mboyer ,14,/,0,0,4.7,4,1214B124
1215,ENGL 265  C3,LITERATURE AND SOCIETY,5,TTh,5:30 PM,9:30 PM,CC 2153,Mboyer ,19,/,0,0,6.3,6,1214B124
2374,ENV 150  C3,ENVIRONMNTL ISSUES/PROBL,5,TTh,5:30 PM,9:30 PM,CC 2153,Rellison ,33,/,0,0,11,10,1214B124
1244,ENGL 095  03,COLLEGE PREP WRITING III,5,MTTh,6:00 PM,7:30 PM,CC 3360,Hxie ,18,/,28,0,6,3.3,1244B124
1254,ENGL 097  03,COLLEGE PREP READING IV,5,MTTh,6:00 PM,7:30 PM,CC 3360,Hxie ,10,/,0,2,3.3,3,1244B124
1245,ENGL 096  03,COLLEGE PREP WRITING III,5,MTTh,7:40 PM,9:10 PM,CC 3360,Hxie ,18,/,28,0,6,3.3,1245B124
1255,ENGL 098  03,COLLEGE PREP WRITING IV,5,MTTh,7:40 PM,9:10 PM,CC 3360,Hxie ,10,/,0,1,3.3,3,1245B124
1310,ENGL 151  01,CREATIVE WRITING,5,MWF,12:00 PM,1:20 PM,CC 3349,Dma ,22,/,28,0,7.3,6,1310B124
,,,,,,,,,,,,,,,
Item,Course ID,Title,CR,Days,Class Time,,Room,Instructor,Enrolled,,,Wait,FTES,,Cluster
,,,,,Start,End,,,,,,List,TOTAL,STATE,
1311,ENGL 152  01,CREATIVE WRITING,5,MWF,12:00 PM,1:20 PM,CC 3349,Dma ,4,/,0,0,1.3,1.3,1310B124
1312,ENGL 153  01,CREATIVE WRITING,5,MWF,12:00 PM,1:20 PM,CC 3349,Dma ,1,/,0,0,0.3,0.3,1310B124
1353,ESL 012  02,ESL - LEVEL 1B,10,DAILY,9:00 AM,10:50 AM,IB 1307,Lsharpe ,0,/,32,0,0,0,1353B124
1356,ESL 013  01,ESL - LEVEL 1C,10,DAILY,9:00 AM,10:50 AM,IB 1307,Lsharpe ,21,/,0,0,14,14.7,1353B124
1354,ESL 012  01,ESL - LEVEL 1B - R & W,5,MW,6:30 PM,8:50 PM,IB 3428,Cgerber ,16,/,32,0,5.2,5.9,1354B124
1357,ESL 013  01,ESL - LEVEL 1C - R & W,5,MW,6:30 PM,8:50 PM,IB 3428,Cgerber ,10,/,0,0,3.3,3.3,1354B124
1355,ESL 012  01,ESL - LEVEL 1B - S & L,5,TTh,6:30 PM,8:50 PM,CC 3443,Mreynolds ,14,/,32,0,4.7,4.7,1355B124
1358,ESL 013  01,ESL - LEVEL 1C - S & L,5,TTh,6:30 PM,8:50 PM,CC 3443,Mreynolds ,15,/,0,0,5,5,1355B124
1366,ESL 021  01,ESL - LEVEL 2A - S & L,5,TTh,6:30 PM,8:50 PM,IB 3428,Cgerber ,20,/,32,0,6.7,6.7,1366B124
1369,ESL 022  01,ESL - LEVEL 2B - S & L,5,TTh,6:30 PM,8:50 PM,IB 3428,Cgerber ,9,/,0,0,3,3,1366B124
1361,ESL 016  02,ESL-SPEAKING/LISTENING 1,5,DAILY,11:00 AM,11:50 AM,CC 3457,Stuinstr ,0,/,0,0,0,0,1372B124
1372,ESL 026  01,ESL-SPEAKING/LISTENING 2,5,DAILY,11:00 AM,11:50 AM,CC 3457,Stuinstr ,31,/,32,0,10.3,10.3,1372B124
1375,ESL 027  02,INTRO TO COMP ASST LANG,4,MWF,12:00 PM,1:10 PM,IB 3305,Bmckelve ,7,/,25,2,1.9,1.9,1375B124
1409,ESL 057  01,ADV COMP ASSTD LANGUAGE,5,MWF,12:00 PM,1:10 PM,IB 3305,Bmckelve ,18,/,0,0,6,6,1375B124
1379,ESL 031  01,ESL - LEVEL 3A - S & L,5,TTh,6:30 PM,8:50 PM,IB 3422,Sremilien ,22,/,32,2,7.3,7.3,1379B124
1382,ESL 032  01,ESL - LEVEL 3B - S & L,5,TTh,6:30 PM,8:50 PM,IB 3422,Sremilien ,12,/,0,2,4,4,1379B124
1374,ESL 027  01,INTRO TO COMP ASST LANG,3,MWF,11:00 AM,11:50 AM,IB 3305,Bmckelve ,17,/,0,4,3.2,3.2,1386B124
1386,ESL 037  01,BEG. COMPUTER LITERACY,6,MWF,10:00 AM,11:50 AM,IB 3305,Bmckelve ,15,/,25,2,5.9,5.9,1386B124
1392,ESL 041  01,ESL LEVEL 4A - S & L,5,TTh,6:30 PM,8:50 PM,IB 3415,Yshtern ,17,/,32,0,5.7,5.7,1392B124
1395,ESL 042  01,ESL LEVEL 4B - S & L,5,TTh,6:30 PM,8:50 PM,IB 3415,Yshtern ,16,/,0,0,5.3,5.3,1392B124
,,,,,,,,,,,,,,,
Item,Course ID,Title,CR,Days,Class Time,,Room,Instructor,Enrolled,,,Wait,FTES,,Cluster
,,,,,Start,End,,,,,,List,TOTAL,STATE,
1402,ESL 051  01,ESL LEVEL 5A - S & L,5,TTh,6:30 PM,8:50 PM,CC 3452,Abradford ,18,/,32,0,6,6,1402B124
1406,ESL 052  01,ESL LEVEL 5B - S & L,5,TTh,6:30 PM,8:50 PM,CC 3452,Abradford ,14,/,0,0,4.7,4.7,1402B124
1407,ESL 055  H1,FOCUS ON WRITING LEVEL 5,5,HYBRID - TTh,12:00 PM,1:20 PM,IB 3404,Jbarton ,11,/,32,0,3.7,3.7,1407B124
1422,ESL 065  H1,FOCUS ON WRITING LEVEL 6,5,HYBRID - TTh,12:00 PM,1:20 PM,IB 3404,Jbarton ,13,/,0,0,4.3,4.3,1407B124
1408,ESL 056  01,ESL SPEAK/LISTEN LEVEL 5,5,DAILY,11:00 AM,11:50 AM,IB 1410,Cbonney ,12,/,32,0,4,4,1408B124
1423,ESL 066  01,ESL SPEAK/LISTEN LEVEL 6,5,DAILY,11:00 AM,11:50 AM,IB 1410,Cbonney ,13,/,0,0,4.3,4.3,1408B124
1846,ABE 049  I1,BASIC SKILLS SUPP PROF/T,3,WTh,8:15 AM,9:45 AM,IB 1303,Mpalmer ,2,/,0,0,0.4,0.4,1414B124
1414,ESL 059  I1,NURS ASSIST ESL,3,WTh,8:15 AM,9:45 AM,IB 1303,Mpalmer ,9,/,28,0,1.8,1.8,1414B124
1416,ESL 061  01,ESL LEVEL 6A,10,DAILY,9:00 AM,10:50 AM,TB 1643A,Ksandy ,19,/,32,1,12.7,12.7,1416B124
1420,ESL 062  01,ESL - LEVEL 6B,10,DAILY,9:00 AM,10:50 AM,TB 1643A,Ksandy ,9,/,0,0,6,6,1416B124
1417,ESL 061  01,ESL LEVEL 6A - R & W,5,MW,6:30 PM,8:50 PM,CC 3443,Anneforester,23,/,32,0,7.7,7.7,1417B124
1421,ESL 062  01,ESL LEVEL 6B - R & W,5,MW,6:30 PM,8:50 PM,CC 3443,Anneforester,7,/,0,0,2.3,2.3,1417B124
1829,ABE 049  I3,VOCATIONAL ABE -ACCOUNT.,4,MTWTh,10:00 AM,10:50 AM,IB 3309,Cancel 3/27,0,/,0,0,0,0,1424B124
1424,ESL 069  I3,VOCATIONAL ESL -ACCOUNT.,4,MTWTh,10:00 AM,10:50 AM,IB 3309,Cancel 3/27,0,/,32,0,0,0,1424B124
1832,ABE 049  I4,BASIC SKILLS SUPP PROF/T,3,MWTh,6:00 PM,6:50 PM,IB 3309,Mdieterle ,0,/,0,0,0,0,1428B124
1428,ESL 069  I4,VOCATIONAL ESL,3,MWTh,6:00 PM,6:50 PM,IB 3309,Mdieterle ,27,/,28,0,5.4,5.4,1428B124
1450,ESL 010  25,BASIC LITERACY,5,MW,9:30 AM,11:50 AM,OC,Lnausner ,4,/,25,0,0.9,0.9,1450B124
1451,ESL 020  25,ESL - LEVEL 2,5,MW,9:30 AM,11:50 AM,OC,Lnausner ,0,/,0,0,0,0,1450B124
1452,ESL 030  20,ESL LEVEL 3,5,MW,12:00 PM,2:20 PM,OC,Lnausner ,5,/,25,0,1.6,1.6,1452B124
1453,ESL 040  20,ESL LEVEL 4,5,MW,12:00 PM,2:20 PM,OC,Lnausner ,4,/,0,0,1.3,1.3,1452B124
,,,,,,,,,,,,,,,
Item,Course ID,Title,CR,Days,Class Time,,Room,Instructor,Enrolled,,,Wait,FTES,,Cluster
,,,,,Start,End,,,,,,List,TOTAL,STATE,
3104,ANTH&206  CH1,CULTURAL ANTHROPOLOGY,5,HYBRID - TTh,10:00 AM,1:30 PM,CC 2153,Babe ,26,/,0,0,8.7,7.7,1570B124
3270,HIST&214  CH1,PACIFIC NW HISTORY,5,HYBRID - TTh,10:00 AM,1:30 PM,CC 2153,Mnutting ,26,/,0,0,8.7,7.7,1570B124
3276,HIST 298  CH1,SPECIAL TOPICS/HISTORY,2,HYBRID - TTh,AR:R M,AR:R M,CC 2153,Mnutting ,2,/,0,0,0.3,0.3,1570B124
1570,SLN 101  CH1,SERVICE LEARNING/LEADERS,2,HYBRID - Arr,AR:R M,AR:R M,CC 2153,Mnutting ,6,/,0,0,0.8,0.7,1570B124
1800,ABE 020  03,ABE LEVEL 2,3,MW,10:00 AM,11:15 AM,CC 3346,Cancel 4/12,0,/,28,0,0,0,1800B124
1801,ABE 030  03,ABE LEVEL 3,3,MW,10:00 AM,11:15 AM,CC 3346,Cancel 4/12,0,/,0,0,0,0,1800B124
1810,ABE 021  01,ABE LEVEL 2 MATH,3,TTh,10:00 AM,11:15 AM,IB 3413,Vwright ,10,/,28,0,2,2.2,1810B124
1811,ABE 031  01,ABE LEVEL 3 MATH,3,TTh,10:00 AM,11:15 AM,IB 3413,Vwright ,8,/,0,0,1.6,1.8,1810B124
1814,ABE 040  01,ABE LEVEL 4,5,MW,9:00 AM,11:30 AM,IB 3330,Jhaines ,12,/,28,0,3.8,4.1,1814B124
1815,GED 050  01,BASIC GED PREPARATION 5,5,MW,9:00 AM,11:30 AM,IB 3330,Jhaines ,10,/,0,0,3.3,3.3,1814B124
1816,GED 060  01,ADVANCED GED PREP LVL 6,5,MW,9:00 AM,11:30 AM,IB 3330,Jhaines ,1,/,0,0,0.3,0.3,1814B124
1820,ABE 041  01,ABE ADVANCED MATH,5,TTh,9:00 AM,11:30 AM,IB 3330,Jhaines ,12,/,28,0,4,4,1820B124
1821,GED 051  01,GED ADVANCED MATH,5,TTh,9:00 AM,11:30 AM,IB 3330,Jhaines ,0,/,0,0,0,0,1820B124
1822,GED 061  01,GED ADVANCED MATH,5,TTh,9:00 AM,11:30 AM,IB 3330,Jhaines ,3,/,0,0,1,1,1820B124
2076,BIOL&213  C4,MAJORS PLANT,5,Other,10:00 AM,1:50 PM,AS 1617,Jprice ,29,/,0,0,9.7,9.7,2076B124
2258,CHEM&163  C4,GENERAL CHEM W/LAB III,6,Other,10:00 AM,1:50 PM,AS 1617,Kowens ,30,/,0,0,12,12,2076B124
2990,UGR 294  C4,INDEPENDENT RESEARCH,5,Other,10:00 AM,1:50 PM,AS 1617,Jprice ,32,/,0,0,3,3,2076B124
2292,CHEM&252  07A,ORGANIC CHEM LAB II,4,T,2:00 PM,3:00 PM,AS 1521,Jpatters ,16,/,24,0,4.3,4,2290B124
2290,CHEM&252  07,ORGANIC CHEM LAB II,4,T,2:00 PM,3:00 PM,AS 1521,Jpatters ,24,/,24,13,6.4,4.3,2290B124
3220,HIST 140  H2,WOMEN IN AMERICAN HISTOR,5,HYBRID - MWF,9:00 AM,9:50 AM,CC 3345,Kstuhldr ,14,/,36,0,4.7,4,3220B124
,,,,,,,,,,,,,,,
Item,Course ID,Title,CR,Days,Class Time,,Room,Instructor,Enrolled,,,Wait,FTES,,Cluster
,,,,,Start,End,,,,,,List,TOTAL,STATE,
3222,HIST 140  HZ3,WOMEN IN AMERICAN HISTOR,5,HYBRID - MWF,9:00 AM,9:50 AM,CC 3345,Kstuhldr ,5,/,0,0,1.7,1,3220B124
3542,WMN 140  HZ3,WOMEN IN AMERICAN HIST,5,HYBRID - MWF,9:00 AM,9:50 AM,CC 3345,Kstuhldr ,3,/,0,0,1,0.3,3220B124
3540,WMN 140  H2,WOMEN IN AMERICAN HIST,5,HYBRID - MWF,9:00 AM,9:50 AM,CC 3345,Kstuhldr ,7,/,0,0,2.3,2,3220B124
3282,ISP 205  HZ1,WOMEN IN THE GLOBAL CONT,5,HYBRID - MWF,10:00 AM,10:50 AM,CC 3345,Kstuhldr ,5,/,0,0,1.7,1.3,3280B124
3280,ISP 205  H3,WOMEN IN THE GLOBAL CONT,5,HYBRID - MWF,10:00 AM,10:50 AM,CC 3345,Kstuhldr ,11,/,36,0,3.7,2.7,3280B124
3562,WMN 205  HZ1,WOMEN IN THE GLOBAL CONT,5,HYBRID - MWF,10:00 AM,10:50 AM,CC 3345,Kstuhldr ,5,/,0,0,1.7,1,3280B124
3560,WMN 205  H3,WOMEN IN THE GLOBAL CONT,5,HYBRID - MWF,10:00 AM,10:50 AM,CC 3345,Kstuhldr ,11,/,0,0,3.7,3.3,3280B124
3486,PSYC 230  H3,HUMAN SEXUALITY,5,HYBRID - TTh,10:00 AM,10:50 AM,CC 3357,Ratkins ,15,/,36,2,5,4.7,3486B124
3526,SOC 230  H3,HUMAN SEXUALITY,5,HYBRID - TTh,10:00 AM,10:50 AM,CC 3357,Ratkins ,18,/,0,5,6,5.3,3486B124
3490,PSYC 257  06,PSYCHOLOGY OF GENDER,5,Other,1:00 PM,2:20 PM,CC 3352,Mgrinley ,16,/,36,0,5.3,4.7,3490B124
3570,WMN 257  06,PSYCHOLOGY OF GENDER,5,Other,1:00 PM,2:20 PM,CC 3352,Mgrinley ,9,/,0,0,3,1.7,3490B124
4000,ACCT 110  01,INTRO TO ACCTG/BOOKG I,5,MW,11:00 AM,1:10 PM,IB 3327,Jgoforth ,17,/,23,0,5.7,4.7,4000B124
4001,ACCT 110  I1,INTRO TO ACCTG/BOOKG I,5,MW,11:00 AM,1:10 PM,IB 3327,Jgoforth ,5,/,7,0,2.9,2.9,4000B124
4104,BUS 105  01,KEYBOARDING,4,DAILY,9:00 AM,9:50 AM,IB 3309,Mfarrar ,16,/,13,0,4.3,4,4104B124
4108,BUS 106  01,KEYBOARDING/SKILLBUILD,3,DAILY,9:00 AM,9:50 AM,IB 3309,Mfarrar ,6,/,8,0,1.2,1.2,4104B124
4113,BUS 115  I1,COMPUTATIONAL SKILLBUILD,2,MWF,9:00 AM,9:50 AM,IB 3309,Mfarrar ,4,/,6,0,0.9,0.9,4104B124
4112,BUS 115  01,COMPUTATIONAL SKILLBUILD,2,MWF,9:00 AM,9:50 AM,IB 3309,Mfarrar ,3,/,3,1,0.4,0.4,4104B124
4140,BUS 169  01,USING COMPUTERS IN BUS,5,TTh,11:00 AM,1:10 PM,IB 3309,Jgoforth ,20,/,23,0,6.7,6,4140B124
4141,BUS 169  I1,USING COMPUTERS IN BUS,5,TTh,11:00 AM,1:10 PM,IB 3309,Jgoforth ,5,/,7,0,2.9,2.9,4140B124
5300,EEL 203  01N,INDUSTRIAL MOTOR DRIVES,5,TTh,6:00 PM,9:20 PM,TB 1642,Fjump ,13,/,24,0,4.3,4.3,5300B124
,,,,,,,,,,,,,,,
Item,Course ID,Title,CR,Days,Class Time,,Room,Instructor,Enrolled,,,Wait,FTES,,Cluster
,,,,,Start,End,,,,,,List,TOTAL,STATE,
5345,EET 285  01N,ELECTRONICS TECH PROJECT,3,TTh,6:00 PM,9:20 PM,TB 1642,Fjump ,5,/,24,0,1,1,5300B124
6401,FAM 148  01,PARENT ED: 0-12 MONTHS,3,W,8:30 AM,12:30 PM,IB 1407,Mmulcahy ,20,/,20,0,4,4,6401B124
6041,FAM 149  41,2ND PARENT CHLDSTDY/LAB,1,W,8:30 AM,12:30 PM,IB 1407,Mmulcahy ,0,/,3,0,0,0,6401B124
6402,FAM 148  02,PARENT ED: 0-12 MONTHS,3,Th,12:15 PM,3:45 PM,IB 1407,Iwagner ,20,/,20,0,4,4,6402B124
6042,FAM 149  42,2ND PARENT CHLDSTDY/LAB,1,Th,12:15 PM,3:45 PM,IB 1407,Iwagner ,0,/,3,0,0,0,6402B124
6403,FAM 148  03,PARENT ED: 0-12 MONTHS,3,T,1:00 PM,3:00 PM,IB 1407,Mmulcahy ,20,/,20,0,4,4,6403B124
6043,FAM 149  43,2ND PARENT CHLDSTDY/LAB,1,T,1:00 PM,3:00 PM,IB 1407,Mmulcahy ,0,/,3,0,0,0,6403B124
6045,FAM 149  45,2ND PARENT CHLDSTDY/LAB,1,Arr,AR:R M,AR:R M,OC,Iwagner ,0,/,3,0,0,0,6405B124
6405,FAM 158  05,PARENT ED.: 12-24 MONTHS,3,Arr,AR:R M,AR:R M,OC,Iwagner ,21,/,20,0,4.2,4.2,6405B124
6046,FAM 149  46,2ND PARENT CHLDSTDY/LAB,1,T,8:30 AM,12:30 PM,IB 1407,Bethgoss ,0,/,3,0,0,0,6406B124
6406,FAM 158  06,PARENT ED.: 12-24 MONTHS,3,T,8:30 AM,12:30 PM,IB 1407,Bethgoss ,20,/,20,0,4,4,6406B124
6047,FAM 149  47,2ND PARENT CHLDSTDY/LAB,1,Arr,AR:R M,AR:R M,OC,Swilliams ,0,/,3,0,0,0,6407B124
6407,FAM 158  07,PARENT ED.: 12-24 MONTHS,3,Arr,AR:R M,AR:R M,OC,Swilliams ,20,/,20,0,4,4,6407B124
6066,FAM 149  66,2ND PARENT CHLDSTDY/LAB,1,W,5:30 PM,9:30 PM,IB 1304,Abaumgarten ,0,/,3,0,0,0,6408B124
6048,FAM 149  48,2ND PARENT CHLDSTDY/LAB,1,W,5:30 PM,9:30 PM,IB 1407,Abaumgarten ,0,/,3,0,0,0,6408B124
6408,FAM 158  08,PARENT ED.: 12-24 MONTHS,3,W,5:30 PM,9:30 PM,IB 1407,Abaumgarten ,12,/,0,0,2.4,2.4,6408B124
6426,FAM 168  26,PARENT ED.: 24-36 MONTHS,3,W,5:30 PM,9:30 PM,IB 1407,Abaumgarten ,8,/,0,0,1.6,1.6,6408B124
6049,FAM 149  49,2ND PARENT CHLDSTDY/LAB,1,Arr,AR:R M,AR:R M,OC,Sconnors ,0,/,3,0,0,0,6409B124
6409,FAM 158  09,PARENT ED.: 12-24 MONTHS,3,Arr,AR:R M,AR:R M,OC,Sconnors ,20,/,20,0,4,4,6409B124
6050,FAM 149  50,2ND PARENT CHLDSTDY/LAB,1,Arr,AR:R M,AR:R M,OC,Dcarlsen ,0,/,3,0,0,0,6410B124
,,,,,,,,,,,,,,,
Item,Course ID,Title,CR,Days,Class Time,,Room,Instructor,Enrolled,,,Wait,FTES,,Cluster
,,,,,Start,End,,,,,,List,TOTAL,STATE,
6410,FAM 158  10,PARENT ED.: 12-24 MONTHS,3,Arr,AR:R M,AR:R M,OC,Dcarlsen ,18,/,20,0,3.6,3.6,6410B124
6051,FAM 149  51,2ND PARENT CHLDSTDY/LAB,1,Arr,AR:R M,AR:R M,OC,Iwagner ,0,/,3,0,0,0,6411B124
6411,FAM 158  11,PARENT ED.: 12-24 MONTHS,3,Arr,AR:R M,AR:R M,OC,Iwagner ,20,/,20,0,4,4,6411B124
6052,FAM 149  52,2ND PARENT CHLDSTDY/LAB,1,Th,8:30 AM,12:10 PM,IB 1407,Ecrary ,0,/,3,0,0,0,6412B124
6412,FAM 158  12,PARENT ED.: 12-24 MONTHS,3,Th,8:30 AM,12:10 PM,IB 1407,Ecrary ,20,/,20,0,4,4,6412B124
6053,FAM 149  53,2ND PARENT CHLDSTDY/LAB,1,F,8:30 AM,12:10 PM,IB 1407,Bethgoss ,0,/,3,0,0,0,6413B124
6413,FAM 158  13,PARENT ED.: 12-24 MONTHS,3,F,8:30 AM,12:10 PM,IB 1407,Bethgoss ,20,/,20,0,4,4,6413B124
6054,FAM 149  54,2ND PARENT CHLDSTDY/LAB,1,Arr,AR:R M,AR:R M,OC,Ecrary ,0,/,3,0,0,0,6414B124
6414,FAM 158  14,PARENT ED.: 12-24 MONTHS,3,Arr,AR:R M,AR:R M,OC,Ecrary ,21,/,20,0,4.2,4.2,6414B124
6055,FAM 149  55,2ND PARENT CHLDSTDY/LAB,1,M,8:00 AM,12:30 PM,IB 1407,Bethgoss ,0,/,3,0,0,0,6415B124
6415,FAM 158  15,PARENT ED.: 12-24 MONTHS,3,M,8:00 AM,12:30 PM,IB 1407,Bethgoss ,20,/,20,0,4,4,6415B124
6060,FAM 149  60,2ND PARENT CHLDSTDY/LAB,1,Arr,AR:R M,AR:R M,OC,Lleiker ,0,/,3,0,0,0,6420B124
6420,FAM 168  20,PARENT ED.: 24-36 MONTHS,3,Arr,AR:R M,AR:R M,OC,Lleiker ,20,/,20,0,4,4,6420B124
6061,FAM 149  61,2ND PARENT CHLDSTDY/LAB,1,Arr,AR:R M,AR:R M,OC,Bcallahan ,0,/,3,0,0,0,6421B124
6421,FAM 168  21,PARENT ED.: 24-36 MONTHS,3,Arr,AR:R M,AR:R M,OC,Bcallahan ,10,/,0,0,2,2,6421B124
6473,FAM 198  73,PARENT ED.: SPECIAL PRG.,2,Arr,AR:R M,AR:R M,OC,Bcallahan ,10,/,0,0,1.7,1.7,6421B124
6062,FAM 149  62,2ND PARENT CHLDSTDY/LAB,1,Arr,AR:R M,AR:R M,OC,Mbrown ,0,/,3,0,0,0,6422B124
6422,FAM 168  22,PARENT ED.: 24-36 MONTHS,3,Arr,AR:R M,AR:R M,OC,Mbrown ,20,/,20,0,4,4,6422B124
6063,FAM 149  63,2ND PARENT CHLDSTDY/LAB,1,T,8:15 AM,12:00 PM,IB 1304,Dcarlsen ,0,/,3,0,0,0,6423B124
6423,FAM 168  23,PARENT ED.: 24-36 MONTHS,3,T,8:15 AM,12:00 PM,IB 1304,Dcarlsen ,17,/,20,0,3.4,3.4,6423B124
,,,,,,,,,,,,,,,
Item,Course ID,Title,CR,Days,Class Time,,Room,Instructor,Enrolled,,,Wait,FTES,,Cluster
,,,,,Start,End,,,,,,List,TOTAL,STATE,
6064,FAM 149  64,2ND PARENT CHLDSTDY/LAB,1,Arr,AR:R M,AR:R M,OC,Dcarlsen ,0,/,3,0,0,0,6424B124
6424,FAM 168  24,PARENT ED.: 24-36 MONTHS,3,Arr,AR:R M,AR:R M,OC,Dcarlsen ,19,/,20,0,3.8,3.8,6424B124
6065,FAM 149  65,2ND PARENT CHLDSTDY/LAB,1,Arr,AR:R M,AR:R M,OC,Jward ,0,/,3,0,0,0,6425B124
6425,FAM 168  25,PARENT ED.: 24-36 MONTHS,3,Arr,AR:R M,AR:R M,OC,Jward ,20,/,20,0,4,4,6425B124
6067,FAM 149  67,2ND PARENT CHLDSTDY/LAB,1,Arr,AR:R M,AR:R M,OC,Mbrown ,1,/,3,0,0.1,0.1,6427B124
6427,FAM 168  27,PARENT ED.: 24-36 MONTHS,3,Arr,AR:R M,AR:R M,OC,Mbrown ,20,/,20,0,4,4,6427B124
6068,FAM 149  68,2ND PARENT CHLDSTDY/LAB,1,Arr,AR:R M,AR:R M,OC,Bwilli ,3,/,3,0,0.2,0.2,6428B124
6428,FAM 168  28,PARENT ED.: 24-36 MONTHS,3,Arr,AR:R M,AR:R M,OC,Bwilli ,20,/,20,0,4,4,6428B124
6069,FAM 149  69,2ND PARENT CHLDSTDY/LAB,1,Arr,AR:R M,AR:R M,OC,Mmulcahy ,0,/,3,0,0,0,6429B124
6429,FAM 168  29,PARENT ED.: 24-36 MONTHS,3,Arr,AR:R M,AR:R M,OC,Mmulcahy ,20,/,20,0,4,4,6429B124
6070,FAM 149  70,2ND PARENT CHLDSTDY/LAB,1,Arr,AR:R M,AR:R M,OC,Dcarlsen ,0,/,3,0,0,0,6430B124
6430,FAM 168  30,PARENT ED.: 24-36 MONTHS,3,Arr,AR:R M,AR:R M,OC,Dcarlsen ,19,/,20,0,3.8,3.8,6430B124
6071,FAM 149  71,2ND PARENT CHLDSTDY/LAB,1,Arr,AR:R M,AR:R M,OC,Kkincaid ,0,/,3,0,0,0,6431B124
6431,FAM 168  31,PARENT ED.: 24-36 MONTHS,3,Arr,AR:R M,AR:R M,OC,Kkincaid ,19,/,20,0,3.8,3.8,6431B124
6072,FAM 149  72,2ND PARENT CHLDSTDY/LAB,1,Arr,AR:R M,AR:R M,OC,Kkincaid ,0,/,3,0,0,0,6432B124
6432,FAM 168  32,PARENT ED.: 24-36 MONTHS,3,Arr,AR:R M,AR:R M,OC,Kkincaid ,20,/,20,0,4,4,6432B124
6077,FAM 149  77,2ND PARENT CHLDSTDY/LAB,1,Arr,AR:R M,AR:R M,OC,Ebird ,0,/,3,0,0,0,6437B124
6437,FAM 178  37,PARENT ED.: 36-48 MONTHS,3,Arr,AR:R M,AR:R M,OC,Ebird ,22,/,20,0,4.4,4.4,6437B124
6079,FAM 149  79,2ND PARENT CHLDSTDY/LAB,1,MWTh,8:00 AM,1:00 PM,IB 1304,Bwilli ,1,/,3,0,0.1,0.1,6439B124
6439,FAM 178  38,PARENT ED.: 36-48 MONTHS,3,Arr,AR:R M,AR:R M,OC,Bwilli ,20,/,20,0,4,4,6439B124
,,,,,,,,,,,,,,,
Item,Course ID,Title,CR,Days,Class Time,,Room,Instructor,Enrolled,,,Wait,FTES,,Cluster
,,,,,Start,End,,,,,,List,TOTAL,STATE,
6080,FAM 149  80,2ND PARENT CHLDSTDY/LAB,1,Arr,AR:R M,AR:R M,OC,Bwilli ,1,/,3,0,0.1,0.1,6440B124
6440,FAM 178  40,PARENT ED.: 36-48 MONTHS,3,Arr,AR:R M,AR:R M,OC,Bwilli ,20,/,20,1,4,4,6440B124
6091,FAM 149  91,2ND PARENT CHLDSTDY/LAB,1,Arr,AR:R M,AR:R M,OC,Jward ,0,/,3,0,0,0,6441B124
6081,FAM 149  81,2ND PARENT CHLDSTDY/LAB,1,Arr,AR:R M,AR:R M,OC,Jward ,0,/,3,0,0,0,6441B124
6441,FAM 178  41,PARENT ED.: 36-48 MONTHS,3,Arr,AR:R M,AR:R M,OC,Jward ,10,/,0,0,2,2,6441B124
6451,FAM 188  51,PARENT ED.: 48-72 MONTHS,3,Arr,AR:R M,AR:R M,OC,Jward ,10,/,0,0,2,2,6441B124
6082,FAM 149  82,2ND PARENT CHLDSTDY/LAB,1,Arr,AR:R M,AR:R M,OC,Ebird ,0,/,3,0,0,0,6442B124
6442,FAM 178  42,PARENT ED.: 36-48 MONTHS,3,Arr,AR:R M,AR:R M,OC,Ebird ,22,/,20,0,4.4,4.4,6442B124
6083,FAM 149  83,2ND PARENT CHLDSTDY/LAB,1,Arr,AR:R M,AR:R M,OC,Ebird ,1,/,3,0,0.1,0.1,6443B124
6443,FAM 178  43,PARENT ED.: 36-48 MONTHS,3,Arr,AR:R M,AR:R M,OC,Ebird ,20,/,20,0,4,4,6443B124
6084,FAM 149  84,2ND PARENT CHLDSTDY/LAB,1,Arr,AR:R M,AR:R M,OC,Jward ,1,/,2,0,0.1,0.1,6444B124
6444,FAM 178  44,PARENT ED.: 36-48 MONTHS,3,Arr,AR:R M,AR:R M,OC,Jward ,20,/,20,0,4,4,6444B124
6085,FAM 149  85,2ND PARENT CHLDSTDY/LAB,1,Arr,AR:R M,AR:R M,OC,Ebird ,0,/,3,0,0,0,6445B124
6445,FAM 178  45,PARENT ED.: 36-48 MONTHS,3,Arr,AR:R M,AR:R M,OC,Ebird ,20,/,20,0,4,4,6445B124
6086,FAM 149  86,2ND PARENT CHLDSTDY/LAB,1,Arr,AR:R M,AR:R M,OC,Jward ,0,/,3,0,0,0,6446B124
6446,FAM 178  46,PARENT ED.: 36-48 MONTHS,3,Arr,AR:R M,AR:R M,OC,Jward ,20,/,20,0,4,4,6446B124
6087,FAM 149  87,2ND PARENT CHLDSTDY/LAB,1,Arr,AR:R M,AR:R M,OC,Bcallahan ,0,/,3,0,0,0,6447B124
6447,FAM 178  47,PARENT ED.: 36-48 MONTHS,3,Arr,AR:R M,AR:R M,OC,Bcallahan ,20,/,20,0,4,4,6447B124
6090,FAM 149  90,2ND PARENT CHLDSTDY/LAB,1,Arr,AR:R M,AR:R M,OC,Swilliams ,1,/,3,0,0.1,0.1,6450B124
6450,FAM 188  50,PARENT ED.: 48-72 MONTHS,3,Arr,AR:R M,AR:R M,OC,Swilliams ,20,/,20,0,4,4,6450B124
,,,,,,,,,,,,,,,
Item,Course ID,Title,CR,Days,Class Time,,Room,Instructor,Enrolled,,,Wait,FTES,,Cluster
,,,,,Start,End,,,,,,List,TOTAL,STATE,
6092,FAM 149  92,2ND PARENT CHLDSTDY/LAB,1,Arr,AR:R M,AR:R M,OC,Vdonato ,1,/,3,0,0.1,0.1,6452B124
6452,FAM 188  52,PARENT ED.: 48-72 MONTHS,3,Arr,AR:R M,AR:R M,OC,Vdonato ,20,/,20,0,4,4,6452B124
6093,FAM 149  93,2ND PARENT CHLDSTDY/LAB,1,Arr,AR:R M,AR:R M,OC,Bcallahan ,0,/,3,0,0,0,6453B124
6453,FAM 188  53,PARENT ED.: 48-72 MONTHS,3,Arr,AR:R M,AR:R M,OC,Bcallahan ,20,/,20,0,4,4,6453B124
6470,FAM 149  70,2ND PARENT CHLDSTDY/LAB,1,Arr,AR:R M,AR:R M,OC,Cancel 01/23,0,/,0,0,0,0,6470B124
6471,FAM 149  71,2ND PARENT CHLDSTDY/LAB,1,Arr,AR:R M,AR:R M,OC,Cancel 01/23,0,/,0,0,0,0,6470B124
6502,AHE 190  02,EMERG MEDICAL TECHNICIAN,10,Th,6:00 PM,10:00 PM,LB 1141,Kurick ,31,/,42,0,20.7,20.7,6500B124
6500,AHE 190  01,EMERG MEDICAL TECHNICIAN,10,Th,6:00 PM,10:00 PM,LB 1141,Kurick ,41,/,42,0,27.3,27.3,6500B124
6524,NUR 105  I2,CPR FIRST AID HCARE PROV,2,M,10:00 AM,3:15 PM,CC 1161,Mbloom ,11,/,0,0,2.6,2.6,6522B124
6522,NUR 105  01,CPR FIRST AID HCARE PROV,2,M,10:00 AM,3:15 PM,CC 1161,Mbloom ,12,/,0,0,1.6,1.6,6522B124
6526,NUR 107  01,NURSING ASSISTANT-CERT,12,TWTh,10:00 AM,2:00 PM,IB 1303,Lkuehl ,12,/,0,0,9.6,9.6,6526B124
6528,NUR 107  I2,NURSING ASSISTANT-CERT,12,TWTh,10:00 AM,2:00 PM,IB 1303,Lkuehl ,11,/,0,0,15.4,15.4,6526B124
6570,PEC 104  01,BEGINNING MARTIAL ARTS,2,TTh,10:00 AM,11:15 AM,WC 0827D,Bgittins ,11,/,0,0,1.5,1.3,6570B124
6571,PEC 105  01,INTERMEDIATE MARTIAL ART,2,TTh,10:00 AM,11:15 AM,WC 0827D,Bgittins ,4,/,0,0,0.5,0.4,6570B124
6572,PEC 106  01,ADVANCED MARTIAL ARTS,2,TTh,10:00 AM,11:15 AM,WC 0827D,Bgittins ,1,/,0,0,0.1,0.1,6570B124
6573,PEC 131  01,BEGINNING WEIGHT TRAING,2,MWF,8:00 AM,8:50 AM,WC 0829B,Jblodgett ,17,/,0,0,2.3,0.5,6573B124
6576,PEC 132  01,INTER WEIGHT TRAINING,2,MWF,8:00 AM,8:50 AM,WC 0829B,Jblodgett ,4,/,0,0,0.5,0.3,6573B124
6574,PEC 131  02,BEGINNING WEIGHT TRAING,2,MWF,10:00 AM,10:50 AM,WC 0829B,Jblodgett ,14,/,0,0,1.9,1.1,6574B124
6577,PEC 132  02,INTER WEIGHT TRAINING,2,MWF,10:00 AM,10:50 AM,WC 0829B,Jblodgett ,7,/,0,0,0.9,0.7,6574B124
6575,PEC 131  03,BEGINNING WEIGHT TRAING,2,TTh,11:30 AM,12:45 PM,WC 0829B,Jblodgett ,10,/,0,0,1.3,0.7,6575B124
,,,,,,,,,,,,,,,
Item,Course ID,Title,CR,Days,Class Time,,Room,Instructor,Enrolled,,,Wait,FTES,,Cluster
,,,,,Start,End,,,,,,List,TOTAL,STATE,
6578,PEC 132  03,INTER WEIGHT TRAINING,2,TTh,11:30 AM,12:45 PM,WC 0829B,Jblodgett ,8,/,0,0,1.1,0.7,6575B124
6583,PEC 150  01,BEGIN. PHYSICAL FITNESS,2,MWF,9:00 AM,9:50 AM,WC 0829B,Lchristine ,17,/,0,0,2.3,0.9,6583B124
6585,PEC 151  01,INTERMED PHYSICAL FITNES,2,MWF,9:00 AM,9:50 AM,WC 0829B,Lchristine ,4,/,0,0,0.5,0.5,6583B124
6584,PEC 150  02,BEGIN. PHYSICAL FITNESS,2,MW,1:00 PM,2:15 PM,WC 0829B,Jblodgett ,21,/,0,1,2.8,1.7,6584B124
6586,PEC 151  02,INTERMED PHYSICAL FITNES,2,MW,1:00 PM,2:15 PM,WC 0829B,Jblodgett ,6,/,0,0,0.8,0.7,6584B124
6601,AMA 101  04,COMMUNICATIONS IN HEALTH,2,Arr,AR:R M,AR:R M,IB 1318,Sstufflebeam,16,/,25,0,2.1,2.1,6601B124
6602,AMA 102  04,LEGAL CONCEPTS,1,Arr,AR:R M,AR:R M,IB 1318,Sstufflebeam,10,/,25,0,0.7,0.7,6601B124
6603,AMA 103  04,ETHICAL CONCEPTS,1,Arr,AR:R M,AR:R M,IB 1318,Sstufflebeam,8,/,25,0,0.5,0.5,6601B124
6604,AMA 104  04,OFFICE EMERGENCIES,2,Arr,AR:R M,AR:R M,IB 1318,Mallen ,11,/,20,0,1.5,1.5,6604B124
6605,AMA 105  04,ASEPSIS & INFECTION CONT,1,Arr,AR:R M,AR:R M,IB 1318,Mallen ,7,/,20,0,0.5,0.5,6604B124
6606,AMA 106  04,PATIENT HISTORY,1,Arr,AR:R M,AR:R M,IB 1318,Mallen ,16,/,25,0,1.1,1.1,6604B124
6607,AMA 107  04,VITAL SIGNS/MEASURMENTS,1,Arr,AR:R M,AR:R M,IB 1318,Sstufflebeam,5,/,20,0,0.3,0.3,6607B124
6608,AMA 108  04,NUTRITION & DEV BASICS,1,Arr,AR:R M,AR:R M,IB 1318,Sstufflebeam,3,/,25,0,0.2,0.2,6607B124
6609,AMA 109  04,PHARMACOLOGY,1,Arr,AR:R M,AR:R M,IB 1318,Sstufflebeam,6,/,25,0,0.4,0.4,6607B124
6610,AMA 110  04,INTRO TO LAB SAFETY,1,Arr,AR:R M,AR:R M,IB 1318,Mallen ,12,/,25,0,0.8,0.8,6610B124
6611,AMA 112  04,CREDENTIALS & EMPLOYMENT,1,Arr,AR:R M,AR:R M,IB 1318,Mallen ,10,/,25,0,0.7,0.7,6610B124
6612,AMA 114  04,BASIC PSYCHOLOGY PRINCIP,1,Arr,AR:R M,AR:R M,IB 1318,Mallen ,7,/,25,0,0.5,0.5,6610B124
6613,AMA 115  04,HIV/AIDS,1,Arr,AR:R M,AR:R M,IB 1318,Mcrichton ,2,/,25,0,0.1,0.1,6613B124
6614,AMA 116  04,PRINC OF IV THERAPY,1,Arr,AR:R M,AR:R M,IB 1318,Mcrichton ,9,/,25,0,0.6,0.6,6613B124
6620,AMA 170  04,AP/TERMINOLOGY/PATHGY 1,2,Arr,AR:R M,AR:R M,IB 1318,Mallen ,4,/,25,0,0.5,0.5,6620B124
,,,,,,,,,,,,,,,
Item,Course ID,Title,CR,Days,Class Time,,Room,Instructor,Enrolled,,,Wait,FTES,,Cluster
,,,,,Start,End,,,,,,List,TOTAL,STATE,
6621,AMA 171  04,AP/TERMINOLOGY/PATHGY 2,1,Arr,AR:R M,AR:R M,IB 1318,Mallen ,2,/,25,0,0.1,0.1,6620B124
6622,AMA 172  04,AP/TERMINOLOGY/PATHGY 3,1,Arr,AR:R M,AR:R M,IB 1318,Mallen ,2,/,25,0,0.1,0.1,6620B124
6623,AMA 173  04,AP/TERMINOLOGY/PATHGY 4,1,Arr,AR:R M,AR:R M,IB 1318,Mallen ,2,/,25,0,0.1,0.1,6620B124
6624,AMA 174  04,AP/TERMINOLOGY/PATHGY 5,1,Arr,AR:R M,AR:R M,IB 1318,Mallen ,2,/,25,0,0.1,0.1,6620B124
6625,AMA 175  04,AP/TERMINOLOGY/PATHGY 6,1,Arr,AR:R M,AR:R M,IB 1318,Mallen ,2,/,25,0,0.1,0.1,6620B124
6626,AMA 176  04,AP/TERMINOLOGY/PATHGY 7,1,Arr,AR:R M,AR:R M,IB 1318,Mallen ,2,/,25,0,0.1,0.1,6626B124
6627,AMA 177  04,AP/TERMINOLOGY/PATHGY 8,1,Arr,AR:R M,AR:R M,IB 1318,Mallen ,1,/,25,0,0.1,0.1,6626B124
6628,AMA 178  04,AP/TERMINOLOGY/PATHGY 9,1,Arr,AR:R M,AR:R M,IB 1318,Mallen ,1,/,25,0,0.1,0.1,6626B124
6629,AMA 179  04,AP/TERMINOLOGY/PATHGY 10,1,Arr,AR:R M,AR:R M,IB 1318,Mallen ,1,/,25,0,0.1,0.1,6626B124
6630,AMA 180  04,AP/TERMINOLOGY/PATHGY 11,1,Arr,AR:R M,AR:R M,IB 1318,Mallen ,1,/,25,0,0.1,0.1,6626B124
6631,AMA 181  04,AP/TERMINOLOGY/PATHGY 12,1,Arr,AR:R M,AR:R M,IB 1318,Mallen ,6,/,25,0,0.4,0.4,6626B124
6632,AMA 226  04,MED INSURANCE CODING 1,1,Arr,AR:R M,AR:R M,IB 1318,Mcrichton ,10,/,20,0,0.7,0.7,6632B124
6633,AMA 227  04,MED INSURANCE BILLING,2,Arr,AR:R M,AR:R M,IB 1318,Mcrichton ,8,/,20,0,1.1,1.1,6632B124
6634,AMA 230  04,MEDICAL OFFICE MANAGEMEN,1,Arr,AR:R M,AR:R M,IB 1318,Mcrichton ,9,/,25,0,0.6,0.6,6632B124
6635,AMA 240  04,GYN/PEDIATRICS,1,Arr,AR:R M,AR:R M,IB 1318,Plarson ,9,/,25,0,0.6,0.5,6635B124
6636,AMA 241  04,MALE REPRODUCTIVE/GERONT,1,Arr,AR:R M,AR:R M,IB 1318,Plarson ,3,/,25,0,0.2,0.1,6635B124
6637,AMA 242  04,EXAMS BY BODY SYSTEMS,2,Arr,AR:R M,AR:R M,IB 1318,Plarson ,7,/,20,0,0.9,0.8,6637B124
6638,AMA 243  04,REHABILITATION,1,Arr,AR:R M,AR:R M,IB 1318,Plarson ,6,/,20,0,0.4,0.3,6637B124
6640,AMA 245  04,MINOR SURGERY,2,Arr,AR:R M,AR:R M,IB 1318,Plarson ,7,/,20,0,0.9,0.9,6640B124
6641,AMA 246  04,PATIENT PRIORITIZING INS,1,Arr,AR:R M,AR:R M,IB 1318,Plarson ,2,/,25,0,0.1,0.1,6640B124
,,,,,,,,,,,,,,,
Item,Course ID,Title,CR,Days,Class Time,,Room,Instructor,Enrolled,,,Wait,FTES,,Cluster
,,,,,Start,End,,,,,,List,TOTAL,STATE,
6642,AMA 250  04,MEDICATION CALC & ADMIN,2,Arr,AR:R M,AR:R M,IB 1318,Mallen ,13,/,20,0,1.7,1.6,6642B124
6643,AMA 251  04,EKG,1,Arr,AR:R M,AR:R M,IB 1318,Mallen ,11,/,20,0,0.7,0.7,6642B124
6645,AMA 253  04,HEMATOLOGY,1,Arr,AR:R M,AR:R M,IB 1318,Plarson ,10,/,20,0,0.7,0.7,6645B124
6646,AMA 254  04,URINALYSIS,1,Arr,AR:R M,AR:R M,IB 1318,Plarson ,10,/,20,0,0.7,0.7,6645B124
6647,AMA 255  04,BASIC MICROBIOLOGY,1,Arr,AR:R M,AR:R M,IB 1318,Plarson ,10,/,20,0,0.7,0.7,6647B124
6648,AMA 256  04,SPECIALTY LAB TESTS/CHEM,1,Arr,AR:R M,AR:R M,IB 1318,Plarson ,10,/,20,0,0.7,0.7,6647B124
9370,AMA 102  D4,LEGAL CONCEPTS,1,Online,-,-,-,Mallen ,8,/,25,0,0.5,0.5,9370B124
9373,AMA 103  D4,ETHICAL CONCEPTS,1,Online,-,-,-,Mallen ,9,/,25,0,0.6,0.6,9370B124
9375,AMA 108  D4,NUTRITION & DEV BASICS,1,Online,-,-,-,Mallen ,4,/,25,0,0.3,0.3,9370B124
9377,AMA 109  D4,PHARMACOLOGY,1,Online,-,-,-,Mallen ,7,/,25,0,0.5,0.5,9370B124
9379,AMA 115  D4,HIV/AIDS,1,Online,-,-,-,Mallen ,6,/,25,0,0.4,0.4,9379B124
9381,AMA 241  D4,MALE REPRODUCTIVE/GERONT,1,Online,-,-,-,Mallen ,4,/,25,0,0.3,0.3,9379B124
9383,AMA 246  D4,PATIENT PRIORITIZING INS,1,Online,-,-,-,Mallen ,7,/,25,0,0.5,0.5,9379B124
9385,AMA 290  D4,MED ASSISTING EXTERNSHIP,7,Online,-,-,-,Mallen ,7,/,15,0,3.3,3.3,9379B124
9388,AMA 170  D1,AP/TERMINOLOGY/PATHGY 1,2,Online,-,-,-,Mallen ,10,/,25,0,1.3,1.3,9388B124
9389,AMA 171  D2,AP/TERMINOLOGY/PATHGY 2,1,Online,-,-,-,Mallen ,10,/,25,0,0.7,0.7,9388B124
9390,AMA 172  D3,AP/TERMINOLOGY/PATHGY 3,1,Online,-,-,-,Mallen ,10,/,25,0,0.7,0.7,9388B124
9391,AMA 173  D4,AP/TERMINOLOGY/PATHGY 4,1,Online,-,-,-,Mallen ,10,/,25,0,0.7,0.7,9388B124
9392,AMA 174  D5,AP/TERMINOLOGY/PATHGY 5,1,Online,-,-,-,Mallen ,10,/,25,0,0.7,0.7,9392B124
9393,AMA 175  D6,AP/TERMINOLOGY/PATHGY 6,1,Online,-,-,-,Mallen ,11,/,25,0,0.7,0.7,9392B124
,,,,,,,,,,,,,,,
Item,Course ID,Title,CR,Days,Class Time,,Room,Instructor,Enrolled,,,Wait,FTES,,Cluster
,,,,,Start,End,,,,,,List,TOTAL,STATE,
9394,AMA 176  D7,AP/TERMINOLOGY/PATHGY 7,1,Online,-,-,-,Mallen ,10,/,25,0,0.7,0.7,9392B124
9395,AMA 177  D8,AP/TERMINOLOGY/PATHGY 8,1,Online,-,-,-,Mallen ,11,/,25,0,0.7,0.7,9395B124
9396,AMA 178  D9,AP/TERMINOLOGY/PATHGY 9,1,Online,-,-,-,Mallen ,11,/,25,0,0.7,0.7,9395B124
9397,AMA 179  D10,AP/TERMINOLOGY/PATHGY 10,1,Online,-,-,-,Mallen ,12,/,25,0,0.8,0.8,9395B124
9398,AMA 180  D11,AP/TERMINOLOGY/PATHGY 11,1,Online,-,-,-,Mallen ,10,/,25,0,0.7,0.7,9395B124
9399,AMA 181  D12,AP/TERMINOLOGY/PATHGY 12,1,Online,-,-,-,Mallen ,7,/,25,0,0.5,0.5,9395B124
9442,BUS 140  D1,CUSTOMER RELATIONS,5,Online,-,-,-,Bradenco ,16,/,0,1,5.3,5,9447B124
9447,BUS 205  D1,HUMAN RESOURCE MGMT,5,Online,-,-,-,Bradenco ,19,/,25,2,6.3,5.3,9447B124
9451,BUS 118  D1,PROJECT MGMNT INTRO OVER,5,Online,-,-,-,Wholt ,8,/,25,0,2.7,2.3,9449B124
9449,BUS 229  D1,PROJECT MANAGEMENT TOOLS,5,Online,-,-,-,Wholt ,17,/,25,0,5.7,5,9449B124
9462,IT 122  D1,NETWORK OS 1 WINDOWS CLI,5,Online,-,-,-,Mrice ,10,/,25,6,3.3,3.3,9462B124
9463,IT 126  D1,NETWORK OS 3 WINDOWS NET,5,Online,-,-,-,Mrice ,10,/,25,7,3.3,3.3,9462B124
9464,IT 128  D1,NETWORK OS 4 WINDOWS ACT,5,Online,-,-,-,Mrice ,5,/,25,3,1.7,1.7,9462B124
9510,ECON 100  D1,SURVEY OF ECONOMICS,5,Online,-,-,-,Thcook ,20,/,25,5,6.7,4.7,9510B124
9520,ECON 240  D1,WORLD OF WORK,5,Online,-,-,-,Thcook ,3,/,25,1,1,0.7,9510B124
9619,SSC 101  DZ3,INTRO TO INFO RES FOR SS,3,Online,-,-,-,Abates ,8,/,0,0,1.6,0.8,9618B124
9618,SSC 101  D1,INTRO TO INFO RES FOR SS,3,Online,-,-,-,Abates ,6,/,25,0,1.2,1,9618B124
9627,ENGL 151  D1,CREATIVE WRITING,5,Online,-,-,-,Mtenenba ,16,/,25,4,5.3,4.3,9627B124
9628,ENGL 152  D1,CREATIVE WRITING,5,Online,-,-,-,Mtenenba ,2,/,0,1,0.7,0.7,9627B124
9629,ENGL 153  D1,CREATIVE WRITING,5,Online,-,-,-,Mtenenba ,1,/,0,0,0.3,0,9627B124
,,,,,,,,,,,,,,,
Item,Course ID,Title,CR,Days,Class Time,,Room,Instructor,Enrolled,,,Wait,FTES,,Cluster
,,,,,Start,End,,,,,,List,TOTAL,STATE,
9638,HUM 140  D1,TRANSNATIONAL CINEMA,5,Online,-,-,-,Jharradi ,15,/,25,0,5,3.3,9638B124
9639,HUM 140  DZ1,TRANSNATIONAL CINEMA,5,Online,-,-,-,Jharradi ,10,/,0,0,3.3,2.3,9638B124
,,,,,,,,,,,,,,,
Non-Clustered Class Summary:,,,,,,,,,,,,,,,
Total Open Classes: 517,,,,,,,,,,,,,,,
,,,,,,,,,,,,,,,
Total Cancelled Classes: 57,,,,,,,,,,,,,,,
"Total Enrolled in Classes: 10,964",,,,,,,,,,,,,,,
Average Class Enrollment: 21 (cancelled classes not factored),,,,,,,,,,,,,,,
,,,,,,,,,,,,,,,
FTES,,,,,,,,,,,,,,,
"Total FTES: 3,363.1",,,,,,,,,,,,,,,
"Total State-Funded FTES: 2,709.4",,,,,,,,,,,,,,,
,,,,,,,,,,,,,,,
,,,,,,,,,,,,,,,
Clustered Class Summary:,,,,,,,,,,,,,,,
Total Open Clusters: 129,,,,,,,,,,,,,,,
,,,,,,,,,,,,,,,
Total Cancelled Classes: 6,,,,,,,,,,,,,,,
"Total Enrolled in Classes: 3,108",,,,,,,,,,,,,,,
Average Class Enrollment: 25 (cancelled classes not factored),,,,,,,,,,,,,,,
,,,,,,,,,,,,,,,
FTES,,,,,,,,,,,,,,,
Total FTES: 822.5,,,,,,,,,,,,,,,
Total State-Funded FTES: 743.2,,,,,,,,,,,,,,,
