SPRING 13 : 6/11/2013 6:23:15 PM,,,,,,,,,,,,,,
,,,,,,,,,,,,,,
Report Title: All Classes ,,,,,,,,,,,,,,
,,,,,,,,,,,,,,
Non-Clustered Classes: ,,,,,,,,,,,,,,
Item,Course ID,Title,CR,Days,Time,Room,Instructor,Enrolled,,,Wait,FTES,,
,,,,,,,,,,,List,TOTAL,STATE,
9400,ACCT 110  D1,INTRO TO ACCTG/BOOKG I,5,Online,-,-,Psomostithis,18,/,25,1,6,5.7,
4007,ACCT 115  02,TEACH PERSONAL FINANCE,4,M,8:30 AM,CC 2153,Acoday ,30,/,30,0,8,8,
9402,ACCT 131  D2,QUICKBOOKS,5,Online,-,-,Htian ,18,/,25,0,6,5.7,
4012,ACCT 200  01N,ACCT FOR NON ACCOUNTANTS,5,MW,5:30 PM,IB 3422,Cancel 03/22,0,/,25,0,0,0,
4024,ACCT&201  03N,PRIN OF ACCOUNTING I,5,MW,5:30 PM,IB 3313,Kbreland ,34,/,35,0,11.3,7,
9404,ACCT&201  D3,PRIN OF ACCOUNTING I,5,Online,-,-,Psomostithis,25,/,25,6,8.3,7,
4020,ACCT&201  01,PRIN OF ACCOUNTING I,5,DAILY,10:00 AM,IB 3316,Egodifay ,34,/,35,0,11.3,5,
4022,ACCT&201  02,PRIN OF ACCOUNTING I,5,DAILY,9:00 AM,IB 3313,Jcsmith ,39,/,35,4,13,4.7,
4026,ACCT&202  01,PRIN OF ACCOUNTING II,5,Other,10:00 AM,IB 3313,Rwoods ,30,/,35,0,10,6,
4028,ACCT&202  02,PRIN OF ACCOUNTING II,5,DAILY,11:00 AM,IB 3413,Egodifay ,13,/,35,0,4.3,2.7,
4030,ACCT&202  03N,PRIN OF ACCOUNTING II,5,MW,5:30 PM,IB 3413,Jcsmith ,29,/,35,0,9.7,4.7,
9406,ACCT&202  D3,PRIN OF ACCOUNTING II,5,Online,-,-,Rwoods ,19,/,25,0,6.3,5.7,
4036,ACCT&203  03N,PRIN OF ACCOUNTING III,5,TTh,5:30 PM,IB 3313,Slozan ,20,/,35,0,6.7,5.7,
9410,ACCT&203  D5,PRIN OF ACCOUNTING III,5,Online,-,-,Cancel 01/15,0,/,25,0,0,0,
4032,ACCT&203  01,PRIN OF ACCOUNTING III,5,Other,10:00 AM,LB 1231,Esedlik ,27,/,35,0,9,1,
4033,ACCT&203  02,PRIN OF ACCOUNTING III,5,DAILY,11:00 AM,LB 1231,Esedlik ,31,/,35,0,10.3,2,
9408,ACCT&203  D4,PRIN OF ACCOUNTING III,5,Online,-,-,Rwoods ,25,/,25,0,8.3,7.7,
4034,ACCT&203  02,PRIN OF ACCOUNTING III,5,DAILY,11:00 AM,IB 3313,Jcsmith ,28,/,35,0,9.3,4,
9412,ACCT 251  D1,INTERMEDIATE ACCOUNTG I,5,Online,-,-,Rwoods ,25,/,25,7,8.3,8,
9416,ACCT 255  D2,INDIVIDUAL INCOME TAX,5,Online,-,-,Jzeng ,24,/,25,3,8,7.7,
,,,,,,,,,,,,,,
Item,Course ID,Title,CR,Days,Time,Room,Instructor,Enrolled,,,Wait,FTES,,
,,,,,,,,,,,List,TOTAL,STATE,
4038,ACCT 255  01N,INDIVIDUAL INCOME TAX,5,TTh,5:30 PM,IB 3316,Cancel 03/18,0,/,35,0,0,0,
9418,ACCT 256  D1,TAXATION OF CORP AND PAR,5,Online,-,-,Nrdaniels ,24,/,25,6,8,8,
4040,ACCT 259  01,PRACTICAL INCOME TAX II,5,TTh,12:30 PM,IB 3307,Cancel 01/15,0,/,35,0,0,0,
4044,ACCT 260  01,PEACHTREE ACCOUNTING,5,MW,2:00 PM,IB 3309,Cancel 01/15,0,/,30,0,0,0,
9419,ACCT 261  D1,ACCOUNTING INFO SYSTEMS,5,Online,-,-,Jzeng ,27,/,25,4,9,9,
9429,ACCT 261  D2,ACCOUNTING INFO SYSTEMS,5,Online,-,-,Cancel 01/15,0,/,25,0,0,0,
4055,ACCT 265  01N,ACC NOT-FOR-PROF AND GOV,5,TTh,5:30 PM,IB 3313,Cancel 01/15,0,/,30,0,0,0,
9420,ACCT 267  D1,NOT FOR PROFIT FIN MNGMT,5,Online,-,-,Kfoe ,24,/,25,0,8,8,
9424,ACCT 269  D1,NOT-FOR-PROF PRACTICE,5,Online,-,-,Zasmulski ,17,/,25,0,5.7,5.7,
9425,ACCT 274  D1,FORENSIC ACCOUNTING,5,Online,-,-,Psomostithis,27,/,25,1,9,9,
9426,ACCT 275  D1,AUDITING,5,Online,-,-,Kfoe ,24,/,25,4,8,7.7,
4060,ACCT 298  01,SPECIAL TOPIC:ACCOUNTING,5,Arr,AR:R M,ARR,Psomostithis,1,/,5,0,0.3,0.3,
6506,AHE 103  01,MATH FOR HEALTH CAREERS,3,MW,1:00 PM,IB 1307,Tdguirl ,22,/,30,0,4.4,4.4,
6504,AHE 191  CPR,HEALTHCARE PROVIDER CPR,2,Th,6:00 PM,IB 1409,Mbloom ,34,/,36,0,4.5,4.5,
6508,AHE 242  01,BASIC BLOOD COLLECTION,2,Sa,9:00 AM,IB 1317,Tdguirl ,18,/,20,0,2.4,2.3,
6510,AHE 242  02,BASIC BLOOD COLLECTION,2,Sa,9:00 AM,IB 1317,Tdguirl ,10,/,20,0,1.3,1.2,
9336,AHI 100  D1,INTRO TO MED VOCABULARY,3,Online,-,-,Bgeary ,22,/,25,1,4.4,4.4,
9338,AHI 100  D2,INTRO TO MED VOCABULARY,3,Online,-,-,Bgeary ,22,/,25,0,4.4,4.2,
9340,AHI 100  DP3,INTRO TO MED VOCABULARY,3,Online,-,-,Bgeary ,21,/,25,0,4.2,4.2,
6650,AHM 101  04,PATHOLOGY 1,1,Arr,AR:R M,IB 1318,Mallen ,2,/,25,0,0.1,0.1,
,,,,,,,,,,,,,,
Item,Course ID,Title,CR,Days,Time,Room,Instructor,Enrolled,,,Wait,FTES,,
,,,,,,,,,,,List,TOTAL,STATE,
6651,AHM 102  04,PATHOLOGY 2,1,Arr,AR:R M,IB 1318,Mallen ,2,/,25,0,0.1,0.1,
6652,AHM 103  04,PATHOLOGY 3,1,Arr,AR:R M,IB 1318,Mallen ,4,/,25,0,0.3,0.3,
6653,AHM 104  04,PATHOLOGY 4,1,Arr,AR:R M,IB 1318,Mallen ,4,/,25,0,0.3,0.3,
6654,AHM 105  04,PATHOLOGY 5,1,Arr,AR:R M,IB 1318,Mallen ,3,/,25,0,0.2,0.2,
6657,AHM 124  04,INTRO TO MEDICAL TRANSCR,1,Arr,AR:R M,IB 1318,Mallen ,3,/,20,0,0.2,0.2,
6658,AHM 140  04,PHLEBOTOMY 2,1,Arr,AR:R M,IB 1318,Mallen ,1,/,20,0,0.1,0.1,
6659,AHM 141  04,LAB EQUIPMENT/MEASUREMEN,1,Arr,AR:R M,IB 1318,Mallen ,0,/,25,0,0,0,
6660,AHM 142  04,NON-BLOOD SPECIMEN COLL,1,Arr,AR:R M,IB 1318,Mallen ,0,/,20,0,0,0,
6600,AMA 100  04,INTRO TO HEALTHCARE,1,Arr,AR:R M,IB 1318,Mallen ,17,/,25,0,1.1,1.1,
6601,AMA 101  04,COMMUNICATIONS IN HEALTH,2,Arr,AR:R M,IB 1318,Sstufflebeam,17,/,25,0,2.3,2.3,
6602,AMA 102  04,LEGAL CONCEPTS,1,Arr,AR:R M,IB 1318,Mallen ,8,/,25,0,0.5,0.5,
6603,AMA 103  04,ETHICAL CONCEPTS,1,Arr,AR:R M,IB 1318,Mallen ,8,/,25,0,0.5,0.5,
6604,AMA 104  04,OFFICE EMERGENCIES,2,Arr,AR:R M,IB 1318,Sstufflebeam,10,/,20,0,1.3,1.3,
6605,AMA 105  04,ASEPSIS & INFECTION CONT,1,Arr,AR:R M,IB 1318,Mallen ,14,/,20,0,0.9,0.9,
6606,AMA 106  04,PATIENT HISTORY,1,Arr,AR:R M,IB 1318,Sstufflebeam,18,/,25,0,1.2,1.2,
6607,AMA 107  04,VITAL SIGNS/MEASURMENTS,1,Arr,AR:R M,IB 1318,Sstufflebeam,16,/,20,0,1.1,1.1,
6615,AMA 120  04,FRONT OFFICE BASICS,1,Arr,AR:R M,IB 1318,Mcrichton ,13,/,25,0,0.9,0.9,
6616,AMA 121  04,PATIENT SCHEDULING,1,Arr,AR:R M,IB 1318,Mcrichton ,16,/,25,0,1.1,1.1,
6617,AMA 122  04,MED RECORDS & CORRESPOND,1,Arr,AR:R M,IB 1318,Mcrichton ,18,/,20,0,1.2,1.2,
6618,AMA 123  04,DAILY FINANCIAL MANAGEME,1,Arr,AR:R M,IB 1318,Mcrichton ,19,/,20,0,1.3,1.3,
,,,,,,,,,,,,,,
Item,Course ID,Title,CR,Days,Time,Room,Instructor,Enrolled,,,Wait,FTES,,
,,,,,,,,,,,List,TOTAL,STATE,
6619,AMA 125  04,INTRO TO MED INS CODING,2,Arr,AR:R M,IB 1318,Mcrichton ,17,/,25,0,2.3,2.3,
6626,AMA 176  04,AP/TERMINOLOGY/PATHGY 7,1,Arr,AR:R M,IB 1318,Plarson ,9,/,25,0,0.6,0.6,
6632,AMA 226  04,MED INSURANCE CODING 1,1,Arr,AR:R M,IB 1318,Mcrichton ,16,/,20,0,1.1,1.1,
6635,AMA 240  04,GYN/PEDIATRICS,1,Arr,AR:R M,IB 1318,Plarson ,18,/,25,0,1.2,1.2,
6636,AMA 241  04,MALE REPRODUCTIVE/GERONT,1,Arr,AR:R M,IB 1318,Mallen ,12,/,25,0,0.8,0.8,
6637,AMA 242  04,EXAMS BY BODY SYSTEMS,2,Arr,AR:R M,IB 1318,Plarson ,13,/,20,0,1.7,1.7,
6638,AMA 243  04,REHABILITATION,1,Arr,AR:R M,IB 1318,Mallen ,11,/,20,0,0.7,0.7,
6639,AMA 244  04,INTRO TO IMAGING,1,Arr,AR:R M,IB 1318,Plarson ,13,/,25,0,0.9,0.9,
3110,AME 151  H1,SOCIETIES & CULTURES:US,5,HYBRID - MTWTh,9:00 AM,LB 1131,Erolguin ,35,/,36,0,11.7,7.3,
3102,ANTH&204  H1,ARCHAEOLOGY,5,HYBRID - MWF,11:00 AM,CC 3343,Cancel 03/22,0,/,36,0,0,0,
9560,ANTH&206  D1,CULTURAL ANTHROPOLOGY,5,Online,-,-,Ccummings ,24,/,25,11,8,8,
1002,ART& 100  01,ART APPRECIATION,5,DAILY,12:00 PM,LB 1131,Eburns ,29,/,30,0,9.7,5.3,
1006,ART 101  01,DESIGN,5,MW,1:00 PM,AS 1530,Kmartensen ,24,/,20,1,8,4.3,
1007,ART 101  02,DESIGN,5,MW,6:00 PM,AS 1530,Mmeyer ,18,/,20,0,6,3.3,
1008,ART 102  01,DESIGN,5,MW,9:00 AM,AS 1530,Lhull ,20,/,20,0,6.7,5,
1009,ART 111  01,DRAWING,5,MW,9:00 AM,AS 1532,Kmartensen ,15,/,20,0,5,3,
1010,ART 111  02,DRAWING,5,TTh,9:00 AM,AS 1532,Aknowles ,19,/,20,0,6.3,5,
1011,ART 111  03,DRAWING,5,Other,6:00 PM,AS 1532,Egherard ,19,/,20,1,6.3,3,
1042,ART 210  01,COMPUTER ART,5,MW,12:00 PM,ED 2843B,Mmeyer ,25,/,25,0,8.3,4,
1069,ART 281  01,JEWELRY DESIGN I,5,TTh,1:00 PM,AS 1533,Lhull ,16,/,18,0,5.3,3.7,
,,,,,,,,,,,,,,
Item,Course ID,Title,CR,Days,Time,Room,Instructor,Enrolled,,,Wait,FTES,,
,,,,,,,,,,,List,TOTAL,STATE,
1070,ART 285  01,SMALL SCALE SCULPTURE,5,MW,1:00 PM,AS 1533,Lhull ,18,/,18,0,6,5.3,
1084,ART 299  05,SPECIAL PROBLEMS IN ART,3,Arr,AR:R M,IB 2407C,Mmeyer ,2,/,10,0,0.4,0.4,
1080,ART 299  01,SPECIAL PROBLEMS IN ART,3,Arr,AR:R M,IB 2407C,Kmartensen ,4,/,10,0,0.8,0.4,
1081,ART 299  02,SPECIAL PROBLEMS IN ART,3,Arr,AR:R M,IB 2407C,Lhull ,8,/,10,0,1.6,1.4,
1082,ART 299  03,SPECIAL PROBLEMS IN ART,3,Arr,AR:R M,IB 2407C,Egherard ,0,/,10,0,0,0,
1083,ART 299  04,SPECIAL PROBLEMS IN ART,3,Arr,AR:R M,IB 2407C,Aknowles ,3,/,4,0,0.6,0.4,
1085,ART 299  06,SPECIAL PROBLEMS IN ART,3,Arr,AR:R M,IB 2407C,Mkelly ,3,/,10,0,0.6,0.2,
1086,ART 299  07,SPECIAL PROBLEMS IN ART,3,Arr,AR:R M,IB 2407C,Lhalvorsen ,9,/,10,0,1.5,0.7,
2006,ASTR&115  Z3,"STARS, GALAXIES & COSMOS",5,MTWTh,10:15 AM,AS 1623,Tfurutan ,24,/,32,0,8,7.3,
2044,BIOL&160  08,GENERAL BIOLOGY WITH LAB,5,MW,6:00 PM,AS 1617,Kbarndt ,31,/,32,0,10.3,9,
2026,BIOL&160  01,GENERAL BIOLOGY WITH LAB,5,T,8:00 AM,AS 1622,Lbauman ,31,/,32,0,10.3,8,
2032,BIOL&160  03,GENERAL BIOLOGY WITH LAB,5,Other,10:00 AM,AS 1627,Csheridan ,36,/,32,4,12,8.7,
2038,BIOL&160  H7,GENERAL BIOLOGY WITH LAB,5,HYBRID - M,3:00 PM,AS 1617,Csheridan ,31,/,32,0,10.3,10,
2048,BIOL&211  05,MAJORS CELLULAR,5,T,12:00 PM,AS 1520,Akang ,35,/,32,2,11.7,10,
2050,BIOL&212  05,MAJORS ANIMAL,5,TThF,12:00 PM,AS 1617,Jprice ,11,/,32,0,3.7,3.3,
2056,BIOL&213  03,MAJORS PLANT,5,MTh,10:00 AM,AS 1617,Bsaunder ,21,/,32,0,7,5.7,
2052,BIOL&213  01,MAJORS PLANT,5,MTTh,8:00 AM,AS 1617,Egoulet ,21,/,32,0,7,5,
2060,BIOL&213  09,MAJORS PLANT,5,TTh,6:00 PM,AS 1617,Kbarndt ,22,/,32,0,7.3,6.3,
2116,BIOL&241  09,HUMAN A & P 1,5,TTh,6:00 PM,AS 1521,Kbentson ,31,/,32,0,10.3,9,
2100,BIOL&241  01,HUMAN A & P 1,5,Other,8:00 AM,AS 1521,Msargizi ,20,/,32,0,6.7,5.7,
,,,,,,,,,,,,,,
Item,Course ID,Title,CR,Days,Time,Room,Instructor,Enrolled,,,Wait,FTES,,
,,,,,,,,,,,List,TOTAL,STATE,
2104,BIOL&241  03,HUMAN A & P 1,5,Other,10:00 AM,AS 1521,Msargizi ,30,/,32,0,10,9.7,
2108,BIOL&241  05,HUMAN A & P 1,5,M,12:00 PM,AS 1520,Coreilly ,14,/,32,0,4.7,4.7,
2112,BIOL&241  08,HUMAN A & P 1,5,Other,6:00 PM,AS 1521,Kmjohnson ,29,/,32,0,9.7,9.3,
2120,BIOL&241  10,HUMAN A & P 1,5,Sa,8:30 AM,AS 1615,Jdahms ,28,/,32,0,9.3,9.3,
8212,BIOL&241  WDC,HUMAN A & P 1,5,Other,2:00 PM,AS 1614,Tstilson ,32,/,32,0,10.7,10.7,
2124,BIOL&242  01,HUMAN A & P 2,5,Other,8:00 AM,AS 1615,Lhays ,24,/,32,0,8,8,
2128,BIOL&242  03,HUMAN A & P 2,5,Other,10:00 AM,AS 1615,Hiverson ,29,/,32,0,9.7,8.7,
2132,BIOL&242  H5,HUMAN A & P 2,5,HYBRID - MW,12:00 PM,AS 1615,Hiverson ,24,/,32,0,8,7.7,
2136,BIOL&242  08,HUMAN A & P 2,5,MW,6:00 PM,AS 1615,Jprice ,29,/,32,0,9.7,9.7,
2140,BIOL&242  09,HUMAN A & P 2,5,TTh,6:00 PM,AS 1615,Jlearn ,41,/,32,17,13.7,13,
2164,BIOL&260  09,MICROBIOLOGY,5,TTh,6:00 PM,AS 1622,Psilver ,29,/,32,0,9.7,9.7,
2160,BIOL&260  08,MICROBIOLOGY,5,MW,6:00 PM,AS 1622,Tfox ,27,/,32,0,9,9,
2150,BIOL&260  H3,MICROBIOLOGY,5,HYBRID - MTW,10:00 AM,AS 1622,Sschlado ,34,/,32,3,11.3,10.3,
2154,BIOL&260  05,MICROBIOLOGY,5,Other,12:00 PM,AS 1622,Sschlado ,29,/,32,0,9.7,8.3,
2172,BIOL 299  02,INDEPENDENT STDY BIOLOGY,4,Arr,AR:R M,ARR,Egoulet ,1,/,1,0,0.3,0.3,
2170,BIOL 299  01,INDEPENDENT STDY BIOLOGY,2,Arr,AR:R M,ARR,Bsaunder ,1,/,1,0,0.1,0.1,
9439,BUS& 101  D1,INTRO TO BUSINESS,5,Online,-,-,Nadelson ,22,/,25,3,7.3,5.7,
9440,BUS& 101  D2,INTRO TO BUSINESS,5,Online,-,-,Cancel 03/22,0,/,25,0,0,0,
4100,BUS& 101  01,INTRO TO BUSINESS,5,TTh,1:30 PM,IB 3327,Nadelson ,30,/,28,1,10,8.3,
4110,BUS 112  01N,MULTI-CUL ISSUES/WRKPLAC,5,MW,5:30 PM,LB 1231,Cancel 03/13,0,/,35,0,0,0,
,,,,,,,,,,,,,,
Item,Course ID,Title,CR,Days,Time,Room,Instructor,Enrolled,,,Wait,FTES,,
,,,,,,,,,,,List,TOTAL,STATE,
4116,BUS 116  01,BUSINESS MATH/SPREADSHET,5,DAILY,10:00 AM,IB 3409,Cancel 01/15,0,/,30,0,0,0,
4120,BUS 123  01N,WORD FOR BUSINESS,5,TTh,5:30 PM,IB 3309,Cancel 03/01,0,/,30,0,0,0,
9442,BUS 124  D1,EXCEL FOR BUSINESS,5,Online,-,-,Bbarry ,24,/,25,3,8,7.3,
4122,BUS 124  01,EXCEL FOR BUSINESS,5,MWF,8:30 AM,IB 3404,Cancel 01/15,0,/,30,0,0,0,
4123,BUS 125  01,ACCESS FOR BUSINESS,5,Other,1:30 PM,IB 3404,Wholt ,14,/,30,0,4.7,4.7,
4127,BUS 127  01,OUTLOOK FOR BUSINESS,2,M,11:00 AM,IB 3404,Mfarrar ,10,/,28,0,1.3,1.3,
4130,BUS 131  01,INTEGRATED COMM I,5,DAILY,9:00 AM,IB 3406,Mmelsness ,28,/,35,0,9.3,8.7,
4133,BUS 140  01,CUSTOMER RELATIONS,5,DAILY,10:00 AM,CC 3345,Mfarrar ,15,/,30,0,5,4.3,
4137,BUS 152  01N,ENTREPRENEURSHIP,5,Other,6:00 PM,IB 3409,Cancel 04/08,0,/,30,0,0,0,
4138,BUS 156  01,INTRO TO E-BUS/COMMERCE,5,MWF,1:30 PM,IB 3404,Cancel 03/29,0,/,28,0,0,0,
4142,BUS 169  02N,USING COMPUTERS IN BUS,5,Other,5:30 PM,IB 3404,Bcampbel ,21,/,28,0,7,6.7,
4140,BUS 169  01,USING COMPUTERS IN BUS,5,Other,12:00 PM,IB 3406,Bcampbel ,27,/,28,0,9,8.7,
4144,BUS 170  01,INFORMATION TECH I,5,MW,12:00 PM,IB 3309,Rjones ,13,/,25,1,4.3,4.3,
9444,BUS 186  D1,SUSTAINABLE BUSINESS,5,Online,-,-,Bradenco ,21,/,25,0,7,7,
4155,BUS 200  01,LAW AND SOCIETY,5,Other,10:00 AM,IB 3417,Mchaplin ,13,/,35,0,4.3,3.3,
4160,BUS& 201  01,BUSINESS LAW,5,Other,11:00 AM,IB 3417,Lhopt ,35,/,35,9,11.7,1,
9446,BUS& 201  D2,BUSINESS LAW,5,Online,-,-,Lhopt ,22,/,25,16,7.3,3,
4162,BUS& 201  03,BUSINESS LAW,5,Other,12:00 PM,IB 3422,Lhopt ,40,/,35,4,13.3,5.7,
9447,BUS& 201  D4,BUSINESS LAW,5,Online,-,-,Lhopt ,23,/,25,2,7.7,6,
9448,BUS 205  D1,HUMAN RESOURCE MGMT,5,Online,-,-,Bradenco ,24,/,30,0,8,6.7,
,,,,,,,,,,,,,,
Item,Course ID,Title,CR,Days,Time,Room,Instructor,Enrolled,,,Wait,FTES,,
,,,,,,,,,,,List,TOTAL,STATE,
4167,BUS 210  02,BUS & ECONOMIC STATISTIC,5,Other,10:00 AM,IB 3317,Wholt ,37,/,35,1,12.3,4,
4165,BUS 210  01,BUS & ECONOMIC STATISTIC,5,Other,12:00 PM,IB 3417,Wholt ,36,/,35,0,12,5,
4170,BUS 216  01N,PROFESSIONAL DEVELOPMENT,5,MW,6:00 PM,IB 3317,Mmelsness ,14,/,30,0,4.7,4.3,
4174,BUS 236  01,I'PERSONAL COMM WORKPLAC,5,Other,11:00 AM,IB 3317,Deberhar ,26,/,25,4,8.7,8.3,
4176,BUS 236  02N,I'PERSONAL COMM WORKPLAC,5,MW,6:00 PM,IB 3417,Tanderso ,19,/,25,0,6.3,6.3,
4185,BUS 298  01,SPECIAL TOPICS: BUSINESS,5,Arr,AR:R M,IB 2312,Deberhar ,1,/,5,0,0.3,0.3,
6002,CCE 102  01,ISSUES & TRENDS IN ECE,3,TTh,6:00 PM,IB 1303,Ndaniel ,30,/,28,1,6,5.4,
6004,CCE 135  01,FOUNDATIONS OF EARLY LEA,5,TTh,7:30 PM,IB 1303,Ndaniel ,18,/,25,0,6,5.3,
6006,CCE 160  1W,CONNECTING TO CHILDREN,2,W,6:00 PM,IB 1303,Vbiesiedzins,22,/,24,0,2.9,2.8,
6008,CCE 160  2W,CONNECTING TO CHILDREN,2,W,7:00 PM,IB 1303,Vbiesiedzins,22,/,24,0,2.9,2.9,
6010,CCE 185  01,PHYS ED IN EARLY CHILDHO,3,M,6:00 PM,IB 1303,Vbiesiedzins,23,/,24,0,4.6,4.4,
9344,CCE 200  D1,CHILDREN AND NATURE,3,Online,-,-,Jkarshna ,23,/,25,0,4.6,4.2,
6012,CCE 204  01,AUTISM/RELATED DISORDERS,2,Sa,8:30 AM,IB 3417,Ddavis ,28,/,28,0,3.7,3.3,
6014,CCE 261  01,READINGS IN ECE,6,Arr,AR:R M,ARR,Ndaniel ,1,/,6,0,0.4,0.4,
6016,CCE 285  01,THE PROJECT APPROACH,5,TTh,7:30 PM,IB 3417,Vbiesiedzins,13,/,25,0,4.3,4,
6018,CCE 292  02,CLASSROOM RESEARCH,6,M,6:30 PM,IB 3327,Ndaniel ,15,/,15,0,6,5.6,
2216,CHEM&121  05,INTRO TO CHEMISTRY,5,M,12:00 PM,AS 1627,Jfurutani ,26,/,32,0,8.7,7.3,
2220,CHEM&121  09,INTRO TO CHEMISTRY,5,Other,6:00 PM,AS 1519,Gting ,32,/,32,2,10.7,9.3,
9490,CHEM&121  D1,INTRO TO CHEMISTRY,5,HYBRID - Arr,AR:R M,OC,Jowens ,23,/,25,10,7.7,3.7,
2212,CHEM&121  03,INTRO TO CHEMISTRY,5,M,10:00 AM,AS 1627,Spal ,31,/,32,0,10.3,9.3,
,,,,,,,,,,,,,,
Item,Course ID,Title,CR,Days,Time,Room,Instructor,Enrolled,,,Wait,FTES,,
,,,,,,,,,,,List,TOTAL,STATE,
2224,CHEM&131  01,INTRO TO ORG & BIOCHEM,5,Other,8:00 AM,IB 3422,Nbuker ,20,/,32,0,6.7,6.7,
2228,CHEM&131  08,INTRO TO ORG & BIOCHEM,5,Other,6:00 PM,AS 1614,Gting ,26,/,32,0,8.7,7.7,
2234,CHEM&139  H5,GENERAL CHEMISTRY PREP,5,TTh,12:00 PM,AS 1627,Blaesch ,40,/,36,0,13.3,6.7,
9496,CHEM&139  D2,GENERAL CHEMISTRY PREP,5,Online,-,-,Cancel 01/30,0,/,25,0,0,0,
2232,CHEM&139  04,INTRO TO GEN CHEMISTRY,5,DAILY,11:00 AM,IB 3430,Jfurutani ,34,/,36,0,11.3,9.3,
9494,CHEM&139  D1,GENERAL CHEMISTRY PREP,5,Online,-,-,Jowens ,24,/,25,12,8,4.7,
2236,CHEM&161  01,GENERAL CHEM W/LAB I,6,MW,8:00 AM,AS 1614,Jdifranco ,32,/,32,0,12.8,11.6,
2240,CHEM&161  H7,GENERAL CHEM W/LAB I,6,HYBRID - Th,2:00 PM,AS 1519,Jhong ,31,/,32,7,12.4,7.6,
2244,CHEM&162  H1,GENERAL CHEM W/LAB II,6,HYBRID - F,8:00 AM,AS 1519,Jhong ,31,/,32,2,12.4,8.8,
2252,CHEM&163  03,GENERAL CHEM W/LAB III,6,Other,10:00 AM,AS 1519,Nbuker ,21,/,32,0,8.4,8,
2260,CHEM&163  08,GENERAL CHEM W/LAB III,6,M,6:00 PM,AS 1520,Tfurutan ,12,/,32,0,4.8,4.4,
2248,CHEM&163  01,GENERAL CHEM W/LAB III,6,MW,8:00 AM,AS 1519,Cancel 03/13,0,/,32,0,0,0,
2256,CHEM&163  H5,GENERAL CHEM W/LAB III,6,HYBRID - F,12:00 PM,AS 1519,Jhong ,21,/,32,0,8.4,6,
2270,CHEM&242  02,ORGANIC CHEM II,4,MTWTh,9:00 AM,CC 3445,Sclary ,24,/,36,0,6.4,5.1,
2282,CHEM&243  06,ORGANIC CHEMISTRY III,4,MTWTh,1:00 PM,AS 1614,Jpatters ,34,/,36,0,9.1,5.6,
2278,CHEM&243  03,ORGANIC CHEMISTRY III,4,MTWTh,10:00 AM,CC 1254A,Jpatters ,25,/,36,0,6.7,6.4,
2286,CHEM&243  08,ORGANIC CHEMISTRY III,4,MW,6:00 PM,AS 1627,Rengel ,28,/,36,0,7.5,6.4,
2274,CHEM&243  02,ORGANIC CHEMISTRY III,4,MTWTh,9:00 AM,CC 3445,Sclary ,19,/,36,0,5.1,4,
2294,CHEM&252  09,ORGANIC CHEM LAB II,4,TTh,6:00 PM,AS 1515,Afarajallah ,13,/,24,0,3.5,3.2,
1710,CHIN&122  01,CHINESE II,5,DAILY,9:00 AM,CC 3449,Hxie ,8,/,30,0,2.7,1.3,
,,,,,,,,,,,,,,
Item,Course ID,Title,CR,Days,Time,Room,Instructor,Enrolled,,,Wait,FTES,,
,,,,,,,,,,,List,TOTAL,STATE,
9645,CMST&230  D1,SMALL GROUP COMMUNICATN,5,Online,-,-,Jreis ,26,/,30,0,8.7,6.3,
1136,CMST 295  01,STUDIES AND WORKS IN COM,5,Arr,AR:R M,IB 2307A,Rschuess ,8,/,10,0,2.5,2.5,
2304,CSC 110  03,INTRO TO CMPTR PROGMING,5,DAILY,10:00 AM,IB 3430,Voffenba ,31,/,28,2,10.3,7,
2308,CSC 110  05,INTRO TO CMPTR PROGMING,5,DAILY,12:00 PM,IB 3430,Voffenba ,29,/,28,1,9.7,6,
9500,CSC 110  D1,INTRO TO CMPTR PROGMING,5,Online,-,-,Bgoldner ,27,/,25,9,9,9,
9502,CSC 111  D1,COMPUTERS FOR MATH & SCI,5,Online,-,-,Dschaffe ,26,/,25,3,8.7,6.7,
9504,CSC 142  D1,COMPUTER PROGRAMMING,5,Online,-,-,Djinguji ,31,/,25,3,10.3,9,
2314,CSC 142  02,COMPUTER PROGRAMMING,5,DAILY,9:00 AM,CC 3345,Dschaffe ,34,/,28,5,11.3,8,
2316,CSC 143  09,COMPUTER PROGRAMMING II,5,Other,6:00 PM,IB 3430,Djinguji ,31,/,28,9,10.3,9.7,
2322,CSC 299  02,IND. STUDY COMPUTER SCI,1,Arr,AR:R M,ARR,Voffenba ,1,/,1,0,0.1,0,
2320,CSC 299  01,IND STUDY COMPUTER SCI,1,Arr,AR:R M,ARR,Dschaffe ,1,/,1,0,0.1,0.1,
12,CWE 110  H1,INTERNSHIP,3,HYBRID - Arr,AR:R M,ARR,Tanderso ,24,/,25,0,4.8,4.4,
9644,DRMA&101  D1,INTRO TO THEATER,5,Online,-,-,Gnichols ,26,/,30,0,8.7,7,
9508,ECON&201  D1,MICRO ECONOMICS,5,Online,-,-,Thcook ,27,/,25,0,9,5.3,
9509,ECON&201  D9,MICRO ECONOMICS,5,Online,-,-,Thcook ,16,/,25,0,5.3,3.7,
2326,ECON&201  02,MICRO ECONOMICS,5,DAILY,9:00 AM,CC 3352,Dperry ,41,/,36,2,13.7,5,
2332,ECON&202  03,MACRO ECONOMICS,5,DAILY,10:00 AM,CC 3352,Dperry ,35,/,36,5,11.7,7.7,
9510,ECON&202  D1,MACRO ECONOMICS,5,Online,-,-,Thcook ,24,/,25,2,8,4,
1552,EDUC 200  02,PEER TUTORING,2,Arr,AR:R M,CC 1353A,Plippert ,1,/,10,0,0.1,0.1,
1550,EDUC 200  01,PEER TUTORING,5,Arr,AR:R M,LB 3234,Dtarker ,1,/,10,0,0.1,0.1,
,,,,,,,,,,,,,,
Item,Course ID,Title,CR,Days,Time,Room,Instructor,Enrolled,,,Wait,FTES,,
,,,,,,,,,,,List,TOTAL,STATE,
6020,EDUC&203  01,EXCEPTIONAL CHILD,3,Other,6:30 PM,IB 3327,Jkarshna ,16,/,25,0,3.2,3,
5305,EET 105  01N,INTRO TO TECHNOLOGY,3,T,6:00 PM,ED 1840A,Lwilkins ,28,/,32,0,5.6,5.4,
5309,EET 109  01N,MATH APP FOR CIRCUIT ANY,5,MW,6:00 PM,ED 1840A,Lwilkins ,29,/,32,0,9.7,9.7,
5310,EET 109  01,MATH APP FOR CIRCUIT ANY,5,DAILY,9:00 AM,ED 1840A,Lwilkins ,28,/,32,0,9.3,9,
5311,EET 112  01,FUND FLUID PWR & ALT ENG,5,MW,1:00 PM,ED 0843A,Fjump ,21,/,20,0,7,7,
5313,EET 114  01,APPLIED PHYSICS,5,TTh,6:00 PM,ED 0843A,Fjump ,7,/,24,0,2.3,2.3,
5317,EET 131  01,IT ESSENTIALS I A+ CERT,5,MTWTh,1:00 PM,ED 1745B,Cancel 01/15,0,/,24,0,0,0,
5315,EET 131  01N,IT ESSENTIALS I A+ CERT,5,Other,6:00 PM,ED 1745B,Adole ,27,/,24,5,9,8.7,
5319,EET 132  02N,IT ESSENTIALS A+ CRT ADV,5,Other,6:00 PM,ED 1745B,Tfiegenb ,21,/,28,0,7,6.3,
5318,EET 132  01,IT ESSENTIALS A+ CRT ADV,5,Other,1:00 PM,ED 1745B,Tfiegenb ,16,/,24,0,5.3,5.3,
5321,EET 135  01N,INTRO TO BROADBAND,5,Other,3:00 PM,ED 1745B,Tfiegenb ,17,/,20,0,5.7,5.3,
5325,EET 165  01,ANALOG CIRCTS/DEVICE I,5,MW,1:00 PM,ED 1840A,Lwilkins ,19,/,24,0,6.3,5.7,
5327,EET 166  01N,ANALOG CIRCTS/DEVICE II,5,TTh,6:00 PM,ED 2843A,Csanders ,27,/,24,0,9,9,
5330,EET 170  01,DIGITAL CIRCUITS I,5,MW,11:00 AM,ED 1840A,Djenkins ,27,/,24,0,9,8.3,
5335,EET 171  01,DIGITAL CIRCUITS II,5,TTh,1:00 PM,ED 2843A,Csanders ,13,/,24,0,4.3,4,
5340,EET 252  01,MICROPROCESSOR FUNDTL II,5,TTh,10:00 AM,ED 1840A,Csanders ,21,/,24,0,7,7,
5348,EET 297  01,BIOMEDICAL TECHNICIAN,4,Arr,AR:R M,IB 2318D,Lwilkins ,8,/,15,0,2.1,2.1,
5349,EET 298  01,SPECIAL TOPICS-ELEC.TECH,5,Arr,AR:R M,IB 2318D,Lwilkins ,1,/,3,0,0.1,0.1,
1230,ENGL 080  01,ENGLISH SKILLS SHOP,2,Arr,AR:R M,LB 3234,Dtarker ,60,/,80,0,8,3.5,
1242,ENGL 095  01,COLL PREP READ STUDY III,5,DAILY,10:00 AM,CC 3360,Lmccracken ,30,/,28,4,10,3.3,
,,,,,,,,,,,,,,
Item,Course ID,Title,CR,Days,Time,Room,Instructor,Enrolled,,,Wait,FTES,,
,,,,,,,,,,,List,TOTAL,STATE,
1243,ENGL 096  01,COLL PREP READ STUDY III,5,DAILY,11:00 AM,CC 3360,Lmccracken ,30,/,28,4,10,3.3,
1252,ENGL 097  02,COLLEGE PREP WRITING IV,5,DAILY,11:00 AM,CC 3350,Dma ,30,/,28,2,10,3.3,
1253,ENGL 098  02,COLLEGE PREP READING IV,5,DAILY,12:00 PM,CC 3350,Dma ,30,/,28,2,10,3.3,
1260,ENGL 099  01,COLLEGE PREP WRITING V,5,Other,12:00 PM,CC 3349,Tchung ,31,/,28,4,10.3,5.3,
1276,ENGL&101  04,ENGLISH COMPOSITION I,5,DAILY,10:00 AM,IB 3416,Cscheuer ,27,/,28,1,9,4.7,
1288,ENGL&101  08,ENGLISH COMPOSITION I,5,MW,6:00 PM,CC 3349,Ckiely ,24,/,28,1,8,7,
1271,ENGL&101  02,ENGLISH COMPOSITION I,5,DAILY,8:00 AM,CC 3449,Cscheuer ,26,/,28,3,8.7,4,
1282,ENGL&101  05,ENGLISH COMPOSITION I,5,DAILY,11:00 AM,IB 3416,Squig ,29,/,28,8,9.7,3.7,
1272,ENGL&101  03,ENGLISH COMPOSITION I,5,DAILY,9:00 AM,CC 3360,Squig ,23,/,28,2,7.7,4.3,
1283,ENGL&101  06,ENGLISH COMPOSITION I,5,Other,11:00 AM,CC 3349,Tchung ,31,/,28,0,10.3,5.3,
1270,ENGL&101  01,ENGLISH COMPOSITION I,5,DAILY,8:00 AM,CC 3350,Ckiely ,29,/,28,0,9.7,7,
1278,ENGL&101  04H,ENGLISH COMPOSITION I,5,HYBRID - MWF,10:00 AM,CC 3350,Theinlein ,28,/,28,1,9.3,6.3,
1284,ENGL&101  07,ENGLISH COMPOSITION I,5,DAILY,12:00 PM,IB 3416,Squig ,29,/,28,6,9.7,3.7,
9620,ENGL&101  D1,ENGLISH COMPOSITION I,5,Online,-,-,Jclapp ,25,/,25,4,8.3,8,
9621,ENGL&101  D2,ENGLISH COMPOSITION I,5,Online,-,-,Gnovember ,22,/,25,4,7.3,6.7,
9622,ENGL&101  D3,ENGLISH COMPOSITION I,5,Online,-,-,Cscheuer ,23,/,25,2,7.7,6.7,
9624,ENGL&102  D2,COMPOSITION II,5,Online,-,-,Jclapp ,20,/,25,1,6.7,4.7,
9623,ENGL&102  D1,COMPOSITION II,5,Online,-,-,Jclapp ,22,/,25,0,7.3,5.7,
1294,ENGL&102  04,COMPOSITION II,5,Other,11:00 AM,CC 3460,Jameswilson ,23,/,28,0,7.7,6.3,
1296,ENGL&102  05,COMPOSITION II,5,Other,11:00 AM,CC 3450,Kmcclanahan ,25,/,28,0,8.3,3.3,
,,,,,,,,,,,,,,
Item,Course ID,Title,CR,Days,Time,Room,Instructor,Enrolled,,,Wait,FTES,,
,,,,,,,,,,,List,TOTAL,STATE,
1297,ENGL&102  06,COMPOSITION II,5,DAILY,12:00 PM,CC 3445,Jjewell ,23,/,28,0,7.7,5.3,
1300,ENGL&102  08,COMPOSITION II,5,Other,6:00 PM,CC 3349,Bgutierrez ,25,/,28,0,8.3,5.7,
1293,ENGL&102  03,COMPOSITION II,5,Other,9:00 AM,IB 3416,Mtenenba ,28,/,28,0,9.3,6.7,
1292,ENGL&102  02,COMPOSITION II,5,DAILY,9:00 AM,CC 3350,Thetland ,30,/,28,7,10,2.3,
1298,ENGL&102  07,COMPOSITION II,5,Other,12:00 PM,CC 3450,Kmcclanahan ,29,/,28,3,9.7,4,
1290,ENGL&102  01,COMPOSITION II,5,Other,8:00 AM,CC 3360,Jameswilson ,28,/,28,0,9.3,6.3,
1304,ENGL 104  01,ADVANCED ENGLISH GRAMMAR,5,Other,12:00 PM,CC 3360,Mtenenba ,16,/,30,0,5.3,3.3,
1201,ENGL&230  01,TECHNICAL WRITING,3,MW,11:00 AM,IB 3327,Thetland ,27,/,25,1,5.4,5,
1202,ENGL&230  02,TECHNICAL WRITING,3,Other,6:30 PM,IB 3408,Kteal ,17,/,25,0,3.4,3,
1313,ENGL 258  01,LIT OF US CULTURES,5,DAILY,9:00 AM,CC 3343,Dma ,32,/,35,0,10.7,4,
1324,ENGL 299  01,INDEPENDENT STUDY,3,Arr,AR:R M,IB 2309B,Lmccracken ,2,/,2,0,0.4,0.4,
1326,ENGL 299  02,INDEPENDENT STUDY,5,Arr,AR:R M,ARR,Jjewell ,1,/,5,0,0.3,0.3,
2340,ENGR&204  02,ELECTRICAL CIRCUITS,5,TWTh,9:00 AM,IB 3430,Voffenba ,30,/,32,0,10,7.3,
2342,ENGR&215  04,DYNAMICS,5,DAILY,11:00 AM,CC 3443,Dschaffe ,26,/,32,0,8.7,6,
2354,ENVS 150  03,ENVIRONMNTL ISSUES/PROBL,5,DAILY,10:00 AM,IB 3327,Jfigge ,38,/,36,1,12.7,8.3,
9514,ENVS 150  D1,ENVIRONMNTL ISSUES/PROBL,5,Online,-,-,Bsaunder ,22,/,25,3,7.3,6.7,
1340,ESL 011  01,ESL - LEVEL 1A,10,DAILY,9:00 AM,CC 3460,Shotting ,19,/,32,0,12.7,12.7,
1352,ESL 012  01,ESL - LEVEL 1B,10,DAILY,9:00 AM,CC 3359,Jbauer ,27,/,32,0,18,18,
1358,ESL 015  70,BASIC LITERACY LEVEL 1,5,DAILY,12:00 PM,IB 3415,Pcosko ,29,/,32,0,9.5,9.5,
1360,ESL 016  01,ESL-SPEAKING/LISTENING 1,5,DAILY,11:00 AM,IB 3415,Pcosko ,39,/,32,0,12.7,12.7,
,,,,,,,,,,,,,,
Item,Course ID,Title,CR,Days,Time,Room,Instructor,Enrolled,,,Wait,FTES,,
,,,,,,,,,,,List,TOTAL,STATE,
1361,ESL 016  02,ESL-SPEAKING/LISTENING 1,5,DAILY,11:00 AM,IB 3428,Cancel 01/23,0,/,32,0,0,0,
1364,ESL 021  01,ESL - LEVEL 2A,10,DAILY,12:00 PM,IB 3428,Aalfaiz ,28,/,32,0,18.5,18.5,
1365,ESL 021  02,ESL - LEVEL 2A,10,MTWTh,6:30 PM,CC 3460,Bfraley ,32,/,32,0,21.3,21.3,
1367,ESL 022  01,ESL - LEVEL 2B,10,DAILY,12:00 PM,IB 3413,Jeaton ,17,/,32,0,11.1,11.1,
1368,ESL 022  02,ESL - LEVEL 2B,10,MTWTh,6:30 PM,LB 1128,Mreynolds ,31,/,32,0,20.7,20.7,
1370,ESL 025  70,FOCUS ON WRITING LEVEL 2,5,DAILY,10:00 AM,IB 3413,Annakim ,25,/,32,0,8.3,8.3,
1372,ESL 026  01,ESL-SPEAKING/LISTENING 2,5,DAILY,11:00 AM,IB 3428,Tellsworth ,23,/,32,0,7.7,7.7,
1377,ESL 031  01,ESL - LEVEL 3A,10,DAILY,12:00 PM,CC 3343,Jbarton ,24,/,32,0,16,16,
1378,ESL 031  01,ESL - LEVEL 3A - R & W,5,MW,6:30 PM,CC 3350,Cromanik ,29,/,32,0,9.5,9.5,
1380,ESL 032  01,ESL - LEVEL 3B,10,DAILY,12:00 PM,CC 3359,Stuinstr ,30,/,32,0,20,20,
1381,ESL 032  01,ESL - LEVEL 3B - R & W,5,MW,6:30 PM,IB 3330,Janderso ,29,/,32,0,9.7,9.7,
1383,ESL 035  70,FOCUS ON WRITING 3,5,Other,10:00 AM,IB 3428,Sremilien ,14,/,32,0,4.7,4.7,
1391,ESL 041  01,ESL LEVEL 4A - R & W,5,MW,6:30 PM,CC 3357,Kliu ,28,/,32,0,9.3,9.3,
1390,ESL 041  01,ESL LEVEL 4A,10,DAILY,12:00 PM,CC 3449,Cbonney ,27,/,32,0,18,18,
1394,ESL 042  01,ESL LEVEL 4B - R & W,5,MW,6:30 PM,IB 3416,Kbarker ,31,/,32,0,10.3,10.3,
1393,ESL 042  01,ESL - LEVEL 4B,10,DAILY,12:00 PM,LB 1128,Ljensen ,25,/,32,0,16.7,16.7,
1396,ESL 045  70,FOCUS ON WRITING LEVEL 4,5,DAILY,10:00 AM,CC 3349,Tbelgace ,19,/,32,0,6.3,6.3,
1400,ESL 051  01,ESL - LEVEL 5A,10,DAILY,8:00 AM,IB 3428,Aalfaiz ,23,/,32,0,15.3,15.3,
1401,ESL 051  01,ESL LEVEL 5A - R & W,5,MW,6:30 PM,CC 3343,Schai ,24,/,32,0,8,8,
1404,ESL 052  01,ESL - LEVEL 5B,10,Other,9:00 AM,LB 1128,Kmclaren ,27,/,32,0,18,18,
,,,,,,,,,,,,,,
Item,Course ID,Title,CR,Days,Time,Room,Instructor,Enrolled,,,Wait,FTES,,
,,,,,,,,,,,List,TOTAL,STATE,
1405,ESL 052  01,ESL LEVEL 5B - R & W,5,MW,6:30 PM,IB 3415,Abradford ,18,/,32,0,6,6,
1491,ESL 068  01,EDUC'L INTERVIEW FOR ESL,0,T,1:15 PM,IB 3317,Vwright ,38,/,50,0,0.8,0.8,
1492,ESL 068  02,EDUC'L INTERVIEW FOR ESL,0,T,5:45 PM,IB 3316,Vwright ,32,/,50,0,0.6,0.6,
1493,ESL 068  03,EDUC'L INTERVIEW FOR ESL,0,F,8:45 AM,IB 3330,Vwright ,25,/,50,0,0.5,0.5,
1494,ESL 068  04,EDUC'L INTERVIEW FOR ESL,0,F,11:45 AM,IB 3327,Vwright ,69,/,50,0,1.4,1.4,
1497,ESL 068  07,MDUC'L INTERVIEW FOR ESL,0,Arr,AR:R M,OC,Lnausner ,6,/,50,0,0.1,0.1,
1495,ESL 068  05,EDUC'L INTERVIEW FOR ESL,0,F,11:45 AM,IB 3327,Vwright ,17,/,50,0,0.3,0.3,
1498,ESL 068  08,EDUCATIONAL INTERVIEW,0,Arr,AR:R M,ARR,Vwright ,0,/,40,0,0,0,
1496,ESL 068  06,EDUC'L INTERVIEW FOR ESL,0,Arr,AR:R M,ARR,Vwright ,12,/,50,0,0.3,0.3,
1428,ESL 069  I3,VOCATIONAL ESL ACCOUNT,3,Other,9:00 AM,IB 3307,Mlieberg ,7,/,32,0,1.4,1.4,
1499,ESL 083  01,STRATEGIC LEARNING,5,DAILY,9:00 AM,CC 3446,Jbarton ,8,/,28,0,2.7,2.7,
6404,FAM 148  04,PARENT ED: 0-12 MONTHS,2,Arr,AR:R M,OC,Iwagner ,20,/,20,0,3.3,3.3,
6091,FAM 149  91,2ND PARENT CHLDSTDY/LAB,1,Arr,AR:R M,OC,Jward ,0,/,3,0,0,0,
6048,FAM 149  48,2ND PARENT CHLDSTDY/LAB,1,Arr,AR:R M,ARR,Abaumgarten ,0,/,3,0,0,0,
6417,FAM 158  17,PARENT ED.: 12-24 MONTHS,2,Arr,AR:R M,OC,Sconnors ,20,/,20,0,3.3,3.3,
6433,FAM 168  33,PARENT ED.: 24-36 MONTHS,2,Arr,AR:R M,OC,Mmulcahy ,20,/,20,0,3.3,3.3,
9350,FAM 180  D1,SPEC. TOPICS FOR PARENTS,5,Online,-,-,Slooper ,19,/,18,0,6.3,6.3,
6454,FAM 188  54,PARENT ED.: 48-72 MONTHS,3,Arr,AR:R M,OC,Mmulcahy ,20,/,20,0,4,4,
6464,FAM 198  64,PARENT ED.: SPECIAL PROG,2,Arr,AR:R M,OC,Bethgoss ,19,/,20,0,3.2,3.2,
6461,FAM 198  61,PARENT ED.: SPECIAL PROG,2,Arr,AR:R M,OC,Ccrowser ,20,/,20,0,3.3,3.3,
,,,,,,,,,,,,,,
Item,Course ID,Title,CR,Days,Time,Room,Instructor,Enrolled,,,Wait,FTES,,
,,,,,,,,,,,List,TOTAL,STATE,
6469,FAM 198  69,PARENT ED.: SPECIAL PROG,2,W,7:00 PM,OC,Cancel 03/21,0,/,20,0,0,0,
6455,FAM 198  55,PARENT ED.: SPECIAL PROG,2,Arr,AR:R M,OC,Maabbott ,20,/,20,0,3.3,3.3,
6459,FAM 198  59,PARENT ED.: SPECIAL PROG,2,Arr,AR:R M,OC,Lleiker ,17,/,20,0,2.8,2.8,
6474,FAM 198  74,PARENT ED.: SPECIAL PRG.,2,Arr,AR:R M,OC,Thino ,23,/,20,0,3.1,3.1,
1720,FRCH&122  01,FRENCH II,5,DAILY,11:00 AM,IB 3426,Sbernhar ,13,/,30,0,4.3,3.3,
1722,FRCH&123  01,FRENCH III,5,DAILY,10:00 AM,IB 3426,Sbernhar ,17,/,30,0,5.7,4.3,
3170,GEOG&200  01,HUMAN GEOGRAPHY,5,DAILY,11:00 AM,CC 3352,Akelly ,27,/,36,0,9,6.7,
9516,GEOL&101  D1,PHYSICAL GEOLOGY,5,Online,-,-,Mharrell ,25,/,25,6,8.3,4.7,
2370,GEOL&101  05,PHYSICAL GEOLOGY,5,MW,12:00 PM,AS 1623,Jfigge ,30,/,32,1,10,8.3,
2380,GEOL 118  09,VOLCANO FIELD DAY,1,Arr,AR:R M,OC,Jfigge ,20,/,22,7,1.3,1.3,
3804,HDC 100  02,CAREER PLAN/PERSNL EVALU,2,TTh,11:00 AM,CC 3446,Hoffman-robi,22,/,20,0,2.9,2.1,
9334,HDC 100  D1,CAREER PLAN/PERSNL EVALU,2,Online,-,-,Jmao ,24,/,25,0,3.2,2.9,
3825,HDC 125  01,LEARNING STRATEGY MATH,2,TTh,11:00 AM,IB 3422,Jmao ,26,/,32,0,3.5,3.3,
9518,HEA 150  D1,HEALTH & HUMAN SEXUALITY,5,Online,-,-,Troot ,26,/,25,0,8.7,7,
9519,HEA 150  D2,HEALTH & HUMAN SEXUALITY,5,Online,-,-,Troot ,25,/,25,0,8.3,7,
5932,HIN 132  01,WT III: WATCH GEAR TRAIN,6,,7:30 AM,IB 3420,Erolf ,5,/,12,0,2,2,
5933,HIN 133  01,WT III: PRACTICUM,10,MTWTh,7:30 AM,IB 3420,Erolf ,5,/,12,0,3.3,3.3,
5971,HIN 231  01,WT VII: ADV PREC TIMING,6,MTWTh,7:30 AM,IB 3319,Egresseth ,10,/,12,0,4,4,
5972,HIN 232  01,WT VII: CHRONOGRAPHS,6,MTWTh,7:30 AM,IB 3319,Egresseth ,10,/,12,0,4,4,
5973,HIN 233  01,WT VII: PRACTICUM,10,MTWTh,7:30 AM,IB 3319,Egresseth ,10,/,12,0,6.7,6.7,
,,,,,,,,,,,,,,
Item,Course ID,Title,CR,Days,Time,Room,Instructor,Enrolled,,,Wait,FTES,,
,,,,,,,,,,,List,TOTAL,STATE,
9562,HIST&128  D1,WORLD CIVILIZATIONS III,5,Online,-,-,Srausch ,24,/,25,3,8,7.7,
9564,HIST&146  D1,US HISTORY I: TO 1800,5,Online,-,-,Srausch ,21,/,25,2,7,3.7,
3230,HIST&147  H1,US HISTORY II:1800-1900,5,HYBRID - MTWTh,8:00 AM,CC 3357,Mnutting ,22,/,36,0,7.3,2.3,
3240,HIST&148  01,US HIST III:1900-PRESENT,5,DAILY,11:00 AM,CC 3357,Srausch ,26,/,36,0,8.7,6,
3250,HIST&148  H1,US HIST III:1900-PRESENT,5,HYBRID - T,6:00 PM,CC 3357,Bbrubake ,22,/,36,0,7.3,5,
1504,HUM 104  01,VISUAL THINKING,5,MW,1:00 PM,LB 1131,Jharradi ,31,/,35,0,10.3,5.3,
1520,HUM 110  01,INTRODUCTION TO FILM,5,Other,11:00 AM,LB 1141,Jclapp ,23,/,35,0,7.7,6,
9638,HUM 140  D1,TRANSNATIONAL CINEMA,5,Online,-,-,Jharradi ,25,/,25,0,8.3,7,
5250,HVC 101  H1,ESSENTIALS OF HVAC,5,HYBRID - T,5:30 PM,ED 0845B,Mweber ,14,/,24,0,4.7,4.3,
5251,HVC 212  H1,COOLING HEATING SYS SV 2,5,HYBRID - W,5:30 PM,ED 0845B,Mweber ,11,/,24,0,3.7,3.7,
5252,HVC 220  H1,GREEN HVAC,3,HYBRID - M,5:30 PM,ED 0845B,Caodahl ,12,/,25,0,2.4,2.4,
1235,ISD 200  01,ORIENTATN TO AMERICAN CL,2,Th,2:00 PM,LB 1141,Macobnash ,43,/,75,0,5.7,0,
3278,ISP 201  01,INTRO TO POLITICAL ECON,5,DAILY,10:00 AM,CC 3446,Cancel 03/22,0,/,36,0,0,0,
9456,IT 101  D1,SOFTWARE APPLICATIONS,5,Online,-,-,Bcampbel ,24,/,25,9,8,7.7,
9457,IT 111  D1,INTERNET AND WEB AUTHORI,5,Online,-,-,Jkent ,30,/,25,0,10,8,
5612,IT 142  01,NETWORK MGMT - CISCO I,5,MW,3:00 PM,ED 2841A,Mrice ,24,/,24,3,8,7.7,
5614,IT 146  01N,NETWORK MGMT - CISCO III,5,MW,6:00 PM,ED 2841A,Mrice ,22,/,24,0,7.3,7.3,
5616,IT 220  01N,DESKTOP MGMT VIRTUALIZAT,5,TTh,6:00 PM,ED 2841A,Kegan ,15,/,24,0,5,5,
1744,ITAL 122  01,ITALIAN II,5,Other,10:00 AM,ED 0840C,Vrzhondkovsk,18,/,30,0,6,5,
1750,JAPN&122  01,JAPANESE II,5,DAILY,9:00 AM,CC 3450,Cancel 03/22,0,/,30,0,0,0,
,,,,,,,,,,,,,,
Item,Course ID,Title,CR,Days,Time,Room,Instructor,Enrolled,,,Wait,FTES,,
,,,,,,,,,,,List,TOTAL,STATE,
1752,JAPN&123  01,JAPANESE III,5,Other,10:00 AM,CC 3450,Kyamaguchi ,14,/,30,0,4.7,2.3,
9484,LIB 180  WOL,RESEARCH FOR 21ST CENTRY,5,Online,-,-,Wa-on-line ,2,/,0,0,0.7,0.7,
2402,MATH 081  01,BASIC MATH SKILLS,5,DAILY,8:00 AM,CC 3455,Abeckwith ,24,/,32,0,8,6.7,
9520,MATH 081  D1,BASIC MATH SKILLS,5,Online,-,-,Baschenb ,23,/,25,0,7.7,7.7,
2406,MATH 081  Z3,BASIC MATH SKILLS,5,DAILY,10:00 AM,IB 3422,Bcampbel ,26,/,32,0,8.7,8.3,
2410,MATH 081  08,BASIC MATH SKILLS,5,MW,6:00 PM,CC 3457,Abeckwith ,23,/,32,0,7.7,7,
2414,MATH 084  02,ALGEBRA I,5,DAILY,9:00 AM,CC 3459,Fgarcia ,31,/,32,2,10.3,10,
2418,MATH 084  03,ALGEBRA I,5,DAILY,10:00 AM,CC 3457,Sdwilson ,23,/,32,0,7.7,7.3,
2422,MATH 084  05,ALGEBRA I,5,MTWTh,12:00 PM,CC 3457,Plippert ,32,/,32,1,10.7,10,
2426,MATH 084  09,ALGEBRA I,5,TTh,6:00 PM,CC 3457,Rwells ,32,/,32,0,10.7,9.7,
9522,MATH 084  D1,ALGEBRA I,5,Online,-,-,Bgoldner ,24,/,25,3,8,8,
9524,MATH 085  D1,ALGEBRA II,5,Online,-,-,Bgoldner ,23,/,25,0,7.7,7.3,
2442,MATH 085  08,ALGEBRA II,5,MW,6:00 PM,CC 3459,Rrobins ,16,/,32,0,5.3,5,
2430,MATH 085  02,ALGEBRA II,5,DAILY,9:00 AM,CC 3457,Emurphy ,32,/,32,2,10.7,10,
2434,MATH 085  03,ALGEBRA II,5,DAILY,10:00 AM,CC 3457,Sdwilson ,19,/,32,0,6.3,6,
2438,MATH 085  04,ALGEBRA II,5,DAILY,11:00 AM,CC 3455,Fgarcia ,26,/,32,0,8.7,8.7,
2450,MATH 089  02,MATH LEARNING CENTER,2,Arr,AR:R M,OC,Plippert ,44,/,32,6,5.9,5.7,
2446,MATH 089  01,MATH LEARNING CENTER,1,Arr,AR:R M,OC,Plippert ,6,/,25,0,0.4,0.4,
9526,MATH 090  D1,MATHEMATICAL MODULES,5,Online,-,-,Dli ,21,/,25,1,2.8,2.8,
9528,MATH 097  D1,ELEMENTARY ALGEBRA,5,Online,-,-,Plippert ,22,/,25,0,7.3,7.3,
,,,,,,,,,,,,,,
Item,Course ID,Title,CR,Days,Time,Room,Instructor,Enrolled,,,Wait,FTES,,
,,,,,,,,,,,List,TOTAL,STATE,
2454,MATH 097  03,ELEMENTARY ALGEBRA,5,DAILY,10:00 AM,CC 3353,Mgaul ,28,/,32,0,9.3,7.3,
2470,MATH 098  04,INTERMEDIATE ALGEBRA,5,DAILY,11:00 AM,CC 3445,Ejasso ,31,/,32,4,10.3,10,
2462,MATH 098  01,INTERMEDIATE ALGEBRA,5,DAILY,8:00 AM,CC 3457,Emurphy ,31,/,32,6,10.3,10.3,
2466,MATH 098  Z2,INTERMEDIATE ALGEBRA,5,MTWTh,9:00 AM,AS 1623,Bgoldner ,23,/,32,0,7.7,7,
2474,MATH 098  09,INTERMEDIATE ALGEBRA,5,TTh,6:00 PM,CC 3455,Nphouphakone,32,/,32,0,10.7,9.7,
9530,MATH 098  D1P,INTERMEDIATE ALGEBRA,5,Online,-,-,Dbrannan ,23,/,25,0,7.7,7.7,
9531,MATH 098  D2P,INTERMEDIATE ALGEBRA,5,Online,-,-,Dbrannan ,23,/,25,0,7.7,7.3,
2478,MATH&107  03,MATH IN SOCIETY,5,DAILY,10:00 AM,CC 3453,Rjenne ,22,/,32,0,7.3,5.7,
9534,MATH 116  D1,APPL MATH TO MGT LIFE SC,5,Online,-,-,Dli ,29,/,25,2,9.7,4.7,
2520,MATH 116  01,APPL MATH TO MGT LIFE SC,5,MTWTh,7:45 AM,CC 3445,Cancel 03/22,0,/,32,0,0,0,
2524,MATH 116  06,APPL MATH TO MGT LIFE SC,5,MTWTh,1:15 PM,CC 3355,Jdesoto ,29,/,32,3,9.7,3.3,
2530,MATH&141  01,PRECALCULUS I,5,DAILY,8:00 AM,CC 3443,Pkurose ,35,/,32,5,11.7,9.3,
2538,MATH&141  05,PRECALCULUS I,5,MTWTh,12:00 PM,CC 3355,Jdesoto ,29,/,32,4,9.7,7.7,
2542,MATH&141  08,PRECALCULUS I,5,MW,6:00 PM,CC 3455,Akeel ,30,/,32,7,10,9,
2534,MATH&141  03,PRECALCULUS I,5,DAILY,10:00 AM,CC 3443,Akeel ,30,/,32,7,10,7.3,
2556,MATH&142  08,PRECALCULUS II,5,MW,6:00 PM,CC 3453,Msalari ,22,/,32,0,7.3,5.3,
2552,MATH&142  05,PRECALCULUS II,5,MTWTh,12:00 PM,CC 3353,Hwatts ,31,/,32,0,10.3,8,
2546,MATH&142  02,PRECALCULUS II,5,DAILY,9:00 AM,CC 3355,Hli ,25,/,32,0,8.3,6.3,
9532,MATH&146  D1,INTRODUCTION TO STATS,5,Online,-,-,Pkurose ,27,/,25,14,9,9,
2568,MATH&146  09,INTRO TO STATISTICS,5,Other,6:00 PM,CC 3453,Mkuczynski ,32,/,32,0,10.7,9,
,,,,,,,,,,,,,,
Item,Course ID,Title,CR,Days,Time,Room,Instructor,Enrolled,,,Wait,FTES,,
,,,,,,,,,,,List,TOTAL,STATE,
2560,MATH&146  02,INTRO TO STATISTICS,5,DAILY,9:00 AM,CC 3353,Pkurose ,30,/,32,0,10,8.7,
2564,MATH&146  05,INTRO TO STATISTICS,5,MTWTh,12:00 PM,CC 3455,Rjenne ,30,/,32,0,10,8.7,
2576,MATH&148  04,BUSINESS CALCULUS,5,DAILY,11:00 AM,CC 3453,Baschenb ,29,/,32,0,9.7,5.3,
2572,MATH&148  01,BUSINESS CALCULUS,5,MTWTh,7:45 AM,CC 3353,Hwatts ,32,/,32,0,10.7,3,
2580,MATH&148  08,BUSINESS CALCULUS,5,MW,6:00 PM,CC 3355,Nkholomyeva ,20,/,32,0,6.7,3,
2584,MATH&151  02,CALCULUS I,5,DAILY,9:00 AM,CC 3453,Rjenne ,31,/,32,2,10.3,7,
2588,MATH&151  04,CALCULUS I,5,DAILY,11:00 AM,CC 3353,Mgaul ,31,/,32,12,10.3,4.3,
2590,MATH&151  04A,CALCULUS I,5,DAILY,11:00 AM,CC 3355,Hli ,21,/,32,0,7,3.7,
2592,MATH&151  06,CALCULUS I,5,MTWTh,1:15 PM,CC 3353,Mgaul ,28,/,32,7,9.3,4.7,
2596,MATH&151  09,CALCULUS I,5,TTh,6:00 PM,CC 3355,Nkholomyeva ,28,/,32,0,9.3,6.3,
2604,MATH&152  05,CALCULUS II,5,MTWTh,12:00 PM,CC 3443,Ejasso ,29,/,32,0,9.7,4,
2600,MATH&152  02,CALCULUS II,5,DAILY,9:00 AM,CC 3443,Ejasso ,25,/,32,0,8.3,4,
2608,MATH&152  08,CALCULUS II,5,MW,6:00 PM,CC 3353,Hli ,24,/,32,0,8,5.3,
2612,MATH&153  01,CALCULUS III,5,MTWTh,7:45 AM,CC 3453,Cancel 03/14,0,/,32,0,0,0,
2616,MATH&153  03,CALCULUS III,5,DAILY,10:00 AM,CC 3455,Dli ,36,/,32,0,12,6.7,
2624,MATH&153  09,CALCULUS III,5,TTh,6:00 PM,CC 3353,Hwatts ,24,/,32,0,8,6,
2620,MATH&153  06,CALCULUS III,5,MTWTh,1:00 PM,IB 3430,Dbrannan ,33,/,32,3,11,5.3,
2626,MATH 211  02,ELEMENTS OF STATISTICAL,5,DAILY,9:00 AM,CC 3455,Dli ,14,/,32,0,4.7,2.3,
2628,MATH 220  08,LINEAR ALGEBRA,5,MW,6:00 PM,IB 3430,Dbrannan ,35,/,32,0,11.7,8,
2632,MATH 224  08,VECTOR CALCULUS,5,MW,6:00 PM,CC 3445,Ejasso ,33,/,32,4,11,7.3,
,,,,,,,,,,,,,,
Item,Course ID,Title,CR,Days,Time,Room,Instructor,Enrolled,,,Wait,FTES,,
,,,,,,,,,,,List,TOTAL,STATE,
2636,MATH 238  03,DIFFERENTIAL EQUATIONS,5,DAILY,10:00 AM,CC 3355,Hli ,26,/,32,0,8.7,6,
2640,MATH 239  02,LINEAR SYSTEMS OF DIFFER,5,DAILY,9:00 AM,CC 3343,Cancel 03/21,0,/,32,0,0,0,
2700,MEY 100  05,METEOROLOGY,5,TTh,12:00 PM,AS 1623,Cancel 03/13,0,/,24,0,0,0,
9640,MUSC 110  D1,INTRO TO WORLD MUSIC,5,Online,-,-,Bpalmer ,26,/,25,5,8.7,5.7,
9642,MUSC 113  D1,MUSIC IN THE U.S.,5,Online,-,-,Awoodbur ,24,/,25,2,8,6.7,
1605,MUSC 113  01,MUSIC IN THE U.S.,5,Other,10:00 AM,LB 1142,Bpalmer ,36,/,35,0,12,6.7,
1609,MUSC 119  01,BEG. GROUP INST: VOICE,2,MWF,12:00 PM,LB 1142,Cgrayson ,17,/,30,0,2.3,1.1,
1658,MUSC 130  02,IND. INSTRUCTION SERIES,2,Arr,AR:R M,IB 2407C,Cgrayson ,3,/,10,0,0.4,0.3,
1660,MUSC 130  04,IND. INSTRUCTION SERIES,2,Arr,AR:R M,IB 2407C,STAFF,0,/,10,0,0,0,
1657,MUSC 130  01,IND. INSTRUCTION SERIES,2,Arr,AR:R M,IB 2407C,White ,1,/,10,0,0,0,
1661,MUSC 130  05,IND. INSTRUCTION SERIES,2,Arr,AR:R M,IB 2407C,STAFF,0,/,10,0,0,0,
1659,MUSC 130  03,IND. INSTRUCTION SERIES,2,Arr,AR:R M,IB 2407C,Dgeorge ,1,/,10,0,0,0,
1684,MUSC 134  04,IND. INST: WOODWINDS,2,Arr,AR:R M,IB 2407C,STAFF,0,/,10,0,0,0,
1681,MUSC 134  01,IND. INST: WOODWINDS,2,Arr,AR:R M,IB 2407C,Jolivet ,0,/,10,0,0,0,
1682,MUSC 134  02,IND. INST: WOODWINDS,2,Arr,AR:R M,IB 2407C,Stone ,0,/,10,0,0,0,
1683,MUSC 134  03,IND. INST: WOODWINDS,2,Arr,AR:R M,IB 2407C,Stone ,0,/,10,0,0,0,
1688,MUSC 135  03,IND. INST: PERCUSSION,2,Arr,AR:R M,IB 2407C,Dgeorge ,2,/,10,0,0.3,0.3,
1687,MUSC 135  02,IND. INST: PERCUSSION,2,Arr,AR:R M,IB 2407C,Vannoy ,0,/,10,0,0,0,
1686,MUSC 135  01,IND. INST: PERCUSSION,2,Arr,AR:R M,IB 2407C,Hartman ,1,/,10,0,0.1,0.1,
1692,MUSC 138  01,INDIVIDUAL INST: GUITAR,2,Arr,AR:R M,IB 2407C,Catford ,1,/,10,0,0.1,0.1,
,,,,,,,,,,,,,,
Item,Course ID,Title,CR,Days,Time,Room,Instructor,Enrolled,,,Wait,FTES,,
,,,,,,,,,,,List,TOTAL,STATE,
1693,MUSC 138  02,INDIVIDUAL INST: GUITAR,2,Arr,AR:R M,IB 2407C,Sawyer ,1,/,10,0,0,0,
1694,MUSC 138  03,INDIVIDUAL INST: GUITAR,2,Arr,AR:R M,IB 2407C,Catford ,0,/,10,0,0,0,
1695,MUSC 138  04,INDIVIDUAL INST: GUITAR,2,Arr,AR:R M,IB 2407C,Sawyer ,2,/,10,0,0.3,0.1,
1696,MUSC 139  01,INDIVIDUAL INST: HARP,2,Arr,AR:R M,IB 2407C,Jaeger ,0,/,10,0,0,0,
1621,MUSC 140  01,COLLEGE CHOIR,5,DAILY,11:00 AM,LB 1142,Bpalmer ,61,/,70,0,19.9,3.3,
1628,MUSC 154  01,SYMPHONIC BAND,2,M,7:30 PM,LB 1142,Charshman ,0,/,50,0,0,0,
1667,MUSC 171  03,IND. INSTRUCTIONT: PIANO,2,Arr,AR:R M,IB 2407C,Tmaki ,1,/,10,0,0.1,0.1,
1665,MUSC 171  01,IND. INSTRUCTION: PIANO,2,Arr,AR:R M,IB 2407C,Ljeon ,11,/,15,0,1.1,0.2,
1666,MUSC 171  02,IND. INSTRUCTION: PIANO,2,Arr,AR:R M,IB 2407C,STAFF,0,/,10,0,0,0,
1669,MUSC 172  01,INDIVIDUAL INST: STRINGS,2,Arr,AR:R M,IB 2407C,Johnson ,1,/,10,0,0.1,0.1,
1670,MUSC 172  02,INDIVIDUAL INST: STRINGS,2,Arr,AR:R M,IB 2407C,Catford ,0,/,10,0,0,0,
1672,MUSC 172  04,INDIVIDUAL INST: STRINGS,2,Arr,AR:R M,IB 2407C,Zadrozny ,0,/,10,0,0,0,
1671,MUSC 172  03,INDIVIDUAL INST: STRINGS,2,Arr,AR:R M,IB 2407C,Funk ,0,/,10,0,0,0,
1678,MUSC 173  05,INDIVIDUAL INST: BRASS,2,Arr,AR:R M,IB 2407C,STAFF,0,/,10,0,0,0,
1679,MUSC 173  06,INDIVIDUAL INST: BRASS,2,Arr,AR:R M,IB 2407C,Dgeorge ,0,/,10,0,0,0,
1675,MUSC 173  02,INDIVIDUAL INST: BRASS,2,Arr,AR:R M,IB 2407C,Bpalmer ,0,/,10,0,0,0,
1676,MUSC 173  03,INDIVIDUAL INST: BRASS,2,Arr,AR:R M,IB 2407C,Schultz ,0,/,10,0,0,0,
1674,MUSC 173  01,INDIVIDUAL INST: BRASS,2,Arr,AR:R M,IB 2407C,Landerso ,0,/,10,0,0,0,
1677,MUSC 173  04,INDIVIDUAL INST: BRASS,2,Arr,AR:R M,IB 2407C,Schultz ,0,/,10,0,0,0,
1632,MUSC 204  01,HISTORY OF JAZZ,5,Other,5:30 PM,LB 1131,Bpalmer ,39,/,35,3,13,4,
,,,,,,,,,,,,,,
Item,Course ID,Title,CR,Days,Time,Room,Instructor,Enrolled,,,Wait,FTES,,
,,,,,,,,,,,List,TOTAL,STATE,
1640,MUSC 299  01,PRACTICUM IN MUSIC,5,Arr,AR:R M,IB 2417B,Bpalmer ,0,/,10,0,0,0,
2820,NANO 101  03,INTRO TO NANOTECHNOLOGY,5,Other,10:00 AM,ED 0843A,Pkazarinoff ,17,/,24,0,5.7,3.7,
2830,NANO 230  01,NANO/MICRO CHARACTERIZAT,5,Other,8:00 AM,ED 0843A,Pkazarinoff ,8,/,24,0,2.7,2.7,
2840,NANO 250  06,CAPSTONE/PRACTICUM II,5,T,1:00 PM,IB 3416,Aagnello ,7,/,24,0,2.3,2.3,
2860,NTR 150  02,HUMAN NUTRITION,5,Other,9:00 AM,CC 1254A,Speterson ,34,/,36,0,11.3,8,
2870,NTR 150  04,HUMAN NUTRITION,5,Other,11:00 AM,CC 1254A,Speterson ,35,/,36,0,11.7,8.7,
2880,NTR 150  09,HUMAN NUTRITION,5,Other,6:00 PM,AS 1627,Twkaufman ,19,/,36,0,6.3,4.7,
9542,NTR 150  D2,HUMAN NUTRITION,5,Online,-,-,Jlearn ,22,/,25,7,7.3,6.3,
9546,NTR 150  D4,HUMAN NUTRITION,5,Online,-,-,Tstilson ,26,/,25,0,8.7,6.7,
9540,NTR 150  D1,HUMAN NUTRITION,5,Online,-,-,Jlearn ,22,/,25,11,7.3,3.3,
9544,NTR 150  D3,HUMAN NUTRITION,5,Online,-,-,Tstilson ,24,/,25,0,8,7.3,
6518,NUR 108  01,CLIN HOSP EXP FOR NAC,3,W,5:00 PM,IB 1415,Mjorgenson ,8,/,20,0,1.6,1.6,
6550,NUR 118  02,CLINICAL NURS. SKILLS I,2,Arr,AR:R M,ARR,Jgrosnick ,30,/,32,0,4,3.9,
6553,NUR 119  03,CLINICAL NURS. SKILLS II,1,Arr,AR:R M,ARR,Jgrosnick ,29,/,32,0,1.9,1.9,
6551,NUR 127  02,MEDICAL/SURGICAL NURSING,6,Arr,AR:R M,ARR,Dfiliatrault,30,/,32,0,13,12.6,
6554,NUR 128  03,MED/SURG-CHLD/ADULT II,6,Arr,AR:R M,ARR,Dfiliatrault,29,/,32,0,11.6,11.6,
6552,NUR 131  02,CLIN NURSING PRACT. I,4,Arr,AR:R M,OC,Astumpf ,30,/,32,0,7,6.8,
6555,NUR 133  03,FAMILY NURSING THEORY,2,Arr,AR:R M,ARR,Jgonzales ,29,/,32,0,2.9,2.9,
6556,NUR 134  03,FAMILY NURSING CLINICAL,2,Arr,AR:R M,OC,Mlocke ,29,/,32,0,2.9,2.9,
6557,NUR 141  03,CLIN NURSING PRACTICE II,2,Arr,AR:R M,OC,Abrink ,29,/,32,0,3.9,3.9,
,,,,,,,,,,,,,,
Item,Course ID,Title,CR,Days,Time,Room,Instructor,Enrolled,,,Wait,FTES,,
,,,,,,,,,,,List,TOTAL,STATE,
6563,NUR 224  03,HEALTH PROM AND ED NSG,2,Arr,AR:R M,ARR,Mrickel ,30,/,32,0,4,4,
6564,NUR 226  03,CARE MNGMT AND LEADERSHI,2,Arr,AR:R M,ARR,Mrickel ,31,/,32,0,4.1,4.1,
6560,NUR 227  02,COMPLX NSG MED/SURG PSYC,7,Other,11:30 AM,CC 2153,Lhristova ,35,/,35,0,16.3,16.3,
6561,NUR 228  02,COMPLX MED/SRG PSY CLINI,5,Arr,AR:R M,OC,Lmooney ,33,/,33,0,11,11,
6565,NUR 237  03,ADV MED/SURG NSG CARE,3,Arr,AR:R M,ARR,Dfiliatrault,33,/,33,0,6.6,6.6,
6566,NUR 238  03,TRANSITION TO RN PRACT,5,Arr,AR:R M,OC,Lhristova ,31,/,32,0,10.3,10.3,
9550,OCEA&100  D1,INTRO TO OCEANOGRAPHY,5,Online,-,-,Gjones ,22,/,25,1,7.3,5.7,
6579,PEC 136  01,YOGA,2,MWF,8:00 AM,WC 0827D,Jhill ,22,/,20,0,2.9,1.6,
6582,PEC 136  04,YOGA,2,TTh,4:00 PM,WC 0827D,Jhill ,23,/,20,0,3.1,1.5,
6580,PEC 136  02,YOGA,2,MWF,9:00 AM,WC 0827D,Jhill ,23,/,20,0,3.1,1.5,
6581,PEC 136  03,YOGA,2,MW,2:00 PM,WC 0827D,Jhill ,21,/,20,1,2.8,0.8,
6583,PEC 139  01,YOGA PILATES,2,TTh,2:00 PM,WC 0827D,Troot ,22,/,20,0,2.9,1.7,
6588,PEC 155  01,FIRST AID & PERSONAL SAF,3,Other,1:00 PM,WC 0827A,Bkay ,22,/,25,0,4.4,2.2,
6592,PEC 165  01,BODY CONDITIONING,2,MWF,9:00 AM,WC 0829F,Troot ,14,/,20,0,1.9,0.7,
6589,PEC 170  01,INTRO TO JAZZ DANCE,2,MWF,11:00 AM,WC 0827D,Lpeterson ,11,/,20,0,1.5,0.7,
6590,PEC 180  01,TOTAL BODY TRAINING,2,MWF,10:00 AM,WC 0827D,Troot ,10,/,20,0,1.3,0.8,
6591,PEC 299  01,INDEPENDENT FITNESS,2,Sa,9:00 AM,WC 0827A,Lchristine ,11,/,25,0,1.5,1.1,
6593,PEC 299  02,INDEPENDENT FITNESS,1,Arr,AR:R M,ARR,Troot ,1,/,1,0,0.1,0,
6531,PHA 112  01,PHARMACY LAW,2,F,11:35 AM,IB 1421,Lramos ,19,/,28,0,2.5,2.5,
6532,PHA 115  01,ORIENT'N TO PHARM. PRAC.,2,Other,10:30 AM,IB 1421,Uthorstensen,20,/,28,0,2.7,2.7,
,,,,,,,,,,,,,,
Item,Course ID,Title,CR,Days,Time,Room,Instructor,Enrolled,,,Wait,FTES,,
,,,,,,,,,,,List,TOTAL,STATE,
6533,PHA 116  01,HIV/AIDS AND HIPAA,1,F,1:20 PM,IB 1421,Lramos ,10,/,28,0,0.7,0.7,
6534,PHA 120  01,PHARMACY CALCULATIONS,3,Other,9:00 AM,IB 1421,Uthorstensen,22,/,28,0,4.4,4.4,
6536,PHA 141  03,STERILE PRODS/ASE TECHII,2,Other,9:00 AM,IB 1421,Uthorstensen,22,/,28,0,2.9,2.9,
6537,PHA 151  03,PHARMACOLOGY II,3,F,9:00 AM,IB 1421,Lramos ,20,/,28,0,4,4,
6538,PHA 161  03,PHARMACY TECHNOLOGY II,2,Other,11:40 AM,ED 1841A,Uthorstensen,21,/,28,0,2.8,2.8,
6535,PHA 170  01,PHARMACY RECORDS MGMNT,4,Other,11:25 AM,IB 1421,Uthorstensen,22,/,28,0,5.9,5.9,
6539,PHA 190  03,PHARMACY TECH EXTERNSHIP,13,Arr,AR:R M,OC,Uthorstensen,20,/,28,0,12.5,12.5,
3310,PHIL&101  01,INTRO TO PHILOSOPHY,5,Other,10:00 AM,CC 3343,Scondit ,28,/,36,0,9.3,7,
9575,PHIL&106  D2,INTRO TO LOGIC,5,Online,-,-,Ovishnya ,23,/,25,2,7.7,7,
9574,PHIL&106  D1,INTRO TO LOGIC,5,Online,-,-,Ovishnya ,26,/,25,2,8.7,7.3,
2904,PHYS&114  H1,GENERAL PHYSICS I,5,HYBRID - TTh,8:00 AM,AS 1527,Deyres ,32,/,32,2,10.7,9.3,
2910,PHYS&114  H5,GENERAL PHYSICS I,5,HYBRID - MW,12:00 PM,AS 1527,Deyres ,33,/,32,3,11,6,
2916,PHYS&115  H3,GENERAL PHYSICS II,5,HYBRID - MW,10:00 AM,AS 1527,Deyres ,17,/,32,0,5.7,4.3,
2928,PHYS&116  08,GENERAL PHYSICS III,5,MW,6:00 PM,AS 1527,Jreid ,18,/,32,0,6,4.3,
2922,PHYS&116  H1,GENERAL PHYSICS III,5,HYBRID - MW,8:00 AM,AS 1527,Deyres ,11,/,32,0,3.7,3,
2934,PHYS&221  01,ENGINEERING PHYSICS I,5,TTh,8:00 AM,AS 1627,Msteffancin ,31,/,32,7,10.3,6.7,
2946,PHYS&222  03,ENGINEERING PHYSICS II,5,TThF,10:00 AM,AS 1527,Msteffancin ,31,/,32,7,10.3,7,
2958,PHYS&223  09,ENGINEERING PHYSICS III,5,TTh,6:00 PM,AS 1527,Jreid ,34,/,32,9,11.3,5.3,
2952,PHYS&223  05,ENGINEERING PHYSICS III,5,TThF,12:30 PM,AS 1527,Msteffancin ,30,/,32,7,10,8.7,
3340,POLS&101  01,INTRO POLITICAL SCIENCE,5,MWF,12:00 PM,CC 3452,Apacheco ,25,/,36,0,8.3,6,
,,,,,,,,,,,,,,
Item,Course ID,Title,CR,Days,Time,Room,Instructor,Enrolled,,,Wait,FTES,,
,,,,,,,,,,,List,TOTAL,STATE,
9584,POLS&101  D1,INTRO POLITICAL SCIENCE,5,Online,-,-,Cancel 12/27,0,/,25,0,0,0,
9587,POLS&202  D2,AMERICAN GOVERNMENT,5,Online,-,-,Jlane ,25,/,25,2,8.3,2.3,
9586,POLS&202  D1,AMERICAN GOVERNMENT,5,Online,-,-,Jlane ,26,/,25,4,8.7,1,
3350,POLS&202  H1,AMERICAN GOVERNMENT,5,HYBRID - MTWTh,11:00 AM,LB 1131,Erolguin ,19,/,36,0,6.3,2.7,
3360,POLS 255  H1,MIDEAST POLITICS,5,HYBRID - MTWTh,10:00 AM,LB 1131,Erolguin ,30,/,36,0,10,7.7,
3416,PSYC&100  01,GENERAL PSYCHOLOGY,5,Other,11:00 AM,CC 3452,Mgrinley ,23,/,36,0,7.7,6.3,
3420,PSYC&100  02,GENERAL PSYCHOLOGY,5,Other,12:00 PM,CC 3452,Mgrinley ,31,/,36,0,10.3,7.7,
3414,PSYC&100  H1,GENERAL PSYCHOLOGY,5,HYBRID - MWF,10:00 AM,CC 3452,Ratkins ,33,/,36,1,11,8.7,
9590,PSYC&100  D1,GENERAL PSYCHOLOGY,5,Online,-,-,Bholt ,22,/,25,1,7.3,6.3,
9591,PSYC&100  D2,GENERAL PSYCHOLOGY,5,Online,-,-,Bholt ,24,/,25,0,8,7,
9598,PSYC&200  D2,LIFESPAN PSYCHOLOGY,5,Online,-,-,Nfinle ,19,/,25,0,6.3,6,
9600,PSYC&200  D3,LIFESPAN PSYCHOLOGY,5,Online,-,-,Kkuwada ,23,/,25,3,7.7,6.3,
3438,PSYC&200  01,LIFESPAN PSYCHOLOGY,5,MW,6:00 PM,CC 3452,Ktabor ,30,/,36,0,10,8.7,
9596,PSYC&200  D1,LIFESPAN PSYCHOLOGY,5,Online,-,-,Nfinle ,25,/,25,2,8.3,7.7,
3460,PSYC 209  01,FUND. OF PSYCH RESEARCH,5,Other,1:00 PM,CC 3360,Mgrinley ,26,/,25,0,8.7,7.7,
3470,PSYC&220  03,ABNORMAL PSYCHOLOGY,5,TTh,12:00 PM,IB 3417,Bholt ,35,/,36,1,11.7,10.3,
3480,PSYC 298  01,IND. STUDY IN PSYCHOLOGY,5,Arr,AR:R M,ARR,Mgrinley ,0,/,5,0,0,0,
4505,RES 107  01,FORECLOSURES SHORT SALES,1,Sa,8:30 AM,IB 3327,Rhagar ,31,/,30,0,2.1,1.8,
9471,RES 130  D1,GREEN REAL ESTATE,3,Online,-,-,Caodahl ,32,/,30,0,6.4,6,
9469,RES 140  D1,R.E. SALES & PRACTICE,3,Online,-,-,Nadelson ,13,/,25,0,2.6,2,
,,,,,,,,,,,,,,
Item,Course ID,Title,CR,Days,Time,Room,Instructor,Enrolled,,,Wait,FTES,,
,,,,,,,,,,,List,TOTAL,STATE,
4507,RES 164  01N,REAL ESTATE FINANCE RESI,5,T,5:30 PM,IB 3317,Nadelson ,11,/,25,0,3.7,3.7,
4509,RES 170  01N,REAL ESTATE LAW,3,W,6:00 PM,CC 3352,Rwiess ,19,/,25,0,3.8,3.6,
9474,RES 175  D1,INTRODUCTION TO TITLE,3,Online,-,-,Nadelson ,26,/,28,0,5.2,5.2,
4510,RES 204  01N,COMMUNITY ASSOC MNGMT,3,M,5:30 PM,IB 3315,Efix ,9,/,25,0,1.8,1.8,
4511,RES 210  01N,RESIDENTIAL PROPERTY INV,3,F,6:00 PM,IB 3327,Rhagar ,19,/,25,0,3.8,3.2,
4513,RES 281  01N,NATIONAL USPAP COURSE,2,Th,5:30 PM,IB 3317,Galberti ,7,/,22,0,0.7,0.7,
4515,RES 298  01,SPECIAL PROJECTS-REALEST,6,Arr,AR:R M,IB 2413A,Nadelson ,0,/,15,0,0,0,
2964,SCI 112  08,SEASHORE LIFE FIELD DAY,1,Arr,6:00 PM,ED 0843A,Bsaunder ,13,/,22,0,0.9,0.7,
2968,SCI 113  08,MARSH ECOLOGY FIELD DAY,1,Arr,2:00 PM,AS 1622,Sschlado ,15,/,22,0,1,0.9,
1570,SLN 101  01,SERVICE LEARNING/LEADERS,2,Arr,AR:R M,IB 2429A,Mnutting ,6,/,6,0,0.8,0.5,
3510,SOC& 101  01,INTRO TO SOCIOLOGY,5,Other,9:00 AM,CC 3452,Gpalmer ,36,/,36,0,12,9,
9612,SOC& 101  D2,INTRO TO SOCIOLOGY,5,Online,-,-,Sutlercohen ,23,/,25,7,7.7,7.3,
9610,SOC& 101  D1,INTRO TO SOCIOLOGY,5,Online,-,-,Ratkins ,29,/,30,12,9.7,3,
3520,SOC& 101  H2,INTRO TO SOCIOLOGY,5,HYBRID - MWF,10:00 AM,CC 3459,Gpalmer ,34,/,36,2,11.3,9,
1760,SPAN&121  01,SPANISH I,5,DAILY,10:00 AM,IB 3325,Czahajko ,32,/,40,0,10.7,7.7,
1772,SPAN&122  03,SPANISH II,5,TTh,5:30 PM,CC 3449,Jordantaylor,18,/,30,0,6,5.3,
1764,SPAN&122  01,SPANISH II,5,DAILY,10:00 AM,IB 3325,Czahajko ,30,/,37,0,10,8,
1766,SPAN&122  02,SPANISH II,5,DAILY,12:00 PM,IB 3426,Sbernhar ,18,/,30,0,6,5.3,
1775,SPAN&123  H4,SPANISH III,5,HYBRID - Th,5:30 PM,IB 3325,Vrzhondkovsk,29,/,30,0,9.7,8,
1770,SPAN&123  01,SPANISH III,5,DAILY,9:00 AM,IB 3325,Czahajko ,20,/,30,0,6.7,5.7,
,,,,,,,,,,,,,,
Item,Course ID,Title,CR,Days,Time,Room,Instructor,Enrolled,,,Wait,FTES,,
,,,,,,,,,,,List,TOTAL,STATE,
1782,SPAN 299  02,INDEPENDNT STDY SPANISH,5,Arr,AR:R M,IB 2309A,Czahajko ,3,/,10,0,1,1,
5100,TDR 102  H1N,ADVANCED BIM FOR DESIGN,5,HYBRID - W,5:30 PM,ED 2843B,Ssimmons ,17,/,24,0,5.7,5.7,
5105,TDR 109  01,ARCHITECTURAL EGRING LAB,1,T,3:30 PM,ED 2843B,Ssimmons ,18,/,24,0,1.2,1.2,
5120,TDR 144  01,DESIGN & CONSTRUCT ENVIR,5,MW,3:00 PM,ED 2843B,Ssimmons ,14,/,24,0,4.7,4.3,
5137,TDR 176  H1N,ADV AUTOCAD/ARCHIT &ENGR,4,HYBRID - M,5:30 PM,ED 2843B,Ssimmons ,16,/,22,0,4.3,4.3,
5145,TDR 269  01,CONSTRUCTION ESTIMATING,5,TTh,5:30 PM,ED 2843B,Ncarlstr ,8,/,22,0,2.7,2.7,
5147,TDR 297  01,CONSTRUCTION EGR DRAFT,10,Arr,AR:R M,IB 2319B,Ssimmons ,3,/,10,0,1,1,
2980,UGR 294  01,INDEPENDENT RESEARCH,2,Arr,AR:R M,,Amurkows ,8,/,8,0,1.2,1.2,
,,,,,,,,,,,,,,
Clustered Classes:,,,,,,,,,,,,,,
Item,Course ID,Title,CR,Days,Time,Room,Instructor,Enrolled,,,Wait,FTES,,Cluster
,,,,,,,,,,,List,TOTAL,STATE,
9,CWE 101  H1,PORTFOLIO JOB SEARCH INT,2,HYBRID - Arr,AR:R M,ARR,Tanderso ,11,/,11,1,1.8,1.8,0010B234
10,CWE 102  H1,JOB SHADOW,2,HYBRID - Arr,AR:R M,ARR,Tanderso ,7,/,8,0,0.9,0.9,0010B234
11,CWE 102  IH1,JOB SHADOW,2,HYBRID - Arr,AR:R M,ARR,Tanderso ,6,/,6,0,1.4,1.4,0010B234
1016,ART 112  01,DRAWING,5,Other,1:00 PM,AS 1532,Mkelly ,9,/,20,0,3,1.3,1016B234
1017,ART 113  01,DRAWING,5,Other,1:00 PM,AS 1532,Mkelly ,13,/,0,0,4.3,3.7,1016B234
1020,ART 114  01,DIGITAL PHOTOGRAPHY I,5,MW,9:00 AM,ED 2843B,Eburns ,19,/,20,0,6.3,5,1020B234
1022,ART 115  01,DIGITAL PHOTOGRAPHY II,5,MW,9:00 AM,ED 2843B,Eburns ,3,/,0,0,1,1,1020B234
1024,ART 121  01,INTRO TO PRINTMAKING,5,TTh,1:00 PM,AS 1530,Aknowles ,12,/,20,0,4,2,1024B234
1025,ART 122  01,INTRO TO PRNTMAKING -INT,5,TTh,1:00 PM,AS 1530,Aknowles ,4,/,0,0,1.3,0.7,1024B234
1026,ART 123  01,PAINTERLY PRINT:MONOTYPE,5,TTh,1:00 PM,AS 1530,Aknowles ,5,/,0,0,1.7,1.7,1024B234
1030,ART 201  01,PAINTING,5,TTh,1:00 PM,AS 1532,Kmartensen ,9,/,20,2,3,2.7,1030B234
1031,ART 202  01,PAINTING,5,TTh,1:00 PM,AS 1532,Kmartensen ,9,/,0,2,3,1,1030B234
,,,,,,,,,,,,,,
Item,Course ID,Title,CR,Days,Time,Room,Instructor,Enrolled,,,Wait,FTES,,Cluster
,,,,,,,,,,,List,TOTAL,STATE,
1032,ART 203  01,PAINTING,5,TTh,1:00 PM,AS 1532,Kmartensen ,2,/,0,0,0.7,0.7,1030B234
1034,ART 201  02,PAINTING,5,MW,6:00 PM,AS 1532,Mkelly ,12,/,20,0,4,3.3,1034B234
1035,ART 202  02,PAINTING,5,MW,6:00 PM,AS 1532,Mkelly ,4,/,0,0,1.3,1.3,1034B234
1036,ART 203  02,PAINTING,5,MW,6:00 PM,AS 1532,Mkelly ,2,/,0,0,0.7,0.7,1034B234
1050,ART 211  01,SCULPTURE,5,MW,1:00 PM,AS 1632,Lhalvorsen ,4,/,20,4,1.3,0.7,1050B234
1051,ART 212  01,SCULPTURE,5,MW,1:00 PM,AS 1632,Lhalvorsen ,0,/,0,0,0,0,1050B234
1052,ART 213  01,SCULPTURE,5,MW,1:00 PM,AS 1632,Lhalvorsen ,0,/,0,0,0,0,1050B234
1058,ART 221  02,CERAMIC ART,5,MW,1:00 PM,AS 1632,Lhalvorsen ,17,/,0,4,5.7,1.3,1050B234
1053,ART 221  01,CERAMIC ART,5,TTh,1:00 PM,AS 1630,Lhalvorsen ,13,/,20,10,4.3,0.3,1053B234
1054,ART 222  01,CERAMIC ART,5,TTh,1:00 PM,AS 1630,Lhalvorsen ,5,/,0,1,1.7,0.3,1053B234
1055,ART 223  01,CERAMIC ART,5,TTh,1:00 PM,AS 1630,Lhalvorsen ,5,/,0,0,1.7,1.7,1053B234
1101,CMST 145  01,GENDER AND FAMILY COMM,5,MWF,11:00 AM,ED 0840C,Rschuess ,13,/,0,0,4.3,2.3,1100B234
1100,CMST&210  01,INTERPERSONAL COMMUNICTN,5,MWF,11:00 AM,ED 0840C,Rschuess ,21,/,35,0,7,5.7,1100B234
1102,CMST 195  01,MEDIA MGMNT OPERATIONS,5,MWF,12:30 PM,ED 0840C,Rschuess ,14,/,35,0,4.7,3.3,1102B234
1103,CMST 235  01,MEDIA RESEARCH MKTG SALE,5,MWF,12:30 PM,ED 0840C,Rschuess ,17,/,0,0,5.7,4.3,1102B234
1105,CMST 115  01,OVERCOMING COMM ANXIETY,5,MWF,2:00 PM,ED 0840C,Rschuess ,3,/,0,7,1,0.7,1104B234
1104,CMST&220  01,PUBLIC SPEAKING,5,MWF,2:00 PM,ED 0840C,Rschuess ,23,/,25,4,7.7,4.7,1104B234
1107,CMST 115  02,OVERCOMING COMM ANXIETY,5,Other,5:30 PM,ED 0840C,Rdeheck ,3,/,0,5,1,0.3,1106B234
1106,CMST&220  02,PUBLIC SPEAKING,5,Other,5:30 PM,ED 0840C,Rdeheck ,27,/,25,5,9,2.3,1106B234
1109,CMST 115  03,OVERCOMING COMM ANXIETY,5,Other,5:30 PM,ED 0840C,Jreis ,3,/,0,2,1,0.3,1108B234
,,,,,,,,,,,,,,
Item,Course ID,Title,CR,Days,Time,Room,Instructor,Enrolled,,,Wait,FTES,,Cluster
,,,,,,,,,,,List,TOTAL,STATE,
1108,CMST&220  03,PUBLIC SPEAKING,5,Other,5:30 PM,ED 0840C,Jreis ,20,/,25,0,6.7,4.3,1108B234
1111,CMST 115  04,OVERCOMING COMM ANXIETY,5,Other,3:00 PM,IB 3327,Rdeheck ,4,/,0,3,1.3,0.7,1110B234
1110,CMST&220  04,PUBLIC SPEAKING,5,Other,3:00 PM,IB 3327,Rdeheck ,31,/,25,9,10.3,3.7,1110B234
1113,CMST 115  05,OVERCOMING COMM ANXIETY,5,Other,5:30 PM,IB 1307,Kzaragoza ,3,/,0,0,1,1,1112B234
1112,CMST&220  05,PUBLIC SPEAKING,5,Other,5:30 PM,IB 1307,Kzaragoza ,20,/,25,0,6.7,6.3,1112B234
1210,ENGL&102  C2,COMPOSITION II,5,Other,5:30 PM,CC 2153,Dblackman ,30,/,0,0,10,8,1210B234
1322,ENGL 296  C2,SPECIAL TOPICS IN ENGL,2,MW,5:30 PM,CC 2153,Dblackman ,3,/,0,0,0.4,0.4,1210B234
1510,HUM 105  C2,INTERCULTURAL COMMUNICAT,5,Other,5:30 PM,CC 2153,Dblackman ,42,/,0,0,14,11.3,1210B234
3410,PSYC&100  C2,GENERAL PSYCHOLOGY,5,Other,5:30 PM,CC 2153,Avoorhies ,22,/,0,0,7.3,6,1210B234
3492,PSYC 299  C2,SP.PROBLEMS IN PSYCHOLOG,5,MW,5:30 PM,CC 2153,Avoorhies ,1,/,0,0,0.3,0.3,1210B234
1244,ENGL 095  02,COLLEGE PREP WRITING III,5,Other,6:00 PM,CC 3360,Kknudson ,9,/,28,0,3,0.3,1244B234
1254,ENGL 097  03,COLLEGE PREP READING IV,5,Other,6:00 PM,CC 3360,Kknudson ,19,/,0,0,6.3,2.7,1244B234
1245,ENGL 096  02,COLLEGE PREP WRITING III,5,Other,7:40 PM,CC 3360,Kknudson ,9,/,28,0,3,0.3,1245B234
1255,ENGL 098  03,COLLEGE PREP WRITING IV,5,Other,7:40 PM,CC 3360,Kknudson ,19,/,0,0,6.3,2.7,1245B234
1256,ENGL 097  04,COLLEGE PREP READING IV,5,DAILY,10:00 AM,CC 3449,Hxie ,8,/,0,0,2.7,2.7,1250B234
1250,ENGL 097  01,COLLEGE PREP READING IV,5,DAILY,10:00 AM,CC 3449,Hxie ,20,/,20,5,6.7,3.3,1250B234
1251,ENGL 098  01,COLLEGE PREP WRITING IV,5,DAILY,11:00 AM,CC 3449,Hxie ,20,/,20,2,6.7,3.3,1251B234
1257,ENGL 098  04,COLLEGE PREP WRITING IV,5,DAILY,11:00 AM,CC 3449,Hxie ,8,/,0,0,2.7,2.7,1251B234
1310,ENGL 151  01,CREATIVE WRITING,5,Other,11:00 AM,CC 3446,Theinlein ,23,/,28,0,7.7,7,1310B234
1311,ENGL 152  01,CREATIVE WRITING,5,Other,11:00 AM,CC 3446,Theinlein ,2,/,0,0,0.7,0.3,1310B234
,,,,,,,,,,,,,,
Item,Course ID,Title,CR,Days,Time,Room,Instructor,Enrolled,,,Wait,FTES,,Cluster
,,,,,,,,,,,List,TOTAL,STATE,
1312,ENGL 153  01,CREATIVE WRITING,5,Other,11:00 AM,CC 3446,Theinlein ,2,/,0,0,0.7,0.3,1310B234
1342,ESL 011  02,ESL - LEVEL 1A,10,MTWTh,6:30 PM,IB 1322,Mkill ,24,/,28,0,16,16,1342B234
1355,ESL 012  04,ESL - LEVEL 1B,10,MTWTh,6:30 PM,IB 1322,Mkill ,4,/,0,0,2.7,2.7,1342B234
1353,ESL 012  02,ESL - LEVEL 1B,10,DAILY,9:00 AM,IB 1307,Ksternin ,6,/,32,0,4,4,1353B234
1356,ESL 013  02,ESL - LEVEL 1C,10,DAILY,9:00 AM,IB 1307,Ksternin ,24,/,0,0,16,16,1353B234
1354,ESL 012  03,ESL - LEVEL 1B,10,MTWTh,6:30 PM,CC 3359,Cgerber ,10,/,32,0,6.7,6.7,1354B234
1357,ESL 013  03,ESL - LEVEL 1C,10,MTWTh,6:30 PM,CC 3359,Cgerber ,21,/,0,0,14,14,1354B234
1375,ESL 027  02,INTRO TO COMP ASST LANG,4,MWF,12:00 PM,IB 3305,Bmckelve ,4,/,25,0,1.1,1.1,1375B234
1410,ESL 057  01,ADV COMP ASSTD LANGUAGE,4,Other,12:00 PM,IB 3305,Bmckelve ,19,/,0,0,5.1,5.1,1375B234
1379,ESL 031  01,ESL - LEVEL 3A - S & L,5,TTh,6:30 PM,IB 3416,Yshtern ,16,/,32,0,5.3,5.3,1379B234
1382,ESL 032  01,ESL - LEVEL 3B - S & L,5,TTh,6:30 PM,IB 3416,Yshtern ,16,/,0,0,5.3,5.3,1379B234
1384,ESL 036  01,ESL SPEAK/LISTEN LEVEL 3,5,DAILY,11:00 AM,CC 3359,Tbelgace ,16,/,32,1,5.3,5.3,1384B234
1397,ESL 046  01,ESL SPEAK/LISTEN LEVEL 4,5,DAILY,11:00 AM,CC 3359,Tbelgace ,17,/,0,0,5.7,5.7,1384B234
1392,ESL 041  01,ESL LEVEL 4A - S & L,5,TTh,6:30 PM,IB 3415,Janderso ,22,/,32,0,7.3,7.3,1392B234
1395,ESL 042  01,ESL LEVEL 4B - S & L,5,TTh,6:30 PM,IB 3415,Janderso ,13,/,0,2,4.3,4.3,1392B234
1374,ESL 027  01,INTRO TO COMP ASST LANG,3,MWF,11:00 AM,IB 3305,Bmckelve ,12,/,0,2,2.4,2.4,1398B234
1398,ESL 047  01,INT COMP ASSTD LANGUAGE,6,Other,10:00 AM,IB 3305,Bmckelve ,17,/,25,5,6.8,6.8,1398B234
1402,ESL 051  01,ESL LEVEL 5A - S & L,5,TTh,6:30 PM,IB 3428,Edent ,17,/,32,0,5.7,5.7,1402B234
1406,ESL 052  01,ESL LEVEL 5B - S & L,5,TTh,6:30 PM,IB 3428,Edent ,15,/,0,0,4.9,4.9,1402B234
1407,ESL 055  01,FOCUS ON WRITING LEVEL 5,5,DAILY,11:00 AM,IB 3315,Jbarton ,22,/,32,0,7.3,7.3,1407B234
,,,,,,,,,,,,,,
Item,Course ID,Title,CR,Days,Time,Room,Instructor,Enrolled,,,Wait,FTES,,Cluster
,,,,,,,,,,,List,TOTAL,STATE,
1426,ESL 065  01,FOCUS ON WRITING LEVEL 6,5,DAILY,11:00 AM,IB 3315,Jbarton ,7,/,0,0,2.3,2.3,1407B234
1408,ESL 056  01,ESL SPEAK/LISTEN LEVEL 5,5,DAILY,12:00 PM,CC 3352,Cpurdy ,13,/,32,0,4.3,4.3,1408B234
1427,ESL 066  01,ESL SPEAK/LISTEN LEVEL 6,5,DAILY,12:00 PM,CC 3352,Cpurdy ,9,/,0,0,3,3,1408B234
1826,ABE 049  I1,BASIC SKILLS SUPP PROF/T,3,TF,8:15 AM,IB 1303,Mpalmer ,4,/,0,0,0.8,0.8,1414B234
1414,ESL 059  I1,NURS ASSIST ESL,3,TF,8:15 AM,IB 1303,Mpalmer ,8,/,32,0,1.6,1.6,1414B234
1416,ESL 061  01,ESL LEVEL 6A,10,DAILY,9:00 AM,IB 3415,Ksandy ,16,/,32,0,10.7,10.7,1416B234
1420,ESL 062  01,ESL - LEVEL 6B,10,DAILY,9:00 AM,IB 3415,Ksandy ,13,/,0,0,8.7,8.7,1416B234
1417,ESL 061  01,ESL LEVEL 6A - R & W,5,MW,6:30 PM,CC 3443,Mtursi ,13,/,32,0,4.3,4.3,1417B234
1421,ESL 062  01,ESL LEVEL 6B - R & W,5,MW,6:30 PM,CC 3443,Mtursi ,13,/,0,0,4.3,4.3,1417B234
1450,ESL 010  25,ESL - LEVEL 1,5,MW,9:30 AM,OC,Lnausner ,7,/,25,0,1.9,1.9,1450B234
1451,ESL 020  25,ESL - LEVEL 2,5,MW,9:30 AM,OC,Lnausner ,5,/,0,0,1.7,1.7,1450B234
1452,ESL 030  25,ESL - LEVEL 3,5,MW,9:30 AM,OC,Lnausner ,2,/,0,0,0.7,0.7,1450B234
1453,ESL 040  25,ESL LEVEL 4,5,MW,9:30 AM,OC,Lnausner ,4,/,0,0,1.3,1.3,1450B234
1460,ESL 010  30,ESL - LEVEL 1,5,Arr,AR:R M,ARR,Jduke ,3,/,25,0,1,1,1460B234
1461,ESL 020  30,ESL - LEVEL 2,5,Arr,AR:R M,ARR,Jduke ,5,/,0,0,1.7,1.7,1460B234
1462,ESL 030  30,ESL - LEVEL 3,5,Arr,AR:R M,ARR,Jduke ,5,/,0,0,1.7,1.7,1460B234
1470,ESL 010  35,ESL-LEVEL 1,2,M,3:00 PM,OC,Eappel ,16,/,25,0,1.9,1.9,1470B234
1471,ESL 020  35,ESL - LEVEL 2,2,M,3:00 PM,OC,Eappel ,0,/,0,0,0,0,1470B234
1700,ASL& 122  01,AMER SIGN LANGUAGE II,5,TTh,6:00 PM,CC 3445,Wseago ,13,/,25,0,4.3,4.3,1700B234
1702,ASL& 123  01,AMER SIGN LANGUAGE III,5,TTh,6:00 PM,CC 3445,Wseago ,9,/,0,0,3,2.3,1700B234
,,,,,,,,,,,,,,
Item,Course ID,Title,CR,Days,Time,Room,Instructor,Enrolled,,,Wait,FTES,,Cluster
,,,,,,,,,,,List,TOTAL,STATE,
1801,ABE 020  01,ABE LEVEL 2,5,MW,9:00 AM,IB 1317,Vwright ,1,/,28,0,0.3,0.3,1801B234
1802,ABE 030  01,ABE LEVEL 3,5,MW,9:00 AM,IB 1317,Vwright ,10,/,0,0,3.2,3.2,1801B234
1810,ABE 021  01,ABE LEVEL 2 MATH,5,TTh,9:00 AM,IB 1317,Vwright ,11,/,28,0,3.7,3.7,1810B234
1811,ABE 031  01,ABE LEVEL 3 MATH,5,TTh,9:00 AM,IB 1317,Vwright ,9,/,0,0,3,3,1810B234
1814,ABE 040  01,ABE LEVEL 4,5,MW,9:00 AM,IB 3330,Jhaines ,8,/,28,0,2.7,2.7,1814B234
1815,GED 050  01,BASIC GED PREPARATION 5,5,MW,9:00 AM,IB 3330,Jhaines ,16,/,0,0,5.3,5.3,1814B234
1816,GED 060  01,ADVANCED GED PREP LVL 6,5,MW,9:00 AM,IB 3330,Jhaines ,2,/,0,0,0.7,0.7,1814B234
1820,ABE 041  01,ABE ADVANCED MATH,5,TTh,9:00 AM,IB 3330,Jhaines ,12,/,28,0,4,4,1820B234
1821,GED 051  01,GED ADVANCED MATH,5,TTh,9:00 AM,IB 3330,Jhaines ,5,/,0,0,1.7,1.7,1820B234
1822,GED 061  01,GED ADVANCED MATH,5,TTh,9:00 AM,IB 3330,Jhaines ,5,/,0,0,1.5,1.5,1820B234
1838,ABE 040  02,ABE LEVEL 4,5,TTh,6:00 PM,IB 3330,Swaits ,4,/,28,0,1.3,1.3,1838B234
1840,GED 050  02,BASIC GED PREPARATION 5,5,TTh,6:00 PM,IB 3330,Swaits ,12,/,0,0,4,4,1838B234
1841,GED 060  02,BASIC GED PREPARATION 6,5,TTh,6:00 PM,IB 3330,Swaits ,1,/,0,0,0.3,0.3,1838B234
2020,BIOL&100  CH1,SURVEY OF BIOLOGY,5,HYBRID - MW,12:00 PM,AS 1521,Amurkows ,35,/,0,2,11.7,9.7,2020B234
2206,CHEM&110  CH1,CHEMISTRY CONCEPTS W/LAB,5,HYBRID - MW,12:00 PM,AS 1521,Kowens ,27,/,0,0,9,7.7,2020B234
2350,ENVS 150  CH1,ENVIRONMNTL ISSUES/PROBL,5,HYBRID - MW,12:00 PM,AS 1521,Amurkows ,30,/,0,2,10,8.7,2020B234
2292,CHEM&252  07A,ORGANIC CHEM LAB II,4,T,2:00 PM,AS 1614,Jpatters ,24,/,24,4,6.4,4.8,2290B234
2290,CHEM&252  07,ORGANIC CHEM LAB II,4,T,2:00 PM,AS 1614,Jpatters ,25,/,24,1,6.7,4.5,2290B234
2360,ENVS 150  08,ENVIRONMNTL ISSUES/PROBL,5,MW,6:00 PM,AS 1623,Egoulet ,15,/,36,0,5,4.3,2360B234
2362,ENVS 150  Z8,ENVIRONMNTL ISSUES/PROBL,5,MW,6:00 PM,AS 1623,Egoulet ,20,/,0,1,6.7,4,2360B234
,,,,,,,,,,,,,,
Item,Course ID,Title,CR,Days,Time,Room,Instructor,Enrolled,,,Wait,FTES,,Cluster
,,,,,,,,,,,List,TOTAL,STATE,
3260,HIST&214  H1,PACIFIC NW HISTORY,5,HYBRID - MTWTh,9:00 AM,CC 3357,Mnutting ,23,/,36,0,7.7,3.7,3260B234
3261,HIST&214  ZH1,PACIFIC NW HISTORY,5,HYBRID - MTWTh,9:00 AM,CC 3357,Mnutting ,12,/,0,0,4,2.3,3260B234
3270,HIST&214  H2,PACIFIC NW HISTORY,5,HYBRID - MTWTh,10:00 AM,CC 3357,Mnutting ,27,/,36,1,9,2.7,3270B234
3271,HIST&214  ZH2,PACIFIC NW HISTORY,5,HYBRID - MTWTh,10:00 AM,CC 3357,Mnutting ,7,/,0,1,2.3,1.3,3270B234
3280,ISP 205  H1,WOMEN IN THE GLOBAL CONT,5,HYBRID - M,5:30 PM,IB 3422,Kstuhldr ,6,/,36,0,2,1.7,3280B234
3560,WMN 205  H1,WOMEN IN THE GLOBAL CONT,5,HYBRID - M,5:30 PM,IB 3422,Kstuhldr ,24,/,0,0,8,7,3280B234
4008,ACCT 131  01,QUICKBOOKS,5,TTh,11:00 AM,IB 3307,Slozano ,20,/,29,0,6.7,6,4008B234
4009,ACCT 131  I1,QUICKBOOKS,5,TTh,11:00 AM,IB 3307,Slozano ,6,/,6,0,3.5,3.5,4008B234
4104,BUS 105  01,KEYBOARDING,4,DAILY,9:00 AM,IB 3309,Mfarrar ,9,/,12,0,2.4,1.6,4104B234
4108,BUS 106  01,KEYBOARDING/SKILLBUILD,3,DAILY,9:00 AM,IB 3309,Mfarrar ,5,/,12,0,1,1,4104B234
4112,BUS 115  01,COMPUTATIONAL SKILLBUILD,2,MWF,9:00 AM,IB 3309,Mfarrar ,1,/,6,0,0.1,0.1,4104B234
4106,BUS 105  02N,KEYBOARDING,4,MW,5:30 PM,IB 3309,Cancel 01/15,0,/,12,0,0,0,4106B234
4109,BUS 106  02N,KEYBOARDING/SKILLBUILD,3,MW,5:30 PM,IB 3309,Cancel 01/15,0,/,12,0,0,0,4106B234
4114,BUS 115  01N,COMPUTATIONAL SKILLBUILD,2,MW,5:30 PM,IB 3309,Cancel 01/15,0,/,6,0,0,0,4106B234
5300,EEL 203  01N,INDUSTRIAL MOTOR DRIVES,5,MW,6:00 PM,ED 1840A,Fjump ,14,/,24,0,4.7,4.7,5300B234
5345,EET 285  01N,ELECTRONICS TECH PROJECT,3,MW,6:00 PM,ED 1840A,Fjump ,5,/,0,0,1,1,5300B234
5324,EET 161  02,DC PRIN OF ELECTRONICS,5,TTh,1:00 PM,ED 1840A,Djenkins ,0,/,0,0,0,0,5323B234
5323,EET 161  01,DC PRIN OF ELECTRONICS,5,TTh,1:00 PM,ED 1840A,Djenkins ,22,/,24,0,7.3,7.3,5323B234
5930,HIN 131  01,WT III: WINDING & SETTIN,6,MTWTh,7:30 AM,IB 3420,Erolf ,3,/,12,0,1.2,1.2,5930B234
5931,HIN 131  02,WT III: WINDING & SETTIN,6,MTWTh,7:30 AM,IB 3420,Erolf ,2,/,0,0,0.8,0.8,5930B234
,,,,,,,,,,,,,,
Item,Course ID,Title,CR,Days,Time,Room,Instructor,Enrolled,,,Wait,FTES,,Cluster
,,,,,,,,,,,List,TOTAL,STATE,
6401,FAM 148  01,PARENT ED: 0-12 MONTHS,3,W,8:30 AM,IB 1407,Mmulcahy ,17,/,20,0,3.4,3.4,6401B234
6041,FAM 149  41,2ND PARENT CHLDSTDY/LAB,1,W,8:30 AM,IB 1407,Mmulcahy ,0,/,3,0,0,0,6401B234
6402,FAM 148  02,PARENT ED: 0-12 MONTHS,3,Th,12:15 PM,IB 1407,Iwagner ,19,/,20,0,3.8,3.8,6402B234
6042,FAM 149  42,2ND PARENT CHLDSTDY/LAB,1,Th,12:15 PM,IB 1407,Iwagner ,0,/,3,0,0,0,6402B234
6403,FAM 148  03,PARENT ED: 0-12 MONTHS,3,T,1:00 PM,IB 1407,Mmulcahy ,14,/,20,0,2.8,2.8,6403B234
6043,FAM 149  43,2ND PARENT CHLDSTDY/LAB,1,T,1:00 PM,IB 1407,Mmulcahy ,0,/,3,0,0,0,6403B234
6060,FAM 149  60,2ND PARENT CHLDSTDY/LAB,1,Arr,AR:R M,OC,Lleiker ,0,/,3,0,0,0,6405B234
6045,FAM 149  45,2ND PARENT CHLDSTDY/LAB,1,Arr,AR:R M,OC,Lleiker ,0,/,3,0,0,0,6405B234
6405,FAM 158  05,PARENT ED.: 12-24 MONTHS,3,Arr,AR:R M,OC,Lleiker ,10,/,10,0,2,2,6405B234
6420,FAM 168  20,PARENT ED.: 24-36 MONTHS,3,Arr,AR:R M,OC,Lleiker ,10,/,10,0,2,2,6405B234
6046,FAM 149  46,2ND PARENT CHLDSTDY/LAB,1,T,8:30 AM,IB 1407,Bethgoss ,0,/,3,0,0,0,6406B234
6406,FAM 158  06,PARENT ED.: 12-24 MONTHS,3,T,8:30 AM,IB 1407,Bethgoss ,19,/,20,0,3.8,3.8,6406B234
6047,FAM 149  47,2ND PARENT CHLDSTDY/LAB,1,Arr,AR:R M,OC,Swilliams ,0,/,3,0,0,0,6407B234
6407,FAM 158  07,PARENT ED.: 12-24 MONTHS,3,Arr,AR:R M,OC,Swilliams ,20,/,20,0,4,4,6407B234
6066,FAM 149  66,2ND PARENT CHLDSTDY/LAB,1,Arr,AR:R M,ARR,Abaumgarten ,0,/,3,0,0,0,6408B234
6408,FAM 158  08,PARENT ED.: 12-24 MONTHS,3,Sa,9:30 AM,IB 1407,Abaumgarten ,15,/,20,0,3,3,6408B234
6426,FAM 168  26,PARENT ED.: 24-36 MONTHS,3,W,6:30 PM,IB 1304,Abaumgarten ,11,/,20,0,2.2,2.2,6408B234
6049,FAM 149  49,2ND PARENT CHLDSTDY/LAB,1,Arr,AR:R M,OC,Iwagner ,1,/,3,0,0.1,0.1,6409B234
6409,FAM 158  09,PARENT ED.: 12-24 MONTHS,3,Arr,AR:R M,OC,Iwagner ,20,/,20,0,4,4,6409B234
6050,FAM 149  50,2ND PARENT CHLDSTDY/LAB,1,Arr,AR:R M,OC,Dcarlsen ,0,/,3,0,0,0,6410B234
,,,,,,,,,,,,,,
Item,Course ID,Title,CR,Days,Time,Room,Instructor,Enrolled,,,Wait,FTES,,Cluster
,,,,,,,,,,,List,TOTAL,STATE,
6410,FAM 158  10,PARENT ED.: 12-24 MONTHS,3,Arr,AR:R M,OC,Dcarlsen ,20,/,20,0,4,4,6410B234
6051,FAM 149  51,2ND PARENT CHLDSTDY/LAB,1,Arr,AR:R M,OC,Iwagner ,2,/,3,0,0.1,0.1,6411B234
6411,FAM 158  11,PARENT ED.: 12-24 MONTHS,3,Arr,AR:R M,OC,Iwagner ,22,/,20,0,4.4,4.4,6411B234
6052,FAM 149  52,2ND PARENT CHLDSTDY/LAB,1,Th,8:30 AM,IB 1407,Ecrary ,0,/,3,0,0,0,6412B234
6412,FAM 158  12,PARENT ED.: 12-24 MONTHS,3,Th,8:30 AM,IB 1407,Ecrary ,20,/,20,1,4,4,6412B234
6053,FAM 149  53,2ND PARENT CHLDSTDY/LAB,1,F,8:30 AM,IB 1407,Bethgoss ,0,/,3,0,0,0,6413B234
6413,FAM 158  13,PARENT ED.: 12-24 MONTHS,3,F,8:30 AM,IB 1407,Bethgoss ,19,/,20,0,3.8,3.8,6413B234
6054,FAM 149  54,2ND PARENT CHLDSTDY/LAB,1,Arr,AR:R M,OC,Ecrary ,0,/,3,0,0,0,6414B234
6414,FAM 158  14,PARENT ED.: 12-24 MONTHS,3,Arr,AR:R M,OC,Ecrary ,20,/,20,2,4,4,6414B234
6055,FAM 149  55,2ND PARENT CHLDSTDY/LAB,1,M,8:00 AM,IB 1407,Bethgoss ,0,/,3,0,0,0,6415B234
6415,FAM 158  15,PARENT ED.: 12-24 MONTHS,3,M,8:00 AM,IB 1407,Bethgoss ,20,/,20,0,4,4,6415B234
6062,FAM 149  62,2ND PARENT CHLDSTDY/LAB,1,Arr,AR:R M,OC,Bcallahan ,0,/,3,0,0,0,6422B234
6422,FAM 168  22,PARENT ED.: 24-36 MONTHS,3,Arr,AR:R M,OC,Bcallahan ,21,/,20,0,4.2,4.2,6422B234
6063,FAM 149  63,2ND PARENT CHLDSTDY/LAB,1,T,8:15 AM,IB 1304,Dcarlsen ,0,/,3,0,0,0,6423B234
6423,FAM 168  23,PARENT ED.: 24-36 MONTHS,3,T,8:15 AM,IB 1304,Dcarlsen ,18,/,20,0,3.6,3.6,6423B234
6064,FAM 149  64,2ND PARENT CHLDSTDY/LAB,1,Arr,AR:R M,OC,Ccrowser ,0,/,3,0,0,0,6424B234
6424,FAM 168  24,PARENT ED.: 24-36 MONTHS,3,Arr,AR:R M,OC,Ccrowser ,20,/,20,0,4,4,6424B234
6065,FAM 149  65,2ND PARENT CHLDSTDY/LAB,1,Arr,AR:R M,OC,Kkincaid ,0,/,3,0,0,0,6425B234
6425,FAM 168  25,PARENT ED.: 24-36 MONTHS,3,Arr,AR:R M,OC,Kkincaid ,18,/,20,0,3.6,3.6,6425B234
6067,FAM 149  67,2ND PARENT CHLDSTDY/LAB,1,Arr,AR:R M,OC,Ccrowser ,1,/,3,0,0.1,0.1,6427B234
,,,,,,,,,,,,,,
Item,Course ID,Title,CR,Days,Time,Room,Instructor,Enrolled,,,Wait,FTES,,Cluster
,,,,,,,,,,,List,TOTAL,STATE,
6427,FAM 168  27,PARENT ED.: 24-36 MONTHS,3,Arr,AR:R M,OC,Ccrowser ,19,/,20,0,3.8,3.8,6427B234
6068,FAM 149  68,2ND PARENT CHLDSTDY/LAB,1,Arr,AR:R M,OC,Bwilli ,3,/,3,0,0.2,0.2,6428B234
6428,FAM 168  28,PARENT ED.: 24-36 MONTHS,3,Arr,AR:R M,OC,Bwilli ,20,/,20,0,4,4,6428B234
6069,FAM 149  69,2ND PARENT CHLDSTDY/LAB,1,Arr,AR:R M,OC,Bcallahan ,0,/,3,0,0,0,6429B234
6429,FAM 168  29,PARENT ED.: 24-36 MONTHS,3,Arr,AR:R M,OC,Bcallahan ,20,/,20,0,4,4,6429B234
6070,FAM 149  70,2ND PARENT CHLDSTDY/LAB,1,Arr,AR:R M,OC,Dcarlsen ,0,/,3,0,0,0,6430B234
6430,FAM 168  30,PARENT ED.: 24-36 MONTHS,3,Arr,AR:R M,OC,Dcarlsen ,20,/,20,0,4,4,6430B234
6071,FAM 149  71,2ND PARENT CHLDSTDY/LAB,1,Arr,AR:R M,OC,Kkincaid ,0,/,3,0,0,0,6431B234
6431,FAM 168  31,PARENT ED.: 24-36 MONTHS,3,Arr,AR:R M,OC,Kkincaid ,18,/,20,0,3.6,3.6,6431B234
6072,FAM 149  72,2ND PARENT CHLDSTDY/LAB,1,Arr,AR:R M,OC,Dcarlsen ,0,/,3,0,0,0,6432B234
6432,FAM 168  32,PARENT ED.: 24-36 MONTHS,3,Arr,AR:R M,OC,Dcarlsen ,20,/,20,0,4,4,6432B234
6074,FAM 149  74,2ND PARENT CHLDSTDY/LAB,1,Arr,AR:R M,OC,Ewebster ,0,/,3,0,0,0,6434B234
6434,FAM 168  34,PARENT ED.: 24-36 MONTHS,3,Arr,AR:R M,OC,Ewebster ,16,/,20,0,3.2,3.2,6434B234
6077,FAM 149  77,2ND PARENT CHLDSTDY/LAB,1,Arr,AR:R M,OC,Ebird ,1,/,3,0,0.1,0.1,6437B234
6437,FAM 178  37,PARENT ED.: 36-48 MONTHS,3,Arr,AR:R M,OC,Ebird ,18,/,20,0,3.6,3.6,6437B234
6079,FAM 149  79,2ND PARENT CHLDSTDY/LAB,1,MWTh,8:00 AM,IB 1304,Bwilli ,0,/,3,0,0,0,6439B234
6439,FAM 178  39,PARENT ED.: 36-48 MONTHS,3,MWTh,8:00 AM,IB 1304,Bwilli ,20,/,20,0,4,4,6439B234
6080,FAM 149  80,2ND PARENT CHLDSTDY/LAB,1,Arr,AR:R M,OC,Bwilli ,1,/,3,0,0.1,0.1,6440B234
6440,FAM 178  40,PARENT ED.: 36-48 MONTHS,3,Arr,AR:R M,OC,Bwilli ,20,/,20,2,4,4,6440B234
6081,FAM 149  81,2ND PARENT CHLDSTDY/LAB,1,Arr,AR:R M,OC,Jward ,0,/,3,0,0,0,6441B234
,,,,,,,,,,,,,,
Item,Course ID,Title,CR,Days,Time,Room,Instructor,Enrolled,,,Wait,FTES,,Cluster
,,,,,,,,,,,List,TOTAL,STATE,
6441,FAM 178  41,PARENT ED.: 36-48 MONTHS,3,Arr,AR:R M,OC,Jward ,20,/,20,0,4,4,6441B234
6082,FAM 149  82,2ND PARENT CHLDSTDY/LAB,1,Arr,AR:R M,OC,Ebird ,1,/,3,0,0.1,0.1,6442B234
6442,FAM 178  42,PARENT ED.: 36-48 MONTHS,3,Arr,AR:R M,OC,Ebird ,21,/,20,0,4.2,4.2,6442B234
6083,FAM 149  83,2ND PARENT CHLDSTDY/LAB,1,Arr,AR:R M,OC,Ebird ,0,/,3,0,0,0,6443B234
6443,FAM 178  43,PARENT ED.: 36-48 MONTHS,3,Arr,AR:R M,OC,Ebird ,20,/,20,0,4,4,6443B234
6084,FAM 149  84,2ND PARENT CHLDSTDY/LAB,1,Arr,AR:R M,OC,Jward ,0,/,3,0,0,0,6444B234
6444,FAM 178  44,PARENT ED.: 36-48 MONTHS,3,Arr,AR:R M,OC,Jward ,20,/,20,0,4,4,6444B234
6085,FAM 149  85,2ND PARENT CHLDSTDY/LAB,1,Arr,AR:R M,OC,Ebird ,0,/,3,0,0,0,6445B234
6445,FAM 178  45,PARENT ED.: 36-48 MONTHS,3,Arr,AR:R M,OC,Ebird ,20,/,20,0,4,4,6445B234
6086,FAM 149  86,2ND PARENT CHLDSTDY/LAB,1,Arr,AR:R M,OC,Jward ,0,/,3,0,0,0,6446B234
6446,FAM 178  46,PARENT ED.: 36-48 MONTHS,3,Arr,AR:R M,OC,Jward ,20,/,20,0,4,4,6446B234
6087,FAM 149  87,2ND PARENT CHLDSTDY/LAB,1,Arr,AR:R M,OC,Sconnors ,0,/,3,0,0,0,6447B234
6447,FAM 178  47,PARENT ED.: 36-48 MONTHS,3,Arr,AR:R M,OC,Sconnors ,14,/,20,0,2.8,2.8,6447B234
6088,FAM 149  88,2ND PARENT CHLDSTDY/LAB,1,Arr,AR:R M,OC,Kbecker ,0,/,3,0,0,0,6448B234
6448,FAM 178  48,PARENT ED.: 36-48 MONTHS,3,Arr,AR:R M,OC,Kbecker ,18,/,20,0,3.6,3.6,6448B234
6089,FAM 149  89,2ND PARENT CHLDSTDY/LAB,1,Arr,AR:R M,OC,Sconnors ,0,/,3,0,0,0,6449B234
6449,FAM 188  49,PARENT ED.: 48-72 MONTHS,3,Arr,AR:R M,OC,Sconnors ,20,/,20,0,4,4,6449B234
6090,FAM 149  90,2ND PARENT CHLDSTDY/LAB,1,Arr,AR:R M,OC,Swilliams ,0,/,3,0,0,0,6450B234
6450,FAM 188  50,PARENT ED.: 48-72 MONTHS,3,Arr,AR:R M,OC,Swilliams ,22,/,20,0,4.4,4.4,6450B234
6451,FAM 188  51,PARENT ED.: 48-72 MONTHS,3,Arr,AR:R M,OC,Jward ,19,/,20,0,3.8,3.8,6451B234
,,,,,,,,,,,,,,
Item,Course ID,Title,CR,Days,Time,Room,Instructor,Enrolled,,,Wait,FTES,,Cluster
,,,,,,,,,,,List,TOTAL,STATE,
6092,FAM 149  92,2ND PARENT CHLDSTDY/LAB,1,Arr,AR:R M,OC,Lleiker ,2,/,3,0,0.1,0.1,6452B234
6452,FAM 188  52,PARENT ED.: 48-72 MONTHS,3,Arr,AR:R M,OC,Lleiker ,18,/,20,0,3.6,3.6,6452B234
6093,FAM 149  93,2ND PARENT CHLDSTDY/LAB,1,Arr,AR:R M,OC,Ccrowser ,0,/,3,0,0,0,6453B234
6453,FAM 188  53,PARENT ED.: 48-72 MONTHS,3,Arr,AR:R M,OC,Ccrowser ,19,/,20,0,3.8,3.8,6453B234
6456,FAM 198  56,PARENT ED.: SPECIAL PROG,2,Arr,AR:R M,OC,Bwilli ,10,/,10,0,1.7,1.7,6456B234
6458,FAM 198  58,PARENT ED.: SPECIAL PROG,2,Arr,AR:R M,OC,Bwilli ,10,/,10,0,1.7,1.7,6456B234
6457,FAM 198  57,PARENT ED.: SPECIAL PROG,2,Arr,AR:R M,OC,Sconnors ,10,/,10,0,1.7,1.7,6457B234
6468,FAM 198  68,PARENT ED.: SPECIAL PROG,2,Arr,AR:R M,OC,Sconnors ,10,/,10,0,1.7,1.7,6457B234
6462,FAM 198  62,PARENT ED.: SPECIAL PROG,2,Arr,AR:R M,OC,Maabbott ,10,/,10,0,1.7,1.7,6462B234
6463,FAM 198  63,PARENT ED.: SPECIAL PROG,2,Arr,AR:R M,OC,Maabbott ,10,/,10,0,1.7,1.7,6462B234
6465,FAM 198  65,PARENT ED.: SPECIAL PROG,2,Arr,AR:R M,OC,Bwilli ,13,/,10,0,2.2,2.2,6465B234
6471,FAM 198  71,PARENT ED.: SPECIAL PROG,2,Arr,AR:R M,OC,Ccrowser ,6,/,10,0,1,1,6465B234
6466,FAM 198  66,PARENT ED.: SPECIAL PROG,2,Arr,AR:R M,OC,Lleiker ,9,/,10,0,1.5,1.5,6466B234
6467,FAM 198  67,PARENT ED.: SPECIAL PROG,2,Arr,AR:R M,OC,Lleiker ,1,/,10,0,0.2,0.2,6466B234
6500,AHE 190  01,EMERG MEDICAL TECH.,12,Other,5:00 PM,LB 1141,Kurick ,34,/,42,0,27.2,27.2,6500B234
6502,AHE 190  02,EMERG MEDICAL TECH.,12,Other,5:00 PM,LB 1141,Kurick ,29,/,42,0,23.2,23.2,6500B234
6520,NUR 105  01,CPR FIRST AID HCARE PROV,2,M,10:00 AM,IB 1409,Mbloom ,15,/,0,0,2,1.9,6520B234
6522,NUR 105  I2,CPR FIRST AID HCARE PROV,2,M,10:00 AM,IB 1409,Mbloom ,12,/,0,0,2.8,2.8,6520B234
6524,NUR 107  01,NURSING ASSISTANT-CERT,12,TThF,10:00 AM,IB 1303,Lspringman ,15,/,0,0,12,11.2,6524B234
6526,NUR 107  I2,NURSING ASSISTANT-CERT,12,TThF,10:00 AM,IB 1303,Lspringman ,12,/,0,0,16.8,16.8,6524B234
,,,,,,,,,,,,,,
Item,Course ID,Title,CR,Days,Time,Room,Instructor,Enrolled,,,Wait,FTES,,Cluster
,,,,,,,,,,,List,TOTAL,STATE,
6570,PEC 104  01,BEGINNING MARTIAL ARTS,2,TTh,10:00 AM,WC 0827D,Bgittins ,18,/,0,0,2.4,1.6,6570B234
6571,PEC 105  01,INTERMEDIATE MARTIAL ART,2,TTh,10:00 AM,WC 0827D,Bgittins ,1,/,0,0,0.1,0.1,6570B234
6572,PEC 106  01,ADVANCED MARTIAL ARTS,2,TTh,10:00 AM,WC 0827D,Bgittins ,2,/,0,0,0.3,0.1,6570B234
6573,PEC 131  01,BEGINNING WEIGHT TRAING,2,MWF,8:00 AM,WC 0829B,Jblodgett ,12,/,0,0,1.6,0.7,6573B234
6576,PEC 132  01,INTER WEIGHT TRAINING,2,MWF,8:00 AM,WC 0829B,Jblodgett ,14,/,0,0,1.9,1.2,6573B234
6574,PEC 131  02,BEGINNING WEIGHT TRAING,2,MWF,10:00 AM,WC 0829B,Jblodgett ,16,/,0,0,2.1,1.3,6574B234
6577,PEC 132  02,INTER WEIGHT TRAINING,2,MWF,10:00 AM,WC 0829B,Jblodgett ,8,/,0,0,1.1,0.9,6574B234
6575,PEC 131  03,BEGINNING WEIGHT TRAING,2,TTh,2:15 PM,WC 0829B,Jblodgett ,11,/,0,0,1.5,0.3,6575B234
6578,PEC 132  03,INTER WEIGHT TRAINING,2,TTh,2:15 PM,WC 0829B,Jblodgett ,6,/,0,0,0.8,0.7,6575B234
6584,PEC 150  01,BEGIN. PHYSICAL FITNESS,2,MWF,9:00 AM,WC 0829B,Lchristine ,12,/,0,0,1.6,1.2,6584B234
6586,PEC 151  01,INTERMED PHYSICAL FITNES,2,MWF,9:00 AM,WC 0829B,Lchristine ,1,/,0,0,0.1,0.1,6584B234
6585,PEC 150  02,BEGIN. PHYSICAL FITNESS,2,MW,1:00 PM,WC 0829B,Jblodgett ,11,/,0,0,1.5,1.1,6585B234
6587,PEC 151  02,INTERMED PHYSICAL FITNES,2,MW,1:00 PM,WC 0829B,Jblodgett ,6,/,0,0,0.8,0.7,6585B234
6608,AMA 108  04,NUTRITION & DEV BASICS,1,Arr,AR:R M,IB 1318,Mallen ,8,/,25,0,0.5,0.5,6608B234
6609,AMA 109  04,PHARMACOLOGY,1,Arr,AR:R M,IB 1318,Mallen ,10,/,25,0,0.7,0.7,6608B234
6610,AMA 110  04,INTRO TO LAB SAFETY,1,Arr,AR:R M,IB 1318,Mallen ,13,/,25,0,0.9,0.9,6610B234
6611,AMA 112  04,CREDENTIALS & EMPLOYMENT,1,Arr,AR:R M,IB 1318,Mallen ,11,/,25,0,0.7,0.7,6610B234
6612,AMA 114  04,BASIC PSYCHOLOGY PRINCIP,1,Arr,AR:R M,IB 1318,Mallen ,9,/,25,0,0.6,0.6,6612B234
6613,AMA 115  04,HIV/AIDS,1,Arr,AR:R M,IB 1318,Mallen ,7,/,25,0,0.5,0.5,6612B234
6614,AMA 116  04,PRINC OF IV THERAPY,1,Arr,AR:R M,IB 1318,Mallen ,14,/,25,0,0.9,0.9,6612B234
,,,,,,,,,,,,,,
Item,Course ID,Title,CR,Days,Time,Room,Instructor,Enrolled,,,Wait,FTES,,Cluster
,,,,,,,,,,,List,TOTAL,STATE,
6620,AMA 170  04,AP/TERMINOLOGY/PATHGY 1,2,Arr,AR:R M,IB 1318,Mcrichton ,9,/,25,0,1.2,1.2,6620B234
6621,AMA 171  04,AP/TERMINOLOGY/PATHGY 2,1,Arr,AR:R M,IB 1318,Mcrichton ,9,/,25,0,0.6,0.6,6620B234
6622,AMA 172  04,AP/TERMINOLOGY/PATHGY 3,1,Arr,AR:R M,IB 1318,Mcrichton ,9,/,25,0,0.6,0.6,6620B234
6623,AMA 173  04,AP/TERMINOLOGY/PATHGY 4,1,Arr,AR:R M,IB 1318,Mcrichton ,9,/,25,0,0.6,0.6,6623B234
6624,AMA 174  04,AP/TERMINOLOGY/PATHGY 5,1,Arr,AR:R M,IB 1318,Mcrichton ,8,/,25,0,0.5,0.5,6623B234
6625,AMA 175  04,AP/TERMINOLOGY/PATHGY 6,1,Arr,AR:R M,IB 1318,Mcrichton ,9,/,25,0,0.6,0.6,6623B234
6627,AMA 177  04,AP/TERMINOLOGY/PATHGY 8,1,Arr,AR:R M,IB 1318,Mallen ,10,/,25,0,0.7,0.7,6627B234
6628,AMA 178  04,AP/TERMINOLOGY/PATHGY 9,1,Arr,AR:R M,IB 1318,Mallen ,10,/,25,0,0.7,0.7,6627B234
6629,AMA 179  04,AP/TERMINOLOGY/PATHGY 10,1,Arr,AR:R M,IB 1318,Mallen ,10,/,25,0,0.7,0.7,6629B234
6630,AMA 180  04,AP/TERMINOLOGY/PATHGY 11,1,Arr,AR:R M,IB 1318,Mallen ,10,/,25,0,0.7,0.7,6629B234
6631,AMA 181  04,AP/TERMINOLOGY/PATHGY 12,1,Arr,AR:R M,IB 1318,Mallen ,9,/,25,0,0.6,0.6,6629B234
6633,AMA 227  04,MED INSURANCE BILLING,2,Arr,AR:R M,IB 1318,Mcrichton ,17,/,20,0,2.3,2.3,6633B234
6634,AMA 230  04,MEDICAL OFFICE MANAGEMEN,1,Arr,AR:R M,IB 1318,Mcrichton ,15,/,25,0,1,1,6633B234
6640,AMA 245  04,MINOR SURGERY,2,Arr,AR:R M,IB 1318,Plarson ,13,/,20,0,1.7,1.7,6640B234
6641,AMA 246  04,PATIENT PRIORITIZING INS,1,Arr,AR:R M,IB 1318,Plarson ,6,/,25,0,0.4,0.4,6640B234
6642,AMA 250  04,MEDICATION CALC & ADMIN,2,Arr,AR:R M,IB 1318,Sstufflebeam,12,/,20,0,1.6,1.6,6642B234
6643,AMA 251  04,EKG,1,Arr,AR:R M,IB 1318,Sstufflebeam,16,/,20,0,1.1,1.1,6642B234
6644,AMA 252  04,PHLEBOTOMY,2,Arr,AR:R M,IB 1318,Sstufflebeam,9,/,20,0,1.2,1.2,6642B234
6645,AMA 253  04,HEMATOLOGY,1,Arr,AR:R M,IB 1318,Plarson ,8,/,20,0,0.5,0.5,6645B234
6646,AMA 254  04,URINALYSIS,1,Arr,AR:R M,IB 1318,Plarson ,7,/,20,0,0.5,0.5,6645B234
,,,,,,,,,,,,,,
Item,Course ID,Title,CR,Days,Time,Room,Instructor,Enrolled,,,Wait,FTES,,Cluster
,,,,,,,,,,,List,TOTAL,STATE,
6647,AMA 255  04,BASIC MICROBIOLOGY,1,Arr,AR:R M,IB 1318,Plarson ,9,/,20,0,0.6,0.6,6647B234
6648,AMA 256  04,SPECIALTY LAB TESTS/CHEM,1,Arr,AR:R M,IB 1318,Plarson ,7,/,20,0,0.5,0.5,6647B234
9370,AMA 102  D4,LEGAL CONCEPTS,1,Online,-,-,Mallen ,10,/,25,0,0.7,0.7,9370B234
9372,AMA 103  D4,ETHICAL CONCEPTS,1,Online,-,-,Mallen ,13,/,25,0,0.9,0.9,9370B234
9374,AMA 108  D4,NUTRITION & DEV BASICS,1,Online,-,-,Mallen ,6,/,25,0,0.4,0.4,9370B234
9376,AMA 109  D4,PHARMACOLOGY,1,Online,-,-,Mallen ,9,/,25,0,0.6,0.6,9370B234
9378,AMA 115  D4,HIV/AIDS,1,Online,-,-,Mallen ,5,/,25,0,0.3,0.3,9378B234
9380,AMA 241  D4,MALE REPRODUCTIVE/GERONT,1,Online,-,-,Mallen ,9,/,25,0,0.6,0.6,9378B234
9382,AMA 246  D4,PATIENT PRIORITIZING INS,1,Online,-,-,Mallen ,6,/,25,0,0.4,0.4,9378B234
9384,AMA 290  D4,MED ASSISTING EXTERNSHIP,7,Online,-,-,Mallen ,1,/,15,0,0.5,0.5,9378B234
9388,AMA 170  D1,AP/TERMINOLOGY/PATHGY 1,2,Online,-,-,Mallen ,6,/,25,0,0.8,0.8,9388B234
9389,AMA 171  D2,AP/TERMINOLOGY/PATHGY 2,1,Online,-,-,Mallen ,5,/,25,0,0.3,0.3,9388B234
9390,AMA 172  D3,AP/TERMINOLOGY/PATHGY 3,1,Online,-,-,Mallen ,8,/,25,0,0.5,0.5,9388B234
9391,AMA 173  D4,AP/TERMINOLOGY/PATHGY 4,1,Online,-,-,Mallen ,5,/,25,0,0.3,0.3,9388B234
9392,AMA 174  D5,AP/TERMINOLOGY/PATHGY 5,1,Online,-,-,Mallen ,7,/,25,0,0.5,0.5,9388B234
9393,AMA 175  D6,AP/TERMINOLOGY/PATHGY 6,1,Online,-,-,Mallen ,8,/,25,0,0.5,0.5,9388B234
9394,AMA 176  D7,AP/TERMINOLOGY/PATHGY 7,1,Online,-,-,Mallen ,4,/,25,0,0.3,0.3,9394B234
9395,AMA 177  D8,AP/TERMINOLOGY/PATHGY 8,1,Online,-,-,Mallen ,5,/,25,0,0.3,0.3,9394B234
9396,AMA 178  D9,AP/TERMINOLOGY/PATHGY 9,1,Online,-,-,Mallen ,5,/,25,0,0.3,0.3,9394B234
9397,AMA 179  D10,AP/TERMINOLOGY/PATHGY 10,1,Online,-,-,Mallen ,6,/,25,0,0.4,0.4,9397B234
,,,,,,,,,,,,,,
Item,Course ID,Title,CR,Days,Time,Room,Instructor,Enrolled,,,Wait,FTES,,Cluster
,,,,,,,,,,,List,TOTAL,STATE,
9398,AMA 180  D11,AP/TERMINOLOGY/PATHGY 11,1,Online,-,-,Mallen ,3,/,25,0,0.2,0.2,9397B234
9399,AMA 181  D12,AP/TERMINOLOGY/PATHGY 12,1,Online,-,-,Mallen ,3,/,25,0,0.2,0.2,9397B234
9403,ACCT 120  DI1,INTRO TO ACCTG/BOOKG II,5,Online,-,-,Djovanovich ,6,/,6,0,3.5,3.5,9401B234
9401,ACCT 120  D1,INTRO TO ACCTG/BOOKG II,5,Online,-,-,Djovanovich ,15,/,19,0,5,5,9401B234
9441,BUS 118  D1,PROJECT MGMNT INTRO OVER,5,Online,-,-,Wholt ,6,/,0,0,2,1.7,9450B234
9450,BUS 229  D1,PROJECT MANAGEMENT,5,Online,-,-,Wholt ,13,/,25,0,4.3,4,9450B234
9454,EET 136  D2,INTRODUCTION TO ROBOTS,5,Online,-,-,Djenkins ,0,/,0,2,0,0,9455B234
9455,EET 136  D1,INTRODUCTION TO ROBOTS,5,Online,-,-,Djenkins ,22,/,25,2,7.3,7,9455B234
9460,IT 122  D1,NETWORK OS 1 WINDOWS CLI,5,Online,-,-,Mrice ,9,/,25,0,3,3,9460B234
9463,IT 126  D1,NETWORK OS 3 WINDOWS NET,5,Online,-,-,Mrice ,11,/,0,0,3.7,3.3,9460B234
9466,IT 128  D1,NETWORK OS 4 WINDOWS ACT,5,Online,-,-,Mrice ,5,/,0,0,1.7,1.7,9460B234
9462,IT 122  D2,NETWORK OS 1 WINDOWS CLI,5,Online,-,-,Mrice ,10,/,25,0,3.3,3,9462B234
9465,IT 126  D2,NETWORK OS 3 WINDOWS NET,5,Online,-,-,Mrice ,10,/,0,0,3.3,3.3,9462B234
9467,IT 128  D2,NETWORK OS 4 WINDOWS ACT,5,Online,-,-,Mrice ,4,/,0,0,1.3,1.3,9462B234
9506,ECON 100  D1,SURVEY OF ECONOMICS,5,Online,-,-,Thcook ,16,/,25,0,5.3,5,9506B234
9512,ECON 240  D1,WORLD OF WORK,5,Online,-,-,Thcook ,4,/,0,0,1.3,1.3,9506B234
9605,PSYC 230  D1,HUMAN SEXUALITY,5,Online,-,-,Ratkins ,20,/,30,2,6.7,5.7,9605B234
9615,SOC 230  D1,HUMAN SEXUALITY,5,Online,-,-,Ratkins ,7,/,0,4,2.3,2.3,9605B234
9627,ENGL 151  D1,CREATIVE WRITING,5,Online,-,-,Gnovember ,23,/,25,8,7.7,7.7,9627B234
9628,ENGL 152  D1,CREATIVE WRITING,5,Online,-,-,Gnovember ,3,/,0,2,1,1,9627B234
,,,,,,,,,,,,,,
Item,Course ID,Title,CR,Days,Time,Room,Instructor,Enrolled,,,Wait,FTES,,Cluster
,,,,,,,,,,,List,TOTAL,STATE,
9629,ENGL 153  D1,CREATIVE WRITING,5,Online,-,-,Gnovember ,0,/,0,2,0,0,9627B234
,,,,,,,,,,,,,,
Non-Clustered Class Summary:,,,,,,,,,,,,,,
Total Open Classes: 521,,,,,,,,,,,,,,
,,,,,,,,,,,,,,
Total Cancelled Classes: 27,,,,,,,,,,,,,,
"Total Enrolled in Classes: 10,921",,,,,,,,,,,,,,
Average Class Enrollment: 21 (cancelled classes not factored),,,,,,,,,,,,,,
,,,,,,,,,,,,,,
FTES,,,,,,,,,,,,,,
"Total FTES: 3,300.1",,,,,,,,,,,,,,
"Total State-Funded FTES: 2,597.9",,,,,,,,,,,,,,
,,,,,,,,,,,,,,
,,,,,,,,,,,,,,
Clustered Class Summary:,,,,,,,,,,,,,,
Total Open Clusters: 136,,,,,,,,,,,,,,
,,,,,,,,,,,,,,
Total Cancelled Classes: 3,,,,,,,,,,,,,,
"Total Enrolled in Classes: 3,260",,,,,,,,,,,,,,
Average Class Enrollment: 25 (cancelled classes not factored),,,,,,,,,,,,,,
,,,,,,,,,,,,,,
FTES,,,,,,,,,,,,,,
Total FTES: 903.2,,,,,,,,,,,,,,
Total State-Funded FTES: 791.3,,,,,,,,,,,,,,
