WINTER 13 : 6/11/2013 6:13:11 PM,,,,,,,,,,,,,,
,,,,,,,,,,,,,,
Report Title: All Classes ,,,,,,,,,,,,,,
,,,,,,,,,,,,,,
Non-Clustered Classes: ,,,,,,,,,,,,,,
Item,Course ID,Title,CR,Days,Time,Room,Instructor,Enrolled,,,Wait,FTES,,
,,,,,,,,,,,List,TOTAL,STATE,
9400,ACCT 110  D2,INTRO TO ACCTG/BOOKG I,5,Online,-,-,Egodifay ,17,/,25,0,5.7,4.3,
9405,ACCT 131  D1,QUICKBOOKS,5,Online,-,-,Htian ,18,/,25,2,6,6,
4005,ACCT 200  01N,ACCT FOR NON ACCOUNTANTS,5,TTh,5:30 PM,IB 3313,Cancel 12/18,0,/,25,0,0,0,
4024,ACCT&201  02N,PRIN OF ACCOUNTING I,5,TTh,5:30 PM,IB 3413,Dchu ,36,/,35,0,12,6.3,
4025,ACCT&201  02,PRIN OF ACCOUNTING I,5,Other,10:00 AM,IB 3413,Rwoods ,31,/,35,0,10.3,6,
9410,ACCT&201  D1,PRIN OF ACCOUNTING I,5,Online,-,-,Breed ,23,/,25,6,7.7,6.7,
4020,ACCT&201  01,PRIN OF ACCOUNTING I,5,DAILY,9:00 AM,IB 3313,Jcsmith ,34,/,35,1,11.3,5.7,
4023,ACCT&201  03,PRIN OF ACCOUNTING I,5,DAILY,10:00 AM,IB 3316,Jzeng ,31,/,35,0,10.3,4.3,
4027,ACCT&202  03,PRIN OF ACCOUNTING II,5,Other,11:00 AM,LB 1141,Esedlik ,36,/,35,0,12,2.7,
9412,ACCT&202  D1,PRIN OF ACCOUNTING II,5,Online,-,-,Psomostithis,25,/,25,0,8.3,7,
4026,ACCT&202  01,PRIN OF ACCOUNTING II,5,DAILY,10:00 AM,IB 3313,Jcsmith ,23,/,35,0,7.7,4.3,
4028,ACCT&202  02,PRIN OF ACCOUNTING II,5,DAILY,11:00 AM,IB 3313,Jcsmith ,22,/,35,0,7.3,2.7,
4030,ACCT&202  03N,PRIN OF ACCOUNTING II,5,MW,5:30 PM,IB 3313,Kbreland ,23,/,35,0,7.7,7,
4032,ACCT&203  01,PRIN OF ACCOUNTING III,5,DAILY,11:00 AM,IB 3413,Lhopt ,14,/,35,0,4.7,2.3,
4029,ACCT&203  03,PRIN OF ACCOUNTING III,5,DAILY,10:00 AM,IB 3327,Cancel 10/17,0,/,35,0,0,0,
4034,ACCT&203  02N,PRIN OF ACCOUNTING III,5,MW,5:30 PM,IB 3315,Jcsmith ,26,/,35,0,8.7,5,
9414,ACCT&203  D1,PRIN OF ACCOUNTING III,5,Online,-,-,Rwoods ,22,/,25,1,7.3,6.7,
9420,ACCT 252  D1,INTERM. ACCOUNTING II,5,Online,-,-,Rwoods ,21,/,25,0,7,6.7,
9424,ACCT 255  D1,INDIVIDUAL INCOME TAX,5,Online,-,-,Egodifay ,25,/,30,0,8.3,8.3,
9427,ACCT 257  D1,BUSINESS TAX ACCOUNTING,5,Online,-,-,Djovanovich ,31,/,25,3,10.3,10.3,
,,,,,,,,,,,,,,
Item,Course ID,Title,CR,Days,Time,Room,Instructor,Enrolled,,,Wait,FTES,,
,,,,,,,,,,,List,TOTAL,STATE,
9428,ACCT 265  D1,ACC NOT-FOR-PROF AND GOV,5,Online,-,-,Kfoe ,23,/,25,6,7.7,7.3,
9429,ACCT 267  D1,NOT FOR PROFIT FIN MNGMT,5,Online,-,-,Kfoe ,24,/,25,0,8,7.3,
9430,ACCT 270  D1,COST ACCOUNTING,5,Online,-,-,Esedlik ,23,/,25,0,7.7,7.3,
9432,ACCT 271  D1,ETHICS IN ACCOUNTING,5,Online,-,-,Rwoods ,24,/,25,5,8,8,
9433,ACCT 273  D1,INTRO TO FINANCIAL CRIME,5,Online,-,-,Cancel 10/17,0,/,25,0,0,0,
9436,ACCT 273  D2,INTRO TO FINANCIAL CRIME,5,Online,-,-,Rwoods ,11,/,25,0,3.7,3.7,
4058,ACCT 298  01,SPECIAL TOPIC:ACCOUNTING,5,Arr,AR:R M,ARR,STAFF,1,/,5,0,0.3,0.3,
6507,AHE 103  01,MATH FOR HEALTH CAREERS,3,MW,1:00 PM,IB 1307,Tdguirl ,29,/,30,0,5.8,5.8,
6505,AHE 191  CPR,HEALTHCARE PROVIDER CPR,2,Th,6:00 PM,IB 1409,Mbloom ,30,/,42,0,4,4,
6509,AHE 242  01,BASIC BLOOD COLLECTION,2,Sa,9:00 AM,IB 1317,Tdguirl ,22,/,20,2,2.9,2.8,
9341,AHI 100  D3,INTRO TO MED VOCABULARY,3,Online,-,-,Cancel 12/21,0,/,25,0,0,0,
9339,AHI 100  D2,INTRO TO MED VOCABULARY,3,Online,-,-,Bgeary ,22,/,0,0,4.4,4.2,
9337,AHI 100  D1,INTRO TO MED VOCABULARY,3,Online,-,-,Bgeary ,22,/,0,0,4.4,4.2,
6650,AHM 101  03,PATHOLOGY 1,1,Arr,AR:R M,IB 1318,Mallen ,5,/,25,0,0.3,0.3,
6651,AHM 102  03,PATHOLOGY 2,1,Arr,AR:R M,IB 1318,Mallen ,6,/,25,0,0.4,0.4,
6652,AHM 103  03,PATHOLOGY 3,1,Arr,AR:R M,IB 1318,Mallen ,5,/,25,0,0.3,0.3,
6653,AHM 104  03,PATHOLOGY 4,1,Arr,AR:R M,IB 1318,Mallen ,5,/,25,0,0.3,0.3,
6654,AHM 105  03,PATHOLOGY 5,1,Arr,AR:R M,IB 1318,Mallen ,5,/,25,0,0.3,0.3,
6655,AHM 117  03,INTRO TO LAB & CLIN SAFT,1,Arr,AR:R M,IB 1318,Mallen ,0,/,25,0,0,0,
6656,AHM 118  03,INTRO TO PATIENT HISTORY,1,Arr,AR:R M,IB 1318,Mallen ,0,/,25,0,0,0,
,,,,,,,,,,,,,,
Item,Course ID,Title,CR,Days,Time,Room,Instructor,Enrolled,,,Wait,FTES,,
,,,,,,,,,,,List,TOTAL,STATE,
6657,AHM 124  03,INTRO TO MEDICAL TRANSCR,1,Arr,AR:R M,IB 1318,Mallen ,0,/,20,0,0,0,
6658,AHM 140  03,PHLEBOTOMY 2,1,Arr,AR:R M,IB 1318,Mallen ,1,/,20,0,0.1,0.1,
6659,AHM 141  03,LAB EQUIPMENT/MEASUREMEN,1,Arr,AR:R M,IB 1318,Mallen ,1,/,25,0,0.1,0.1,
6660,AHM 142  03,NON-BLOOD SPECIMEN COLL,1,Arr,AR:R M,IB 1318,Mallen ,1,/,20,0,0.1,0.1,
6600,AMA 100  03,INTRO TO HEALTHCARE,1,Arr,AR:R M,IB 1318,Mallen ,22,/,25,0,1.5,1.5,
6601,AMA 101  03,COMMUNICATIONS IN HEALTH,2,Arr,AR:R M,IB 1318,Sstufflebeam,23,/,25,0,3.1,3.1,
6602,AMA 102  03,LEGAL CONCEPTS,1,Arr,AR:R M,IB 1318,Mallen ,9,/,25,0,0.6,0.6,
6603,AMA 103  03,ETHICAL CONCEPTS,1,Arr,AR:R M,IB 1318,Mallen ,12,/,25,0,0.8,0.8,
6604,AMA 104  03,OFFICE EMERGENCIES,2,Arr,AR:R M,IB 1318,Sstufflebeam,19,/,20,0,2.5,2.5,
6605,AMA 105  03,ASEPSIS & INFECTION CONT,1,Arr,AR:R M,IB 1318,Mallen ,19,/,20,0,1.3,1.3,
6606,AMA 106  03,PATIENT HISTORY,1,Arr,AR:R M,IB 1318,Sstufflebeam,25,/,25,0,1.7,1.7,
6607,AMA 107  03,VITAL SIGNS/MEASURMENTS,1,Arr,AR:R M,IB 1318,Sstufflebeam,17,/,20,0,1.1,1.1,
6615,AMA 120  03,FRONT OFFICE BASICS,1,Arr,AR:R M,IB 1318,Mcrichton ,24,/,25,0,1.6,1.6,
6616,AMA 121  03,PATIENT SCHEDULING,1,Arr,AR:R M,IB 1318,Mcrichton ,24,/,25,0,1.6,1.6,
6617,AMA 122  03,MED RECORDS & CORRESPOND,1,Arr,AR:R M,IB 1318,Mcrichton ,21,/,20,0,1.4,1.4,
6618,AMA 123  03,DAILY FINANCIAL MANAGEME,1,Arr,AR:R M,IB 1318,Mcrichton ,18,/,20,0,1.2,1.2,
6619,AMA 125  03,INTRO TO MED INS CODING,2,Arr,AR:R M,IB 1318,Mcrichton ,23,/,25,0,3.1,3.1,
6632,AMA 226  03,MED INSURANCE CODING 1,1,Arr,AR:R M,IB 1318,Mcrichton ,16,/,20,0,1.1,1.1,
6637,AMA 242  03,EXAMS BY BODY SYSTEMS,2,Arr,AR:R M,IB 1318,Plarson ,11,/,20,0,1.5,1.5,
6638,AMA 243  03,REHABILITATION,1,Arr,AR:R M,IB 1318,Mallen ,13,/,20,0,0.9,0.9,
,,,,,,,,,,,,,,
Item,Course ID,Title,CR,Days,Time,Room,Instructor,Enrolled,,,Wait,FTES,,
,,,,,,,,,,,List,TOTAL,STATE,
6639,AMA 244  03,INTRO TO IMAGING,1,Arr,AR:R M,IB 1318,Plarson ,4,/,25,0,0.3,0.3,
3101,AME 150  H1,AMERICA'S ETHNIC HISTORY,5,HYBRID - MTWTh,9:00 AM,LB 1131,Erolguin ,36,/,36,0,12,9.3,
3105,ANTH&206  01,CULTURAL ANTHROPOLOGY,5,Other,11:00 AM,CC 3452,Ccummings ,32,/,36,0,10.7,9,
3103,ANTH&216  H1,NORTHWEST COAST INDIANS,5,HYBRID - MWF,8:00 AM,CC 3345,Nthompson ,10,/,36,0,3.3,2.7,
1006,ART& 100  01,ART APPRECIATION,5,MWF,12:00 PM,LB 1131,Gtramantano ,30,/,30,0,10,7,
1008,ART 101  01,DESIGN,5,MW,9:00 AM,AS 1530,Kmartensen ,20,/,20,0,6.7,4,
1012,ART 111  03,DRAWING,5,TTh,1:00 PM,AS 1532,Kmartensen ,20,/,20,0,6.7,4.7,
1010,ART 111  01,DRAWING,5,TTh,9:00 AM,AS 1532,Aknowles ,18,/,20,0,6,3.7,
1011,ART 111  02,DRAWING,5,MW,1:00 PM,AS 1532,Kmartensen ,20,/,20,0,6.7,5,
1014,ART 112  01,DRAWING,5,MW,6:00 PM,AS 1532,Mkelly ,19,/,20,0,6.3,5,
1035,ART 210  01,COMPUTER ART,5,TTh,9:00 AM,ED 2843B,Mmeyer ,26,/,25,0,8.7,6.3,
1045,ART 214  01,ADVANCED COMPUTER ART,5,TTh,12:30 PM,ED 2843B,Mmeyer ,10,/,25,0,3.3,2,
1058,ART 281  01,JEWELRY DESIGN,5,TTh,1:00 PM,AS 1533,Lhull ,19,/,18,0,6.3,4.3,
1064,ART 290  01,THE ART BUSINESS,5,TTh,6:00 PM,AS 1530,Lhull ,26,/,35,0,8.7,6.3,
1070,ART 299  01,SPECIAL PROBLEMS IN ART,3,Arr,AR:R M,IB 2407C,Kmartensen ,3,/,10,0,0.6,0.2,
1071,ART 299  02,SPECIAL PROBLEMS IN ART,3,Arr,AR:R M,IB 2407C,Aknowles ,1,/,10,0,0.2,0.2,
1075,ART 299  06,SPECIAL PROBLEMS IN ART,3,Arr,AR:R M,IB 2407C,Mkelly ,0,/,10,0,0,0,
1077,ART 299  07,SPECIAL PROBLEMS IN ART,5,Arr,AR:R M,IB 2407,Lhalvorsen ,6,/,10,0,0.7,0.3,
1074,ART 299  05,SPECIAL PROBLEMS IN ART,3,Arr,AR:R M,IB 2407C,Mmeyer ,0,/,10,0,0,0,
1073,ART 299  03,SPECIAL PROBLEMS IN ART,3,Arr,AR:R M,IB 2407C,Lhull ,7,/,4,0,1.4,1,
,,,,,,,,,,,,,,
Item,Course ID,Title,CR,Days,Time,Room,Instructor,Enrolled,,,Wait,FTES,,
,,,,,,,,,,,List,TOTAL,STATE,
1078,ART 299  08,SPECIAL PROBLEMS IN ART,3,Arr,AR:R M,IB 2407C,Egherard ,0,/,10,0,0,0,
1700,ASL& 121  01,AMER. SIGN. LANG. I,5,TTh,6:00 PM,CC 3460,Bbernstein ,25,/,25,0,8.3,7.3,
1702,ASL& 122  01,AM SIGN LANGUAGE II,5,TTh,6:00 PM,IB 2412C,Wseago ,17,/,25,0,5.7,3.7,
2007,ASTR 102  02,SPACE AND SPACE TRAVEL,5,MWF,9:00 AM,AS 1623,Cancel 12/21,0,/,24,0,0,0,
2011,BIOL&100  01,SURVEY OF BIOLOGY,5,Other,8:00 AM,AS 1622,Csheridan ,19,/,32,0,6.3,4.7,
2021,BIOL&160  H3,GENERAL BIOLOGY W/LAB,5,HYBRID - WF,10:00 AM,AS 1617,Amurkows ,30,/,32,1,10,7.7,
2045,BIOL&160  08,GENERAL BIOLOGY W/LAB,5,MW,6:00 PM,AS 1617,Kbarndt ,28,/,32,0,9.3,8.7,
2029,BIOL&160  H5,GENERAL BIOLOGY W/LAB,5,HYBRID - T,12:00 PM,AS 1614,Egoulet ,24,/,32,0,8,6.3,
2013,BIOL&160  01,GENERAL BIOLOGY W/LAB,5,T,8:00 AM,AS 1614,Amurkows ,27,/,32,0,9,5.7,
2037,BIOL&160  H7,GENERAL BIOLOGY W/LAB,5,HYBRID - M,2:00 PM,AS 1617,Egoulet ,28,/,32,0,9.3,6.7,
2053,BIOL&211  05,MAJORS CELLULAR,5,MT,12:00 PM,AS 1617,Tfox ,32,/,32,1,10.7,8,
2061,BIOL&212  01,MAJORS ANIMAL,5,MT,8:00 AM,AS 1617,Egoulet ,23,/,32,0,7.7,6.7,
2069,BIOL&212  03,MAJORS ANIMAL,5,MT,10:00 AM,AS 1617,Bsaunder ,29,/,32,0,9.7,8.3,
2075,BIOL&212  09,MAJORS ANIMAL,5,TTh,6:00 PM,AS 1617,Lbauman ,33,/,32,1,11,8.3,
2105,BIOL&241  01,HUMAN A & P 1,5,Other,8:00 AM,AS 1615,Lhays ,31,/,32,6,10.3,9.7,
2117,BIOL&241  05,HUMAN A & P 1,5,Other,12:00 PM,AS 1615,Hiverson ,29,/,32,0,9.7,9,
2119,BIOL&241  H7,HUMAN A & P 1,5,MW,2:00 PM,AS 1615,Hiverson ,14,/,32,0,4.7,4.7,
2123,BIOL&241  08,HUMAN A & P 1,5,MW,6:00 PM,AS 1521,Jprice ,27,/,32,0,9,8.7,
2111,BIOL&241  03,HUMAN A & P 1,5,Other,10:00 AM,AS 1615,Hiverson ,30,/,32,0,10,9,
2129,BIOL&241  09,HUMAN A & P 1,5,TTh,6:00 PM,AS 1521,Jlearn ,42,/,32,1,14,14,
,,,,,,,,,,,,,,
Item,Course ID,Title,CR,Days,Time,Room,Instructor,Enrolled,,,Wait,FTES,,
,,,,,,,,,,,List,TOTAL,STATE,
2157,BIOL&242  08,HUMAN A & P 2,5,Other,6:00 PM,AS 1615,Kmjohnson ,27,/,32,0,9,8.7,
2135,BIOL&242  01,HUMAN A & P 2,5,Other,8:00 AM,AS 1627,Msargizi ,22,/,32,0,7.3,7.3,
2141,BIOL&242  03,HUMAN A & P 2,5,Other,10:00 AM,AS 1627,Msargizi ,23,/,32,0,7.7,7,
2165,BIOL&242  10,HUMAN A & P 2,5,Sa,8:30 AM,AS 1615,Jdahms ,26,/,32,0,8.7,8.7,
2147,BIOL&242  05,HUMAN A & P 2,5,M,12:00 PM,AS 1627,Cancel 12/21,0,/,32,0,0,0,
2161,BIOL&242  09,HUMAN A & P 2,5,TTh,6:00 PM,AS 1615,Kbentson ,26,/,32,0,8.7,8.3,
2177,BIOL&260  05,MICROBIOLOGY,5,Other,12:00 PM,AS 1622,Sschlado ,26,/,32,0,8.7,8,
2171,BIOL&260  H3,MICROBIOLOGY,5,HYBRID - MTW,10:00 AM,AS 1622,Sschlado ,27,/,32,0,9,8,
2193,BIOL&260  09,MICROBIOLOGY,5,TTh,6:00 PM,AS 1622,Psilver ,26,/,32,1,8.7,8.7,
2189,BIOL&260  08,MICROBIOLOGY,5,MW,6:00 PM,AS 1622,Licenogle ,23,/,32,0,7.7,6.7,
2195,BIOL 299  01,INDEPENDENT STDY BIOLOGY,1,Arr,AR:R M,ARR,Egoulet ,1,/,1,0,0.1,0.1,
2197,BIOL 299  02,INDEPENDENT STDY BIOLOGY,1,Arr,AR:R M,ARR,Bsaunder ,1,/,1,0,0.1,0.1,
9446,BUS& 101  D2,INTRO TO BUSINESS,5,Online,-,-,Cancel 10/29,0,/,35,0,0,0,
9435,BUS& 101  D1,INTRO TO BUSINESS,5,Online,-,-,Jelkins ,25,/,25,0,8.3,5.7,
4103,BUS& 101  01N,INTRO TO BUSINESS,5,Other,5:30 PM,IB 3317,Zasmulski ,21,/,35,0,7,4,
4110,BUS 112  01,MULTI-CUL ISSUES/WRKPLAC,5,Other,8:30 AM,IB 3317,Tanderso ,32,/,35,0,10.7,9.7,
4114,BUS 114  01,INTRO TO MARKETING,5,TTh,11:00 AM,IB 3317,Nadelson ,14,/,25,0,4.7,4.7,
4119,BUS 117  01N,RECORDS MANAGEMENT,2,T,5:30 PM,IB 3409,Mfarrar ,12,/,25,0,1.6,1.6,
9448,BUS 118  D2,PROJECT MGMNT INTRO OVER,5,Online,-,-,Cancel 10/29,0,/,25,0,0,0,
9442,BUS 118  D1,PROJECT MGMNT INTRO OVER,5,Online,-,-,Wholt ,26,/,25,0,8.7,7,
,,,,,,,,,,,,,,
Item,Course ID,Title,CR,Days,Time,Room,Instructor,Enrolled,,,Wait,FTES,,
,,,,,,,,,,,List,TOTAL,STATE,
9447,BUS 119  D2,LEADERSHIP MNGMT SKILLS,3,Online,-,-,Cancel 10/29,0,/,25,0,0,0,
9444,BUS 119  D1,LEADERSHIP MNGMT SKILLS,3,Online,-,-,Bradenco ,23,/,25,0,4.6,4.4,
9445,BUS 124  D2,EXCEL FOR BUSINESS,5,Online,-,-,Bbarry ,24,/,25,0,8,7.3,
4120,BUS 124  01N,EXCEL FOR BUSINESS,5,MW,5:30 PM,IB 3404,Rjones ,22,/,28,0,7.3,7,
4124,BUS 126  01,POWERPOINT FOR BUSINESS,2,W,1:30 PM,IB 3307,Mfarrar ,21,/,28,0,2.8,2.7,
4130,BUS 140  01,CUSTOMER RELATIONS,5,TTh,1:30 PM,IB 3315,Mmelsness ,28,/,35,0,9.3,9.3,
4138,BUS 151  01N,INTRO TO ENTREPRENEURSHP,3,Other,6:00 PM,IB 3409,Deberhar ,17,/,35,0,3.4,3,
4142,BUS 169  02N,USING COMPUTERS IN BUS,5,Other,6:00 PM,IB 3309,Deberhar ,25,/,28,0,8.3,7.3,
9449,BUS 186  D1,SUSTAINABLE BUSINESS,5,Online,-,-,Cancel 11/06,0,/,25,0,0,0,
9452,BUS 200  D1,LAW AND SOCIETY,5,Online,-,-,Lhopt ,19,/,25,3,6.3,5.3,
9450,BUS& 201  D1,BUSINESS LAW,5,,AR:R M,OC,Cancel 10/29,0,/,35,0,0,0,
4159,BUS& 201  01,BUSINESS LAW,5,Other,10:00 AM,IB 3317,Lhopt ,28,/,35,0,9.3,3.7,
4160,BUS& 201  02,BUSINESS LAW,5,Other,12:00 PM,IB 3426,Lhopt ,34,/,35,0,11.3,7.3,
4171,BUS 210  01,BUS & ECONOMIC STATISTIC,5,Other,10:00 AM,IB 3417,Wholt ,32,/,35,3,10.7,4.3,
4172,BUS 210  02N,BUS & ECONOMIC STATISTIC,5,Other,6:00 PM,IB 3317,Wholt ,24,/,35,0,8,5,
4173,BUS 215  01N,INTRO TO INT'L TRADE BUS,5,MW,6:00 PM,IB 3413,Mmelsness ,6,/,35,0,2,1.7,
9451,BUS 215  D1,INTRO TO INT'L TRADE BUS,5,Online,-,-,Cancel 10/29,0,/,25,0,0,0,
4178,BUS 236  01,I'PERSONAL COMM WORKPLAC,5,Other,11:00 AM,IB 3417,Wholt ,24,/,25,0,8,7,
9453,BUS 236  D1,I'PERSONAL COMM WORKPLAC,5,Online,-,-,Bradenco ,23,/,30,0,7.7,7.7,
9454,BUS 236  D2,I'PERSONAL COMM WORKPLAC,5,Online,-,-,Bradenco ,20,/,25,0,6.7,6.3,
,,,,,,,,,,,,,,
Item,Course ID,Title,CR,Days,Time,Room,Instructor,Enrolled,,,Wait,FTES,,
,,,,,,,,,,,List,TOTAL,STATE,
4180,BUS 236  02,I'PERSONAL COMM WORKPLAC,5,Other,11:00 AM,IB 3417,Deberhar ,23,/,25,2,7.7,7.3,
4188,BUS 298  01,SPECIAL TOPICS: BUSINESS,5,Arr,AR:R M,IB 2312,STAFF,0,/,5,0,0,0,
6001,CCE 101  01,HUMAN DEVELOPMENT,5,TTh,5:00 PM,IB 1322,Ndaniel ,18,/,28,0,6,5.7,
6003,CCE 136  01,SIGNING WITH YOUNG CHILD,2,Th,7:30 PM,IB 1322,Cydavis ,16,/,25,0,2.1,1.9,
6005,CCE 145  01,MUSIC & CREATIVE EXPRSN,4,Other,6:30 PM,IB 1303,Jkarshna ,21,/,25,0,5.6,5.1,
6007,CCE 160  3M,CONNECTING TO CHILDREN,2,M,6:00 PM,IB 1303,Vbiesiedzins,20,/,24,0,2.7,2.5,
6009,CCE 160  4M,CONNECTING TO CHILDREN,2,M,7:00 PM,IB 1303,Vbiesiedzins,21,/,24,0,2.8,2.7,
6011,CCE 166  01,CULTIVATING CONVERSATION,3,W,6:30 PM,IB 1303,Ndaniel ,29,/,25,0,5.8,5.6,
6013,CCE 175  01,MATHEMATICS AND DESIGN,3,T,6:30 PM,IB 1303,Vbiesiedzins,19,/,25,0,3.8,3.2,
6015,CCE 195  01,ART FOR YOUNG CHILDREN,3,Sa,12:00 PM,IB 1303,Vbiesiedzins,26,/,25,0,5.2,5.2,
6017,CCE 261  01,READINGS IN ECE,6,Arr,AR:R M,ARR,Ndaniel ,0,/,6,0,0,0,
6019,CCE 292  01,CLASSROOM RESEARCH,6,M,6:30 PM,IB 1322,Ndaniel ,16,/,15,0,6.4,6,
9485,CHEM&121  D2,INTRO TO CHEMISTRY,5,HYBRID - Arr,AR:R M,OC,Kowens ,12,/,25,0,4,3,
9487,CHEM&121  D1,INTRO TO CHEMISTRY,5,HYBRID - Arr,AR:R M,OC,Jowens ,21,/,25,17,7,5.3,
2205,CHEM&121  01,INTRO TO CHEMISTRY,5,M,8:00 AM,AS 1521,Dpanawennage,18,/,32,0,6,5,
2207,CHEM&121  03,INTRO TO CHEMISTRY,5,Other,10:00 AM,AS 1521,Gting ,31,/,32,2,10.3,8,
2209,CHEM&121  05,INTRO TO CHEMISTRY,5,M,12:00 PM,AS 1521,Byool ,31,/,32,1,10.3,4.7,
2211,CHEM&121  09,INTRO TO CHEMISTRY,5,T,6:00 PM,AS 1520,Spal ,30,/,32,4,10,9.7,
2215,CHEM&131  01,INTRO TO ORG & BIO CHEM,5,Other,8:00 AM,AS 1623,Gting ,22,/,32,0,7.3,7,
9489,CHEM&131  D1,INTRO TO ORG & BIO CHEM,5,HYBRID - Arr,AR:R M,OC,Jowens ,22,/,25,5,7.3,6.3,
,,,,,,,,,,,,,,
Item,Course ID,Title,CR,Days,Time,Room,Instructor,Enrolled,,,Wait,FTES,,
,,,,,,,,,,,List,TOTAL,STATE,
2225,CHEM&139  04,GENERAL CHEMISTRY PREP,5,Other,11:00 AM,IB 3327,Jfurutani ,35,/,36,1,11.7,8.3,
9492,CHEM&139  D2,GENERAL CHEMISTRY PREP,5,Online,-,-,Kowens ,20,/,25,6,6.7,4,
9491,CHEM&139  D1,GENERAL CHEMISTRY PREP,5,Online,-,-,Kowens ,24,/,25,4,8,6.7,
2227,CHEM&161  H1,GENERAL CHEM W/LAB I,6,HYBRID - F,8:00 AM,AS 1519,Jhong ,26,/,32,2,10.4,6.8,
2229,CHEM&161  05,GENERAL CHEM W/LAB I,6,MW,12:00 PM,AS 1519,Jdifranco ,30,/,32,13,12,8,
2249,CHEM&162  03,GENERAL CHEM W/LAB II,6,Other,10:00 AM,AS 1519,Nbuker ,18,/,32,0,7.2,6,
2255,CHEM&162  08,GENERAL CHEM W/LAB II,6,M,6:00 PM,AS 1519,Tfurutan ,15,/,32,0,6,5.2,
2239,CHEM&162  01,GENERAL CHEM W/LAB II,6,Other,8:00 AM,AS 1519,Nbuker ,13,/,32,0,5.2,5.2,
2251,CHEM&162  H5,GENERAL CHEM W/LAB II,6,HYBRID - F,12:00 PM,AS 1519,Jhong ,27,/,32,0,10.8,7.6,
2259,CHEM&163  H7,GENERAL CHEM W/LAB III,6,HYBRID - Th,2:00 PM,AS 1519,Jhong ,19,/,32,0,7.6,4.4,
2263,CHEM&241  02,ORGANIC CHEM I,4,MTWTh,9:00 AM,IB 3327,Sclary ,17,/,32,0,4.5,3.2,
2275,CHEM&242  08,ORGANIC CHEM II,4,MW,6:00 PM,AS 1627,Rengel ,30,/,36,0,8,7.5,
2271,CHEM&242  06,ORGANIC CHEM II,4,MTWTh,1:00 PM,AS 1627,Jpatters ,36,/,36,1,9.6,6.7,
2267,CHEM&242  03,ORGANIC CHEM II,4,MTWTh,10:00 AM,AS 1614,Jpatters ,36,/,36,0,9.6,7.5,
2285,CHEM&251  09,ORGANIC CHEM LAB I,3,Other,6:00 PM,AS 1515,Jfurutani ,12,/,24,0,2.4,1.8,
2289,CHEM 256  04,BIOCHEMISTRY II,3,TTh,11:00 AM,AS 1623,Sclary ,31,/,36,0,6.2,5.2,
2293,CHEM 256  09,BIOCHEMISTRY II,3,TTh,6:00 PM,AS 1623,Tfurutan ,25,/,36,0,5,4.8,
1710,CHIN&121  01,CHINESE I,5,DAILY,9:00 AM,CC 3449,Hxie ,30,/,30,1,10,2,
9644,CMST&230  D1,SMALL GROUP COMMUNICATN,5,Online,-,-,Jreis ,24,/,25,0,8,6,
1136,CMST 295  01,STUDIES AND WORKS IN COM,5,Arr,AR:R M,IB 2307A,Rschuess ,4,/,10,0,1.1,1.1,
,,,,,,,,,,,,,,
Item,Course ID,Title,CR,Days,Time,Room,Instructor,Enrolled,,,Wait,FTES,,
,,,,,,,,,,,List,TOTAL,STATE,
2307,CSC 110  03,INTRO TO CMPTR PROGMING,5,DAILY,10:00 AM,IB 3430,Voffenba ,27,/,28,2,9,6,
9494,CSC 110  D2,INTRO TO CMPTR PROGMING,5,Online,-,-,Voffenba ,25,/,25,0,8.3,6.7,
2303,CSC 110  02,INTRO TO CMPTR PROGMING,5,DAILY,9:00 AM,IB 3430,Voffenba ,25,/,28,3,8.3,4.7,
9493,CSC 110  D1,INTRO TO CMPTR PROGMING,5,Online,-,-,Djinguji ,19,/,25,6,6.3,6.3,
9495,CSC 111  D1,COMPUTERS FOR MATH & SCI,5,Online,-,-,Dschaffe ,24,/,25,0,8,6.3,
9497,CSC 142  D1,COMPUTER PROGRAMMING,5,Online,-,-,Bgoldner ,26,/,25,0,8.7,8.7,
2311,CSC 142  04,COMPUTER PROGRAMMING,5,DAILY,11:00 AM,IB 3430,Bgoldner ,26,/,28,6,8.7,5.7,
2315,CSC 142  09,COMPUTER PROGRAMMING,5,TTh,6:00 PM,IB 3430,Djinguji ,18,/,28,0,6,4.3,
2319,CSC 143  05,COMPUTER PROGRAMMING II,5,DAILY,12:00 PM,IB 3430,Voffenba ,29,/,28,4,9.7,7,
2321,CSC 299  01,IND STUDY-COMPUTER SCI,1,Arr,AR:R M,ARR,Bgoldner ,3,/,1,0,0.2,0.2,
10,CWE 101  H1,PORTFOLIO JOB SEARCH INT,2,HYBRID - W,2:30 PM,IB 3406,Tanderso ,14,/,25,0,1.9,1.7,
12,CWE 110  H1,INTERNSHIP,3,HYBRID - ,AR:R M,OC,Tanderso ,27,/,25,0,5.4,5,
1158,DRMA 105  01,INTRO TO WORLD THEATER,5,Other,12:00 PM,LB 1132,Gnichols ,20,/,30,0,6.7,4.7,
1163,DRMA 121  01,ACTING,5,Other,9:00 AM,LB 1132,Gnichols ,10,/,20,0,3.3,1.7,
1177,DRMA 224  01,PRODUCTION & STAGE MGMT,5,Arr,AR:R M,LB 1132,Gnichols ,1,/,1,0,0.3,0.3,
1190,DRMA 298  01,IND. PROJECTS IN THEATER,5,Arr,AR:R M,LB 1132,Gnichols ,4,/,10,0,1.3,0.3,
2329,ECON&201  H5,MICRO ECONOMICS,5,HYBRID - MWF,12:00 PM,CC 3352,Thcook ,32,/,36,0,10.7,3.3,
2325,ECON&201  H4,MICRO ECONOMICS,5,HYBRID - MWF,11:00 AM,CC 3352,Thcook ,36,/,36,2,12,5.3,
9501,ECON&201  D1,MICRO ECONOMICS,5,Online,-,-,Thcook ,23,/,25,4,7.7,5.7,
2341,ECON&202  08,MACRO ECONOMICS,5,MW,6:00 PM,CC 3352,Tskeel ,39,/,36,6,13,3.7,
,,,,,,,,,,,,,,
Item,Course ID,Title,CR,Days,Time,Room,Instructor,Enrolled,,,Wait,FTES,,
,,,,,,,,,,,List,TOTAL,STATE,
9503,ECON&202  D1,MACRO ECONOMICS,5,Online,-,-,Thcook ,21,/,25,7,7,4.3,
2337,ECON&202  03,MACRO ECONOMICS,5,DAILY,10:00 AM,CC 3352,Dperry ,36,/,36,0,12,7.3,
2333,ECON&202  02,MACRO ECONOMICS,5,DAILY,9:00 AM,CC 3352,Dperry ,34,/,36,0,11.3,5,
1550,EDUC 200  01,PEER TUTORING,5,Arr,AR:R M,LB 3234,Dtarker ,1,/,10,0,0.1,0.1,
1552,EDUC 200  02,PEER TUTORING,2,Arr,AR:R M,CC 1353A,Plippert ,1,/,10,0,0.1,0.1,
5316,EET 107  01,PRINCIPLES OF ELECTRONIC,4,MW,8:40 AM,ED 1840A,Djenkins ,12,/,24,0,3.2,2.9,
5320,EET 114  01,APPLIED PHYSICS,5,DAILY,11:00 AM,ED 1840A,Fjump ,23,/,24,1,7.7,7.7,
5321,EET 131  01N,IT ESSENTIALS I A+ CERT,5,Other,6:00 PM,ED 1745B,Adole ,22,/,24,4,7.3,6.7,
5322,EET 131  02,IT ESSENTIALS I A+ CERT,5,Other,3:00 PM,ED 1745B,Tfiegenb ,25,/,26,0,8.3,8,
5324,EET 132  01,IT ESSENTIALS A+ CRT ADV,5,Other,12:00 PM,ED 1745B,Tfiegenb ,21,/,24,0,7,6.7,
5323,EET 132  01N,IT ESSENTIALS I A+ CERT,5,Other,6:00 PM,ED 1745B,Tfiegenb ,25,/,26,0,8.3,8.3,
5331,EET 162  02,AC PRIN OF ELECTRONICS,5,MW,1:00 PM,ED 0843A,Cancel 11/28,0,/,24,0,0,0,
5330,EET 162  01,AC PRIN OF ELECTRONICS,5,TTh,1:00 PM,ED 1840A,Lwilkins ,25,/,24,1,8.3,7.7,
5332,EET 163  01,SOLID STATE ELECTRONICSI,5,MW,1:00 PM,ED 1840A,Lwilkins ,28,/,24,0,9.3,8.3,
5334,EET 165  01N,ANALOG CIRCTS/DEVICE I,5,MW,6:00 PM,ED 1840A,Lwilkins ,18,/,24,0,6,5.7,
5336,EET 170  01N,DIGITAL CIRCUITS I,5,TTh,6:00 PM,ED 0843A,Fjump ,13,/,24,0,4.3,4.3,
5341,EET 251  01,MICROPROCESSOR FUNDTL I,5,Other,2:30 PM,ED 1840A,Csanders ,31,/,30,1,10.3,10.3,
5346,EET 287  01N,BIOMEDICAL EQUIPMENT II,5,TTh,6:00 PM,ED 1840A,Dmcmahon ,15,/,20,0,5,5,
5348,EET 297  01,BIOMEDICAL TECHNICIAN,4,Arr,AR:R M,IB 2318D,Lwilkins ,1,/,10,0,0.3,0.3,
5349,EET 298  01,SPECIAL TOPICS-ELEC.TECH,5,Arr,AR:R M,IB 2318D,Lwilkins ,0,/,10,0,0,0,
,,,,,,,,,,,,,,
Item,Course ID,Title,CR,Days,Time,Room,Instructor,Enrolled,,,Wait,FTES,,
,,,,,,,,,,,List,TOTAL,STATE,
1230,ENGL 080  01,ENGLISH SKILLS SHOP,2,Arr,AR:R M,LB 3234,Dtarker ,58,/,150,0,7.7,5.6,
1233,ENGL 095  01,COLL PREP READ STUDY III,5,DAILY,10:00 AM,CC 3349,Squig ,30,/,28,8,10,5,
1234,ENGL 096  01,COLLEGE PREP WRITING III,5,DAILY,11:00 AM,CC 3349,Squig ,30,/,28,3,10,5,
1249,ENGL 097  01,COLLEGE PREP READING IV,5,Correspondence,9:00 AM,-,Lmccracken ,31,/,28,7,10.3,5.3,
1251,ENGL 097  02,COLLEGE PREP READING IV,5,DAILY,10:00 AM,CC 3449,Hxie ,28,/,28,4,9.3,5,
1250,ENGL 098  01,COLLEGE PREP WRITING IV,5,DAILY,10:00 AM,CC 3360,Lmccracken ,31,/,28,7,10.3,5.3,
1252,ENGL 098  02,COLL PREP READ STUDY IV,5,DAILY,11:00 AM,CC 3449,Hxie ,28,/,28,3,9.3,5,
1261,ENGL 099  01,COLLEGE PREP WRITING V,5,DAILY,11:00 AM,CC 3350,Dma ,30,/,28,5,10,7,
1263,ENGL&101  01,ENGLISH COMPOSITION I,5,DAILY,8:00 AM,CC 3360,Thetland ,30,/,28,3,10,6.7,
1275,ENGL&101  06,ENGLISH COMPOSITION I,5,DAILY,11:00 AM,CC 3446,Ckiely ,28,/,28,3,9.3,5,
1277,ENGL&101  07,ENGLISH COMPOSITION I,5,DAILY,11:00 AM,CC 3360,Theinlein ,26,/,28,1,8.7,3.3,
1279,ENGL&101  10,ENGLISH COMPOSITION I,5,DAILY,12:00 PM,ED 0843A,Cancel 11/14,0,/,28,0,0,0,
1265,ENGL&101  03,ENGLISH COMPOSITION I,5,Other,9:00 AM,CC 3446,Jameswilson ,30,/,28,1,10,7,
1269,ENGL&101  04,ENGLISH COMPOSITION I,5,DAILY,9:00 AM,CC 3350,Ckiely ,28,/,28,1,9.3,7,
1271,ENGL&101  05,ENGLISH COMPOSITION I,5,DAILY,10:00 AM,CC 3350,Dma ,30,/,28,7,10,6.7,
1282,ENGL&101  09,ENGLISH COMPOSITION I,5,TTh,6:00 PM,CC 3360,Gnovember ,29,/,28,0,9.7,9,
1274,ENGL&101  05H,ENGLISH COMPOSITION I,5,HYBRID - MWF,10:00 AM,CC 3460,Thetland ,28,/,28,3,9.3,7.3,
1264,ENGL&101  02,ENGLISH COMPOSITION I,5,Other,8:00 AM,IB 3327,Jameswilson ,30,/,28,3,10,6.3,
1278,ENGL&101  08,ENGLISH COMPOSITION I,5,DAILY,12:00 PM,CC 3349,Squig ,29,/,28,8,9.7,4.3,
9620,ENGL&101  D1,ENGLISH COMPOSITION I,5,Online,-,-,Tchung ,18,/,25,4,6,5,
,,,,,,,,,,,,,,
Item,Course ID,Title,CR,Days,Time,Room,Instructor,Enrolled,,,Wait,FTES,,
,,,,,,,,,,,List,TOTAL,STATE,
9622,ENGL&101  D2,ENGLISH COMPOSITION I,5,Online,-,-,Gnovember ,21,/,25,7,7,5.3,
9624,ENGL&102  D1,COMPOSITION II,5,Online,-,-,Jclapp ,20,/,25,0,6.7,5.3,
9627,ENGL&102  D3,COMPOSITION II,5,Online,-,-,Kknudson ,25,/,25,0,8.3,5,
9626,ENGL&102  D2,COMPOSITION II,5,Online,-,-,Jclapp ,19,/,25,1,6.3,5,
1295,ENGL&102  05,COMPOSITION II,5,DAILY,12:00 PM,CC 3446,Cscheuer ,29,/,28,11,9.7,2.3,
1297,ENGL&102  06,COMPOSITION II,5,Other,12:00 PM,CC 3449,Mtenenba ,24,/,28,0,8,5,
1285,ENGL&102  02,COMPOSITION II,5,DAILY,9:00 AM,CC 3460,Dblackman ,28,/,28,8,9.3,5,
1289,ENGL&102  03,COMPOSITION II,5,DAILY,10:00 AM,IB 1322,Jjewell ,25,/,28,1,8.3,6.7,
1292,ENGL&102  08,COMPOSITION II,5,DAILY,11:00 AM,IB 1322,Jjewell ,22,/,28,0,7.3,4.3,
1283,ENGL&102  01,COMPOSITION II,5,DAILY,8:00 AM,CC 3460,Dblackman ,27,/,28,2,9,3.3,
1291,ENGL&102  04,COMPOSITION II,5,Other,10:00 AM,CC 3446,Cscheuer ,24,/,28,1,8,1,
1293,ENGL&102  04H,COMPOSITION II,5,HYBRID - MWF,11:00 AM,CC 3460,Kknudson ,27,/,28,0,9,5,
1303,ENGL&102  07,COMPOSITION II,5,MW,6:00 PM,CC 3360,Bgutierrez ,22,/,28,0,7.3,5.3,
1309,ENGL 104  01,ADVANCED ENGLISH GRAMMAR,5,Other,10:00 AM,ED 0843A,Mtenenba ,22,/,30,0,7.3,4.3,
1315,ENGL&111  01,INTRO TO LITERATURE,5,MWF,11:00 AM,CC 3450,Cancel 11/28,0,/,35,0,0,0,
9618,ENGL&111  D1,INTRO TO LITERATURE,5,Online,-,-,Cancel 12/11,0,/,25,0,0,0,
9631,ENGL&230  D1,TECHNICAL WRITING,3,Online,-,-,Kteal ,23,/,25,4,4.6,4.4,
1316,ENGL&256  01,WORLD LITERATURE III,5,Other,11:00 AM,CC 3345,Cscheuer ,14,/,35,0,4.7,3.3,
1317,ENGL 296  01,SPECIAL TOPICS ENGLISH,3,Arr,AR:R M,IB 2309B,Lmccracken ,0,/,10,0,0,0,
1319,ENGL 299  01,SPECIAL TOPICS/ENGLISH,5,Arr,AR:R M,IB 2309B,Lmccracken ,1,/,10,0,0.2,0.2,
,,,,,,,,,,,,,,
Item,Course ID,Title,CR,Days,Time,Room,Instructor,Enrolled,,,Wait,FTES,,
,,,,,,,,,,,List,TOTAL,STATE,
2347,ENGR 110  07,ENGINEERING ORIENTATION,2,Th,2:10 PM,AS 1627,Dschaffe ,18,/,30,0,2.4,2.3,
2349,ENGR&214  04,STATICS,5,Other,11:00 AM,CC 3443,Pkazarinoff ,12,/,32,0,4,3.3,
2351,ENGR&225  04,MECHANICS OF MATERIALS,5,DAILY,11:00 AM,CC 3445,Dschaffe ,25,/,32,0,8.3,5,
2359,ENGR 240  02,INTRO/NUMERICAL METHODS,5,DAILY,9:00 AM,CC 3445,Rjenne ,21,/,32,0,7,5,
2365,ENVS 150  03,ENVIRONMNTL ISSUES/PROBL,5,DAILY,10:00 AM,CC 1254A,Jfigge ,35,/,36,0,11.7,9,
9505,ENVS 150  D1,ENVIRONMNTL ISSUES/PROBL,5,Online,-,-,Bsaunder ,20,/,25,4,6.7,5.7,
1342,ESL 011  02,ESL - LEVEL 1A,5,MW,6:30 PM,CC 3359,Mkill ,13,/,32,0,6.2,6.2,
1340,ESL 011  01,ESL - LEVEL 1A,10,DAILY,9:00 AM,IB 3416,Shotting ,24,/,32,0,15.8,15.8,
1354,ESL 012  03,ESL - LEVEL 1B,10,MTWTh,6:30 PM,CC 3350,Cgerber ,20,/,32,0,12.9,12.9,
1352,ESL 012  01,ESL - LEVEL 1B,10,DAILY,9:00 AM,CC 3359,Jbauer ,26,/,32,0,17.2,17.2,
1357,ESL 013  03,ESL - LEVEL 1C,10,MTWTh,6:30 PM,LB 1128,Bfraley ,26,/,32,0,17.3,17.3,
1358,ESL 015  70,BASIC LITERACY LEVEL 1,5,DAILY,11:00 AM,IB 3415,Pcosko ,37,/,32,0,12.3,12.3,
1360,ESL 016  01,ESL-SPEAKING/LISTENING 1,5,DAILY,12:00 PM,IB 3415,Pcosko ,32,/,32,0,10.5,10.5,
1364,ESL 021  01,ESL - LEVEL 2A,10,DAILY,12:00 PM,IB 3428,Aalfaiz ,25,/,32,0,16.7,16.7,
1366,ESL 021  01,ESL - LEVEL 2A - S & L,5,MW,6:30 PM,IB 3422,Kliu ,27,/,32,0,9,9,
1369,ESL 022  01,ESL - LEVEL 2B - S & L,5,MW,6:30 PM,IB 3325,Mreynolds ,17,/,28,0,5.6,5.6,
1367,ESL 022  01,ESL - LEVEL 2B,10,DAILY,12:00 PM,IB 3413,Jeaton ,20,/,32,0,13.3,13.3,
1372,ESL 026  01,ESL-SPEAKING/LISTENING 2,5,DAILY,10:00 AM,IB 3428,Tbelgace ,18,/,28,0,5.9,5.9,
1377,ESL 031  01,ESL - LEVEL 3A,10,DAILY,12:00 PM,CC 3360,Jbarton ,33,/,32,0,21.8,21.8,
1378,ESL 031  01,ESL - LEVEL 3A - R & W,5,TTh,6:30 PM,IB 3416,Mkill ,19,/,32,1,6.3,6.3,
,,,,,,,,,,,,,,
Item,Course ID,Title,CR,Days,Time,Room,Instructor,Enrolled,,,Wait,FTES,,
,,,,,,,,,,,List,TOTAL,STATE,
1379,ESL 031  01,ESL - LEVEL 3A - S & L,5,MW,6:30 PM,CC 3460,Tarbelgacem ,17,/,32,0,5.7,5.7,
1380,ESL 032  01,ESL - LEVEL 3B,10,DAILY,12:00 PM,CC 3359,Stuinstr ,27,/,32,0,17.8,17.8,
1381,ESL 032  01,ESL - LEVEL 3B - R & W,5,TTh,6:30 PM,IB 3330,Janderso ,25,/,32,0,8.3,8.3,
1382,ESL 032  01,ESL - LEVEL 3B - S & L,5,MW,6:30 PM,IB 3416,Yshtern ,25,/,32,0,8.3,8.3,
1383,ESL 035  70,FOCUS ON WRITING 3,5,DAILY,11:00 AM,IB 3428,Tbelgace ,19,/,32,0,6.2,6.2,
1390,ESL 041  01,ESL LEVEL 4A,10,DAILY,12:00 PM,IB 3416,Cbonney ,20,/,32,0,12.9,12.9,
1392,ESL 041  01,ESL LEVEL 4A - S & L,5,MW,6:30 PM,IB 3417,Jkildall ,28,/,32,0,9.3,9.3,
1393,ESL 042  01,ESL - LEVEL 4B,10,DAILY,12:00 PM,LB 1128,Ljensen ,24,/,32,0,15.5,15.5,
1395,ESL 042  01,ESL LEVEL 4B - S & L,5,MW,6:30 PM,IB 3415,Janderso ,17,/,32,0,5.6,5.6,
1396,ESL 045  70,FOCUS ON WRITING LEVEL 4,5,DAILY,11:00 AM,LB 1128,Kbarker ,24,/,32,0,8,8,
1400,ESL 051  01,ESL - LEVEL 5A,10,DAILY,8:00 AM,IB 3428,Aalfaiz ,26,/,32,0,17.3,17.3,
1402,ESL 051  01,ESL LEVEL 5A - S & L,5,MW,6:30 PM,IB 3428,Tellsworth ,16,/,32,0,5.3,5.3,
1406,ESL 052  01,ESL LEVEL 5B - S & L,5,MW,6:30 PM,IB 3330,Abradford ,15,/,32,0,5,5,
1404,ESL 052  01,ESL - LEVEL 5B,10,Other,9:00 AM,IB 3415,Sstapleton ,31,/,32,0,20.7,20.7,
1491,ESL 068  01,EDUC'L INTERVIEW FOR ESL,0,F,11:45 AM,IB 3327,Vwright ,37,/,50,0,0.7,0.7,
1492,ESL 068  02,EDUC'L INTERVIEW FOR ESL,0,F,8:45 AM,IB 3330,Vwright ,15,/,50,0,0.3,0.3,
1493,ESL 068  03,EDUC'L INTERVIEW FOR ESL,0,M,2:45 PM,CC 3446,Vwright ,4,/,50,0,0.1,0.1,
1495,ESL 068  05,EDUC'L INTERVIEW FOR ESL,0,F,8:45 AM,IB 3330,Vwright ,46,/,50,0,0.9,0.9,
1494,ESL 068  04,EDUC'L INTERVIEW FOR ESL,0,F,11:45 AM,CC 3353,Vwright ,44,/,50,0,0.9,1,
1497,ESL 068  07,EDUC'L INTERVIEW FOR ESL,0,Arr,AR:R M,ARR,Lnausner ,7,/,50,0,0.1,0.1,
,,,,,,,,,,,,,,
Item,Course ID,Title,CR,Days,Time,Room,Instructor,Enrolled,,,Wait,FTES,,
,,,,,,,,,,,List,TOTAL,STATE,
1496,ESL 068  06,EDUC'L INTERVIEW FOR ESL,0,T,5:45 PM,IB 3417,Vwright ,16,/,50,0,0.3,0.3,
1499,ESL 083  H1,STRATEGIC LEARNING,5,HYBRID - W,6:00 PM,CC 3349,Jbarton ,9,/,10,0,3,3,
6404,FAM 147  04,PARENT ED: 0-12 MONTHS,2,Arr,AR:R M,OC,Iwagner ,20,/,20,0,3.3,3.3,
6417,FAM 157  17,PARENT ED.: 12-24 MONTHS,2,Arr,AR:R M,OC,Sconnors ,20,/,20,0,3.3,3.3,
6433,FAM 167  33,PARENT ED.: 24-36 MONTHS,2,Arr,AR:R M,OC,Mmulcahy ,20,/,20,0,3.3,3.3,
9351,FAM 180  D1,SPEC. TOPICS FOR PARENTS,5,Online,-,-,Vdonato ,19,/,18,0,6.3,6.3,
6454,FAM 187  54,PARENT ED.: 48-72 MONTHS,3,Arr,AR:R M,OC,Mmulcahy ,20,/,20,0,4,4,
6464,FAM 197  64,PARENT ED.: SPECIAL PROG,2,Arr,AR:R M,OC,Bethgoss ,19,/,20,0,3.2,3.2,
6473,FAM 197  73,PARENT ED.: SPECIAL PROG,2,Arr,AR:R M,OC,Cancel 12/03,0,/,20,0,0,0,
6461,FAM 197  61,PARENT ED.: SPECIAL PROG,2,Arr,AR:R M,OC,Ccrowser ,20,/,20,0,3.3,3.3,
6469,FAM 197  69,PARENT ED.: SPECIAL PROG,2,W,7:00 PM,OC,Cancel 01/29,0,/,20,0,0,0,
6455,FAM 197  55,PARENT ED.: SPECIAL PROG,2,Arr,AR:R M,OC,Maabbott ,20,/,20,0,3.3,3.3,
6459,FAM 197  59,PARENT ED.: SPECIAL PROG,2,Arr,AR:R M,OC,Lleiker ,17,/,20,0,2.8,2.8,
6474,FAM 197  74,PARENT ED.: SPECIAL PRG.,1,Arr,AR:R M,OC,Thino ,15,/,20,0,1,1,
1718,FRCH&121  01,FRENCH I,5,DAILY,11:00 AM,IB 3426,Sbernhar ,28,/,30,0,9.3,5.7,
1720,FRCH&122  01,FRENCH II,5,DAILY,10:00 AM,IB 3426,Sbernhar ,19,/,30,0,6.3,4.3,
1732,FRCH 298  02,INDEPENDENT STUDY/FRENCH,5,Arr,AR:R M,IB 2309A,Czahajko ,0,/,10,0,0,0,
9511,GEOL&101  D1,PHYSICAL GEOLOGY,5,Online,-,-,Mharrell ,25,/,25,7,8.3,4.7,
2373,GEOL 104  H5,INTRO TO GEO INFO SYSTEM,5,HYBRID - TThF,12:00 PM,ED 2842A,Tfurutan ,7,/,24,0,2.3,2,
9513,GEOL 106  D1,DINOSAURS,5,Online,-,-,Tbraziunas ,33,/,32,4,11,9.3,
,,,,,,,,,,,,,,
Item,Course ID,Title,CR,Days,Time,Room,Instructor,Enrolled,,,Wait,FTES,,
,,,,,,,,,,,List,TOTAL,STATE,
2379,GEOL&110  05,ENVIRONMENTAL GEOLOGY,5,MW,12:00 PM,AS 1623,Jfigge ,31,/,32,0,10.3,9,
2385,GEOL 111  09,GEOLOGY FIELD DAY,1,Arr,6:00 PM,AS 1515,Jfigge ,22,/,22,0,1.5,1.2,
1740,GERM&122  01,GERMAN II,5,TTh,6:00 PM,CC 3450,Luciaman ,15,/,30,0,5,4,
3804,HDC 100  02,CAREER PLAN/PERSNL EVALU,2,TTh,11:00 AM,CC 3352,Hoffman-robi,19,/,20,0,2.5,2.3,
9334,HDC 100  D1,CAREER PLAN/PERSNL EVALU,2,Online,-,-,Jmao ,24,/,25,0,3.2,3.1,
3825,HDC 125  01,LEARNING STRATEGY MATH,2,TTh,11:00 AM,IB 3422,Jmao ,31,/,32,1,4.1,3.6,
9515,HEA 150  D1,HEALTH & HUMAN SEXUALITY,5,Online,-,-,Troot ,26,/,25,1,8.7,5.3,
2391,HEA 150  05,HEALTH & HUMAN SEXUALITY,5,DAILY,12:00 PM,AS 1627,Troot ,33,/,36,0,11,5.3,
5921,HIN 121  01,WT II PROFESSIONAL KNOWL,6,DAILY,8:00 AM,IB 3420,Erolf ,5,/,12,0,2,2,
5922,HIN 122  01,WT II: WATCHMAKERS LATHE,6,DAILY,8:00 AM,IB 3420,Erolf ,5,/,12,0,2,2,
5923,HIN 123  01,WT II: PRACTICUM,10,DAILY,8:00 AM,IB 3420,Erolf ,5,/,12,0,3.3,3.3,
5961,HIN 221  01,WT VI: PRECISION TIMING2,6,DAILY,8:00 AM,IB 3319,Egresseth ,10,/,12,0,4,4,
5962,HIN 222  01,WT VI: AUTO WATCHES,6,DAILY,8:00 AM,IB 3319,Egresseth ,10,/,12,0,4,4,
5963,HIN 223  01,WT VI: PRACTICUM,10,DAILY,8:00 AM,IB 3319,Egresseth ,10,/,12,0,6.7,6.7,
3210,HIST&126  01,WORLD CIVILIZATIONS I,5,TTh,6:00 PM,CC 3357,Bbrubake ,25,/,36,0,8.3,8.3,
3215,HIST&127  04,WORLD CIVILIZATIONS II,5,DAILY,11:00 AM,CC 3357,Srausch ,23,/,36,0,7.7,6.7,
3235,HIST&146  H1,US HIST I:TO 1800,5,HYBRID - MTWTh,8:00 AM,CC 3357,Mnutting ,36,/,36,3,12,3.7,
3250,HIST&147  H2,US HISTORY II:1800-1900,5,HYBRID - MTWTh,10:00 AM,CC 3357,Mnutting ,16,/,36,0,5.3,3,
3245,HIST&147  H1,US HISTORY II:1800-1900,5,HYBRID - MTWTh,9:00 AM,CC 3357,Mnutting ,34,/,36,2,11.3,2.3,
9565,HIST&147  D1,US HISTORY II: 1800-1900,5,Online,-,-,Srausch ,21,/,25,1,7,4.3,
,,,,,,,,,,,,,,
Item,Course ID,Title,CR,Days,Time,Room,Instructor,Enrolled,,,Wait,FTES,,
,,,,,,,,,,,List,TOTAL,STATE,
3265,HIST&148  H1,US HIST III:1900-PRESENT,5,HYBRID - MTWTh,12:00 PM,CC 3357,Srausch ,22,/,36,0,7.3,4,
9632,HUM 110  D1,INTRODUCTION TO FILM,5,Online,-,-,Jclapp ,27,/,25,1,9,6.7,
9634,HUM 135  D1,HISTORY OF FILM,5,Online,-,-,Jclapp ,21,/,25,0,7,6,
5254,HVC 210  H1,COOLING AND HEATING 1,5,HYBRID - T,5:30 PM,ED 0845B,Mweber ,16,/,24,0,5.3,5,
5255,HVC 211  H1,COOLING HEATING SYS 1 2B,5,HYBRID - W,5:30 PM,ED 0845B,Mweber ,15,/,24,0,5,5,
1235,ISD 200  01,ORIENTATN TO AMERICAN CL,2,Th,2:00 PM,LB 1141,Macobnash ,52,/,75,0,6.9,0,
9455,IT 101  D2,SOFTWARE APPLICATIONS,5,HYBRID - ,AR:R M,OC,Bcampbel ,28,/,30,8,9.3,9.3,
5608,IT 102  01,INTRO TO PROGRAMMING,5,Other,9:00 AM,IB 3316,Bcampbel ,27,/,28,0,9,7.7,
5610,IT 140  01N,UNIX SHELL SCRIPTS PERL,5,TTh,6:00 PM,IB 3404,Dshoemaker ,12,/,28,0,4,3.7,
5613,IT 144  01N,NETWORK MGMT - CISCO II,5,MW,6:00 PM,ED 2841A,Mrice ,24,/,24,0,8,8,
1744,ITAL 121  01,ITALIAN I,5,Other,10:00 AM,ED 0840C,Vrzhondkovsk,12,/,30,0,4,3.7,
1750,JAPN&121  01,JAPANESE I,5,Other,9:00 AM,CC 3450,Kyamaguchi ,35,/,30,1,11.7,2.3,
1752,JAPN&122  01,JAPANESE II,5,Other,10:00 AM,CC 3450,Kyamaguchi ,22,/,30,0,7.3,4,
9484,LIB 180  WOL,RESEARCH FOR 21ST CENTRY,5,Online,-,-,Wa-on-line ,3,/,25,0,1,0,
9519,MATH 081  D1,BASIC MATH SKILLS,5,Online,-,-,Dli ,21,/,25,3,7,7,
2411,MATH 081  01,BASIC MATH SKILLS,5,DAILY,8:00 AM,CC 3457,Emurphy ,27,/,32,0,9,9,
2415,MATH 081  Z3,BASIC MATH SKILLS,5,DAILY,10:00 AM,IB 3422,Bcampbel ,31,/,32,1,10.3,9,
2417,MATH 081  Z4,BASIC MATH SKILLS,5,DAILY,11:00 AM,IB 3422,Cancel 11/02,0,/,32,0,0,0,
2419,MATH 081  09,BASIC MATH SKILLS,5,TTh,6:00 PM,CC 3457,Rrobins ,31,/,32,1,10.3,10,
2441,MATH 084  04,ALGEBRA I,5,DAILY,11:00 AM,CC 3453,Jdesoto ,31,/,32,0,10.3,9.7,
,,,,,,,,,,,,,,
Item,Course ID,Title,CR,Days,Time,Room,Instructor,Enrolled,,,Wait,FTES,,
,,,,,,,,,,,List,TOTAL,STATE,
2453,MATH 084  08,ALGEBRA I,5,MW,6:00 PM,CC 3457,Baschenb ,26,/,32,0,8.7,7.3,
2429,MATH 084  02,ALGEBRA I,5,DAILY,9:00 AM,CC 3453,Dli ,33,/,32,2,11,10,
9523,MATH 084  D1,ALGEBRA I,5,Online,-,-,Bgoldner ,27,/,25,6,9,8.7,
2435,MATH 084  03,ALGEBRA I,5,DAILY,10:00 AM,CC 3457,Plippert ,26,/,32,0,8.7,8.3,
2447,MATH 084  05,ALGEBRA I,5,DAILY,12:00 PM,CC 3457,Baschenb ,26,/,32,0,8.7,8.3,
2471,MATH 085  05,ALGEBRA II,5,MTWTh,12:00 PM,CC 3459,Jdesoto ,25,/,32,0,8.3,7.7,
9527,MATH 085  D1,ALGEBRA II,5,Online,-,-,Bgoldner ,22,/,25,0,7.3,7,
2459,MATH 085  02,ALGEBRA II,5,DAILY,9:00 AM,CC 3457,Emurphy ,34,/,32,8,11.3,11.3,
2465,MATH 085  03,ALGEBRA II,5,DAILY,10:00 AM,CC 3457,Plippert ,28,/,32,0,9.3,9,
2477,MATH 085  09,ALGEBRA II,5,TTh,6:00 PM,CC 3459,Rwells ,20,/,32,0,6.7,6.3,
2515,MATH 089  02,MATH INDEPENDENT STUDY,2,Arr,AR:R M,ARR,Plippert ,37,/,32,2,4.9,4.9,
2505,MATH 089  01,MATH INDEPENDENT STUDY,1,Arr,AR:R M,,Plippert ,7,/,32,0,0.5,0.5,
9531,MATH 090  D1,MATHEMATICAL MODULES,2,Online,-,-,Dli ,22,/,25,0,2.9,2.8,
9535,MATH 097  D1,ELEMENTARY ALGEBRA,5,Online,-,-,Dbrannan ,21,/,25,0,7,6.7,
2535,MATH 097  04,ELEMENTARY ALGEBRA,5,DAILY,11:00 AM,CC 3355,Fgarcia ,23,/,32,0,7.7,7.3,
2545,MATH 098  02,INTERMEDIATE ALGEBRA,5,DAILY,9:00 AM,CC 3353,Fgarcia ,30,/,32,0,10,8.7,
2565,MATH 098  05,INTERMEDIATE ALGEBRA,5,MTWTh,12:00 PM,IB 3422,Dli ,32,/,32,1,10.7,10,
2555,MATH 098  03,INTERMEDIATE ALGEBRA,5,DAILY,10:00 AM,CC 3445,Rjenne ,30,/,32,0,10,8.7,
2575,MATH 098  08,INTERMEDIATE ALGEBRA,5,MW,6:00 PM,CC 3445,Ejasso ,31,/,32,0,10.3,10,
9539,MATH 098  D1,INTERMEDIATE ALGEBRA,5,Online,-,-,Dbrannan ,21,/,25,8,7,6.7,
,,,,,,,,,,,,,,
Item,Course ID,Title,CR,Days,Time,Room,Instructor,Enrolled,,,Wait,FTES,,
,,,,,,,,,,,List,TOTAL,STATE,
2605,MATH&107  H4,MATH IN SOCIETY,5,HYBRID - MTWTh,11:00 AM,CC 3459,Dbrannan ,23,/,32,0,7.7,6.7,
2617,MATH 116  08,APPL MATH TO MGT LIFE SC,5,MW,6:00 PM,IB 3430,Marice ,22,/,32,0,7.3,4,
2611,MATH 116  04,APPL MATH TO MGT LIFE SC,5,DAILY,11:00 AM,CC 3455,Mgaul ,36,/,32,4,12,4.7,
2623,MATH&141  02,PRECALCULUS I,5,DAILY,9:00 AM,CC 3443,Ejasso ,36,/,32,9,12,8,
2629,MATH&141  03,PRECALCULUS I,5,DAILY,10:00 AM,CC 3353,Akeel ,30,/,32,12,10,8,
2635,MATH&141  05,PRECALCULUS I,5,MTWTh,12:00 PM,CC 3443,Ejasso ,29,/,32,5,9.7,6.3,
2641,MATH&141  08,PRECALCULUS I,5,MW,6:00 PM,CC 3353,Akeel ,33,/,32,10,11,8.7,
2647,MATH&142  01,PRECALCULUS II,5,DAILY,8:00 AM,CC 3443,Pkurose ,31,/,32,0,10.3,4.7,
2653,MATH&142  03,PRECALCULUS II,5,Other,10:00 AM,CC 3459,Sdwilson ,27,/,32,0,9,6.3,
2659,MATH&142  09,PRECALCULUS II,5,TTh,6:00 PM,IB 3313,Nphouphakone,18,/,32,0,6,5,
2655,MATH&142  05,PRECALCULUS II,5,Other,12:00 PM,CC 3455,Sdwilson ,28,/,32,0,9.3,7.7,
2677,MATH&146  08,INTRO TO STATISTICS,5,MW,6:00 PM,CC 3355,Zkelly ,32,/,32,0,10.7,7.7,
9541,MATH&146  D1,ELEMENTARY STATISTICS,5,Online,-,-,Pkurose ,21,/,25,11,7,7,
2671,MATH&146  05,INTRO TO STATISTICS,5,Other,12:00 PM,IB 3316,Mkuczynski ,31,/,32,0,10.3,7.3,
2665,MATH&146  02,INTRO TO STATISTICS,5,DAILY,9:00 AM,IB 3422,Pkurose ,26,/,32,0,8.7,8.3,
2683,MATH&148  05,BUSINESS CALCULUS,5,MTWTh,12:00 PM,CC 3353,Hwatts ,32,/,32,4,10.7,2,
2689,MATH&148  09,BUSINESS CALCULUS,5,TTh,6:00 PM,CC 3453,Nkholomyeva ,35,/,32,2,11.7,7,
2705,MATH&151  02,CALCULUS I,5,DAILY,10:00 AM,CC 3455,Mgaul ,36,/,32,16,12,2,
2717,MATH&151  08,CALCULUS I,5,MW,6:00 PM,CC 3453,Hli ,24,/,32,0,8,5.7,
2707,MATH&151  03,CALCULUS I,5,DAILY,10:00 AM,CC 3355,Hli ,26,/,32,0,8.7,3.3,
,,,,,,,,,,,,,,
Item,Course ID,Title,CR,Days,Time,Room,Instructor,Enrolled,,,Wait,FTES,,
,,,,,,,,,,,List,TOTAL,STATE,
2711,MATH&151  05,CALCULUS I,5,MTWTh,12:00 PM,CC 3355,Hli ,31,/,32,2,10.3,5.7,
2729,MATH&152  03,CALCULUS II,5,DAILY,10:00 AM,CC 3453,Dli ,31,/,32,0,10.3,6.3,
2735,MATH&152  06,CALCULUS II,5,MTWTh,1:00 PM,IB 3430,Dbrannan ,38,/,32,8,12.7,5.3,
2723,MATH&152  01,CALCULUS II,5,MTWTh,7:45 AM,CC 3353,Hwatts ,16,/,32,0,5.3,4.3,
2741,MATH&152  09,CALCULUS II,5,TTh,6:00 PM,CC 3353,Hwatts ,29,/,32,0,9.7,8.3,
2759,MATH&153  08,CALCULUS III,5,MW,6:00 PM,CC 3455,Nkholomyeva ,18,/,32,0,6,4,
2747,MATH&153  02,CALCULUS III,5,DAILY,9:00 AM,CC 3355,Hli ,8,/,32,0,2.7,2.7,
2753,MATH&153  06,CALCULUS III,5,MTWTh,1:00 PM,CC 3455,Mgaul ,28,/,32,0,9.3,5.7,
2765,MATH 220  03,LINEAR ALGEBRA,5,DAILY,10:00 AM,CC 3443,Ejasso ,34,/,32,0,11.3,7.7,
2785,MATH 238  09,DIFFERENTIAL EQUATIONS,5,TTh,6:00 PM,CC 3455,Rjenne ,29,/,32,0,9.7,7,
2789,MATH 239  03,LINEAR SYSTEMS OF DIFFER,5,DAILY,10:00 AM,CC 3355,Cancel 12/18,0,/,32,0,0,0,
2791,MATH 299  01,IND STUDY-PROOF WRITING,2,Arr,AR:R M,ARR,Mgaul ,1,/,1,0,0.1,0.1,
2801,MEY 100  08,METEOROLOGY,5,MW,6:00 PM,AS 1623,Cancel 12/18,0,/,24,0,0,0,
9639,MUSC 110  D1,INTRO TO WORLD MUSIC,5,Online,-,-,Bpalmer ,25,/,25,9,8.3,5,
9640,MUSC 113  D1,MUSIC IN THE U.S.,5,Online,-,-,Awoodbur ,20,/,25,0,6.7,5,
1657,MUSC 130  01,IND. INSTRUCTION SERIES,2,Arr,AR:R M,IB 2407C,White ,1,/,10,0,0,0,
1659,MUSC 130  03,IND. INSTRUCTION SERIES,2,Arr,AR:R M,IB 2407C,Dgeorge ,0,/,10,0,0,0,
1658,MUSC 130  02,IND. INSTRUCTION SERIES,2,Arr,AR:R M,IB 2407C,Cgrayson ,0,/,10,0,0,0,
1660,MUSC 130  04,IND. INSTRUCTION SERIES,2,Arr,AR:R M,IB 2407C,STAFF,0,/,10,0,0,0,
1661,MUSC 130  05,IND. INSTRUCTION SERIES,2,Arr,AR:R M,IB 2407C,STAFF,0,/,10,0,0,0,
,,,,,,,,,,,,,,
Item,Course ID,Title,CR,Days,Time,Room,Instructor,Enrolled,,,Wait,FTES,,
,,,,,,,,,,,List,TOTAL,STATE,
1681,MUSC 134  01,IND. INST: WOODWINDS,2,Arr,AR:R M,IB 2407C,Jolivet ,0,/,10,0,0,0,
1682,MUSC 134  02,IND. INST: WOODWINDS,2,Arr,AR:R M,IB 2407C,Stone ,1,/,10,0,0,0,
1683,MUSC 134  03,IND. INST: WOODWINDS,2,Arr,AR:R M,IB 2407C,Stone ,0,/,10,0,0,0,
1684,MUSC 134  04,IND. INST: WOODWINDS,2,Arr,AR:R M,IB 2407C,STAFF,0,/,10,0,0,0,
1687,MUSC 135  02,IND. INST: PERCUSSION,2,Arr,AR:R M,IB 2407C,Vannoy ,0,/,10,0,0,0,
1688,MUSC 135  03,IND. INST: PERCUSSION,2,Arr,AR:R M,IB 2407C,Dgeorge ,0,/,10,0,0,0,
1686,MUSC 135  01,IND. INST: PERCUSSION,2,Arr,AR:R M,IB 2407C,Hartman ,1,/,10,0,0.1,0.1,
1692,MUSC 138  01,INDIVIDUAL INST: GUITAR,2,Arr,AR:R M,IB 2407C,Catford ,0,/,10,0,0,0,
1693,MUSC 138  02,INDIVIDUAL INST: GUITAR,2,Arr,AR:R M,IB 2407C,Sawyer ,1,/,10,0,0.1,0.1,
1694,MUSC 138  03,INDIVIDUAL INST: GUITAR,2,Arr,AR:R M,IB 2407C,Catford ,0,/,10,0,0,0,
1695,MUSC 138  04,INDIVIDUAL INST: GUITAR,2,Arr,AR:R M,IB 2407C,Sawyer ,2,/,10,0,0.3,0.3,
1696,MUSC 139  01,INDIVIDUAL INST: HARP,2,Arr,AR:R M,IB 2407C,Jaeger ,0,/,10,0,0,0,
1630,MUSC 140  01,COLLEGE CHOIR,5,DAILY,11:00 AM,LB 1142,Kjenkins ,63,/,70,0,21,8,
1638,MUSC 154  01,SYMPHONIC BAND,2,M,7:30 PM,LB 1142,Charshman ,1,/,50,0,0.1,0.1,
1665,MUSC 171  01,IND. INSTRUCTION: PIANO,2,Arr,AR:R M,IB 2407C,Ljeon ,9,/,10,0,1.2,0.1,
1666,MUSC 171  02,IND. INSTRUCTION: PIANO,2,Arr,AR:R M,IB 2407C,STAFF,0,/,10,0,0,0,
1667,MUSC 171  03,IND. INST: PIANO,2,Arr,AR:R M,IB 2407C,Tmaki ,2,/,5,0,0.3,0.3,
1669,MUSC 172  01,INDIVIDUAL INST: STRINGS,2,Arr,AR:R M,IB 2407C,Johnson ,1,/,10,0,0.1,0.1,
1671,MUSC 172  03,INDIVIDUAL INST: STRINGS,2,Arr,AR:R M,IB 2407C,Funk ,0,/,10,0,0,0,
1670,MUSC 172  02,INDIVIDUAL INST: STRINGS,2,Arr,AR:R M,IB 2407C,Catford ,0,/,10,0,0,0,
,,,,,,,,,,,,,,
Item,Course ID,Title,CR,Days,Time,Room,Instructor,Enrolled,,,Wait,FTES,,
,,,,,,,,,,,List,TOTAL,STATE,
1672,MUSC 172  04,INDIVIDUAL INST: STRINGS,2,Arr,AR:R M,IB 2407C,Zadrozny ,0,/,10,0,0,0,
1678,MUSC 173  05,INDIVIDUAL INST: BRASS,2,Arr,AR:R M,IB 2407C,STAFF,0,/,10,0,0,0,
1679,MUSC 173  06,INDIVIDUAL INST: BRASS,2,Arr,AR:R M,IB 2407C,Dgeorge ,0,/,10,0,0,0,
1674,MUSC 173  01,INDIVIDUAL INST: BRASS,2,Arr,AR:R M,IB 2407C,Landerso ,0,/,10,0,0,0,
1677,MUSC 173  04,INDIVIDUAL INST: BRASS,2,Arr,AR:R M,IB 2407C,Schultz ,0,/,10,0,0,0,
1675,MUSC 173  02,INDIVIDUAL INST: BRASS,2,Arr,AR:R M,IB 2407C,Bpalmer ,0,/,10,0,0,0,
1676,MUSC 173  03,INDIVIDUAL INST: BRASS,2,Arr,AR:R M,IB 2407C,Schultz ,0,/,10,0,0,0,
1640,MUSC 204  01,HISTORY OF JAZZ,5,Other,5:30 PM,CC 2153,Bpalmer ,38,/,35,3,12.7,2,
1652,MUSC 299  01,PRACTICUM IN MUSIC,5,Arr,AR:R M,IB 2417B,Bpalmer ,0,/,10,0,0,0,
2845,NTR 150  02,HUMAN NUTRITION,5,Other,9:00 AM,CC 1254A,Speterson ,29,/,35,0,9.7,7.3,
2855,NTR 150  04,HUMAN NUTRITION,5,Other,11:00 AM,CC 1254A,Speterson ,33,/,35,0,11,9.7,
9555,NTR 150  D4,HUMAN NUTRITION,5,Online,-,-,Tstilson ,24,/,25,0,8,7.7,
9547,NTR 150  D1,HUMAN NUTRITION,5,Online,-,-,Jlearn ,27,/,25,15,9,5.3,
2865,NTR 150  08,HUMAN NUTRITION,5,MW,6:00 PM,CC 3357,Kaufmant ,20,/,35,0,6.7,5.7,
9553,NTR 150  D3,HUMAN NUTRITION,5,Online,-,-,Tstilson ,19,/,25,0,6.3,6.3,
6515,NUR 108  01,CLIN HOSP EXP FOR NAC,3,W,5:00 PM,IB 1415,Cancel 12/18,0,/,20,0,0,0,
6550,NUR 115  01,INTRO TO PATIENT CARE,2,Arr,: M,OC,Pguidon ,32,/,32,0,4.3,4.1,
6551,NUR 116  01,NURSING FUNDAMENTALS,6,Arr,AR:R M,ARR,Dfiliatrault,32,/,32,0,12.8,12.4,
6552,NUR 117  01,NURSING FUNDAMENTALS LAB,2,Arr,AR:R M,ARR,Jgrosnick ,32,/,32,0,4.3,4.1,
6554,NUR 118  02,CLINICAL NURS. SKILLS,2,Arr,AR:R M,ARR,Jgrosnick ,29,/,32,0,3.9,3.9,
,,,,,,,,,,,,,,
Item,Course ID,Title,CR,Days,Time,Room,Instructor,Enrolled,,,Wait,FTES,,
,,,,,,,,,,,List,TOTAL,STATE,
6555,NUR 127  02,MEDICAL/SURGICAL NURSING,6,Arr,AR:R M,ARR,Dfiliatrault,29,/,32,0,12.6,12.6,
6553,NUR 130  01,CRITICAL THINKING IN NSG,2,Arr,AR:R M,ARR,Nwhittier ,32,/,32,0,4.3,4.1,
6556,NUR 131  02,CLIN NURSING PRACT. I,4,Arr,AR:R M,OC,Tcalender ,29,/,32,0,6.8,6.8,
6560,NUR 223  01,ADVANCED NURSING SKILLS,2,Arr,AR:R M,ARR,Dfiliatrault,32,/,32,0,4.3,4.3,
6561,NUR 225  01,FAMILY NURSING,6,Arr,AR:R M,ARR,Rmabbitt ,32,/,32,0,12.8,12.8,
6564,NUR 227  02,COMPLX NSG MED/SURG PSYC,7,Other,1:00 PM,ED 0840C,Lhristova ,32,/,32,0,14.9,14.9,
6565,NUR 228  02,COMPLX MED/SRG PSY CLINI,5,Arr,: M,OC,Lhristova ,32,/,32,0,10.7,10.7,
6562,NUR 231  01,FAMILY NURSING CLINICAL,4,Arr,AR:R M,OC,Mrickel ,32,/,32,0,8.5,8.5,
9559,OCEA&100  D1,INTRO TO OCEANOGRAPHY,5,Online,-,-,Gjones ,20,/,25,0,6.7,6,
6578,PEC 136  02,YOGA,2,MWF,9:00 AM,WC 0827D,Jhill ,24,/,20,0,3.2,1.3,
6580,PEC 136  04,YOGA,2,TTh,4:00 PM,WC 0827D,Jhill ,20,/,20,2,2.7,1.5,
6577,PEC 136  01,YOGA,2,MWF,8:00 AM,WC 0827D,Jhill ,17,/,20,0,2.3,1.2,
6579,PEC 136  03,YOGA,2,MW,2:00 PM,WC 0827D,Jhill ,23,/,20,0,3.1,1.9,
6581,PEC 139  01,YOGA PILATES,2,TTh,2:00 PM,WC 0827D,Troot ,21,/,20,0,2.8,1.2,
6584,PEC 155  01,FIRST AID & PERSONAL SAF,3,Other,1:00 PM,WC 0827A,Bkay ,17,/,25,0,3.4,2.6,
6585,PEC 180  01,TOTAL BODY TRAINING,2,MWF,10:00 AM,WC 0827D,Troot ,14,/,20,0,1.9,1.5,
6587,PEC 299  02,INDEPENDENT STUDY,2,MWF,8:30 AM,WC 0827A,Troot ,1,/,1,0,0.1,0,
6586,PEC 299  01,INDEPENDENT FITNESS,2,Sa,9:00 AM,WC 0827A,Lchristine ,18,/,25,0,2.4,1.5,
6530,PHA 130  02,OVER-THE-COUNTER DRUGS,2,Other,9:00 AM,IB 1421,Uthorstensen,23,/,28,0,3.1,3.1,
6531,PHA 140  02,STERILE PROD./ASEP. TECH,2,Other,12:00 PM,IB 1421,Uthorstensen,24,/,28,0,3.2,3.2,
,,,,,,,,,,,,,,
Item,Course ID,Title,CR,Days,Time,Room,Instructor,Enrolled,,,Wait,FTES,,
,,,,,,,,,,,List,TOTAL,STATE,
6532,PHA 145  02,PHARMACY ETHICS,1,Other,10:45 AM,IB 1421,Uthorstensen,20,/,28,0,1.3,1.3,
6533,PHA 146  02,COMM IN PHARMACY PRACTIC,2,Other,1:30 PM,IB 1421,Uthorstensen,22,/,28,0,2.9,2.9,
6534,PHA 150  02,PHARMACOLOGY I,3,F,9:00 AM,IB 1421,Lramos ,22,/,28,0,4.4,4.4,
6535,PHA 160  02,PHARMACY TECHNOLOGY I,3,Other,2:25 PM,ED 1841A,Uthorstensen,23,/,28,0,4.6,4.6,
6536,PHA 190  02,PHARMACY TECH EXTERNSHIP,13,Arr,AR:R M,OC,Uthorstensen,18,/,28,0,4.9,4.9,
6537,PHA 191  02,JOB SKILLS NATL EXAM PRE,1,Other,8:00 AM,ED 1841A,Uthorstensen,22,/,28,0,1.5,1.5,
3305,PHIL&101  01,INTRO TO PHILOSOPHY,5,Other,10:00 AM,CC 3343,Ovishnya ,31,/,36,1,10.3,9.3,
9571,PHIL&101  D1,INTRO TO PHILOSOPHY,5,Online,-,-,Scondit ,27,/,25,0,9,8,
9573,PHIL&106  D1,INTRO TO LOGIC,5,Online,-,-,Swerre ,28,/,25,4,9.3,9,
3315,PHIL&106  01,INTRO TO LOGIC,5,DAILY,11:00 AM,CC 3343,Ovishnya ,33,/,36,0,11,7,
3320,PHIL 298  01,IND. STUDY IN PHILOSOPHY,5,Arr,AR:R M,ARR,Abates ,2,/,5,0,0.4,0.4,
2919,PHYS&114  H7,GENERAL PHYSICS I,5,HYBRID - TTh,2:00 PM,AS 1527,Deyres ,31,/,32,2,10.3,8,
2911,PHYS&114  H3,GENERAL PHYSICS I,5,HYBRID - MW,10:00 AM,AS 1527,Deyres ,33,/,32,1,11,9.3,
2917,PHYS&114  H6,GENERAL PHYSICS I,5,HYBRID - MW,1:00 PM,AS 1527,Msteffancin ,31,/,32,10,10.3,6,
2923,PHYS&115  H1,GENERAL PHYSICS II,5,HYBRID - MW,8:00 AM,AS 1527,Deyres ,24,/,32,0,8,7.3,
2929,PHYS&115  08,GENERAL PHYSICS II,5,MW,6:00 PM,AS 1527,Jreid ,26,/,32,0,8.7,7.7,
2935,PHYS&116  H1,GENERAL PHYSICS III,5,HYBRID - TTh,8:00 AM,AS 1527,Deyres ,13,/,32,0,4.3,3.7,
2941,PHYS&221  03,ENGINEERING PHYSICS I,5,TThF,10:00 AM,AS 1527,Msteffancin ,31,/,32,10,10.3,7,
2947,PHYS&222  05,ENGINEERING PHYSICS II,5,TThF,12:00 PM,AS 1527,Msteffancin ,32,/,32,4,10.7,8.3,
2953,PHYS&222  09,ENGINEERING PHYSICS II,5,TTh,6:00 PM,AS 1527,Jreid ,35,/,32,6,11.7,8,
,,,,,,,,,,,,,,
Item,Course ID,Title,CR,Days,Time,Room,Instructor,Enrolled,,,Wait,FTES,,
,,,,,,,,,,,List,TOTAL,STATE,
9581,POLS&101  D1,INTRO POLITICAL SCIENCE,5,Online,-,-,Jlane ,23,/,25,5,7.7,5.3,
9586,POLS&202  D2,AMERICAN GOVERNMENT,5,Online,-,-,Jlane ,29,/,25,4,9.7,5.3,
3355,POLS&202  H1,AMERICAN GOVERNMENT,5,HYBRID - MTWTh,10:00 AM,LB 1131,Erolguin ,38,/,36,0,12.7,6,
3365,POLS&203  H1,INTERNATIONAL RELATIONS,5,HYBRID - MTWTh,11:00 AM,LB 1131,Erolguin ,27,/,36,0,9,6.7,
3425,PSYC&100  03,GENERAL PSYCHOLOGY,5,TTh,12:00 PM,CC 3452,Lchaffee ,38,/,36,0,12.7,10.7,
3405,PSYC&100  01,GENERAL PSYCHOLOGY,5,DAILY,9:00 AM,CC 3452,Bholt ,38,/,36,2,12.7,6.3,
3415,PSYC&100  02,GENERAL PSYCHOLOGY,5,DAILY,10:00 AM,CC 3452,Bholt ,35,/,36,1,11.7,9,
3430,PSYC&100  04,GENERAL PSYCHOLOGY,5,TTh,6:00 PM,CC 3345,Ratkins ,15,/,36,0,5,4.3,
9587,PSYC&100  D1,GENERAL PSYCHOLOGY,5,Online,-,-,Mgrinley ,22,/,25,1,7.3,6.7,
9589,PSYC&100  D2,GENERAL PSYCHOLOGY,5,Online,-,-,Mgrinley ,25,/,25,2,8.3,8.3,
9593,PSYC&200  D1,LIFESPAN PSYCHOLOGY,5,Online,-,-,Nfinle ,22,/,25,1,7.3,6.7,
9597,PSYC&200  D3,LIFESPAN PSYCHOLOGY,5,Online,-,-,Kkuwada ,26,/,25,3,8.7,8.7,
9595,PSYC&200  D2,LIFESPAN PSYCHOLOGY,5,Online,-,-,Nfinle ,21,/,25,1,7,6.7,
3445,PSYC&200  02,LIFESPAN PSYCHOLOGY,5,MW,6:00 PM,CC 3343,Cancel 12/11,0,/,36,0,0,0,
3435,PSYC&200  01,LIFESPAN PSYCHOLOGY,5,Other,10:00 AM,CC 3345,Arichards ,29,/,36,0,9.7,9,
3455,PSYC 210  01,PERSONALITY AND IND DIFF,5,MWF,1:00 PM,CC 3343,Bholt ,26,/,36,0,8.7,6.3,
3475,PSYC 222  01,SURVEY OF PHYSIOL. PSYCH,5,Other,12:00 PM,CC 3343,Avoorhies ,22,/,36,0,7.3,7,
9469,RES 100  D1,REAL ESTATE FUNDAMENTALS,5,Online,-,-,Nadelson ,30,/,31,0,10,9.7,
4505,RES 106  01,REAL ESTATE FRAUD,1,Sa,8:30 AM,IB 3327,Rhagar ,28,/,35,0,1.9,1.5,
4515,RES 120  01N,RE PRINC OF MAINT & REP,2,F,6:00 PM,IB 3317,Charer ,25,/,25,0,2.5,2.5,
,,,,,,,,,,,,,,
Item,Course ID,Title,CR,Days,Time,Room,Instructor,Enrolled,,,Wait,FTES,,
,,,,,,,,,,,List,TOTAL,STATE,
4517,RES 125  01N,APPLICATIONS OF RES MATH,2,T,6:00 PM,IB 3316,Mcampos ,21,/,25,0,2.8,2.8,
9471,RES 140  D1,R.E. SALES & PRACTICE,3,Online,-,-,Nadelson ,35,/,35,3,7,7,
4525,RES 150  01,RESIDENTIAL SALES & LEAS,2,Sa,8:10 AM,IB 3317,Cancel 10/15,0,/,35,0,0,0,
4527,RES 183  01N,BASIC APPRAISAL PROCEDUR,3,W,6:00 PM,IB 3316,Galberti ,12,/,20,0,2.4,2.2,
4532,RES 203  01N,PROPERTY MGT.-COMMERCIAL,3,Th,6:00 PM,IB 3327,Proggenkamp ,22,/,25,0,4.4,4,
4535,RES 220  01N,REAL ESTATE ECONOMICS,3,M,6:00 PM,IB 3316,Lwjohnson ,16,/,25,0,3.2,3.2,
4540,RES 298  02,SPECIAL PROJECTS-REALEST,6,Arr,AR:R M,IB 2431A,Nadelson ,1,/,3,0,0.2,0.2,
4539,RES 298  01,SPECIAL PROJECTS-REALEST,6,Arr,AR:R M,IB 2413A,Nadelson ,2,/,3,0,0.5,0.5,
2967,SCI 113  09,MARSH ECOLOGY-NW FIELD,1,Other,AR:R M,ARR,Sschlado ,11,/,22,0,0.7,0.6,
2965,SCI 298  02,IND STUDY -LAB SCIENCE,5,Arr,AR:R M,ARR,Jfigge ,0,/,1,0,0,0,
2969,SCI 299  01,IND STUDY-NANOTECHNOLOGY,5,Arr,AR:R M,ARR,Aagnello ,2,/,3,0,0.7,0.3,
3520,SOC& 101  H1,INTRO TO SOCIOLOGY,5,HYBRID - MWF,10:00 AM,LB 1141,Ratkins ,34,/,36,2,11.3,9.3,
3515,SOC& 101  01,INTRO TO SOCIOLOGY,5,Other,9:00 AM,IB 3413,Gpalmer ,37,/,36,1,12.3,8,
9606,SOC& 101  D2,INTRO TO SOCIOLOGY,5,Online,-,-,Ratkins ,29,/,30,1,9.7,7.3,
9605,SOC& 101  D1,INTRO TO SOCIOLOGY,5,Online,-,-,Ratkins ,26,/,30,4,8.7,5,
1760,SPAN&121  01,SPANISH I,5,Other,12:00 PM,IB 3325,Czahajko ,29,/,37,0,9.7,7,
1761,SPAN&121  02,SPANISH I,5,TTh,5:30 PM,IB 3426,Sbernhar ,27,/,30,0,9,8.7,
1762,SPAN&121  03,SPANISH I,5,Other,11:00 AM,IB 3325,Czahajko ,29,/,37,0,9.7,7,
1774,SPAN&122  H7,SPANISH II,5,HYBRID - Th,5:30 PM,IB 3325,Vrzhondkovsk,20,/,30,0,6.7,5.7,
1770,SPAN&122  04,SPANISH II,5,MW,5:30 PM,IB 3426,Jordantaylor,32,/,30,0,10.7,9.3,
,,,,,,,,,,,,,,
Item,Course ID,Title,CR,Days,Time,Room,Instructor,Enrolled,,,Wait,FTES,,
,,,,,,,,,,,List,TOTAL,STATE,
1766,SPAN&122  02,SPANISH II,5,Other,10:00 AM,IB 3325,Czahajko ,38,/,37,0,12.7,10.3,
1780,SPAN 299  01,INDEPENDNT STDY SPANISH,5,Arr,AR:R M,IB 2309A,Czahajko ,4,/,5,0,1.1,0.8,
2971,SUST 101  04,INTRO TO SUSTAINABILITY,5,MWF,11:00 AM,IB 3317,Kbarndt ,19,/,32,0,6.3,6,
5101,TDR 101  H1N,INTERMED BIM FOR DESIGN,5,HYBRID - T,5:30 PM,ED 2843B,Ssimmons ,22,/,24,0,7.3,7.3,
5102,TDR 109  01,ARCHITECTURAL EGRING LAB,1,T,3:30 PM,ED 2843B,Ssimmons ,18,/,24,0,1.2,1.1,
5105,TDR 112  H1N,INTER CAD DRAFT/CONS&DES,5,HYBRID - Th,5:30 PM,ED 2843B,Ssimmons ,22,/,24,0,7.3,7,
5115,TDR 134  01N,SYSTEMS IN BUILDINGS,5,MW,5:30 PM,ED 2843B,Ncarlstr ,17,/,24,0,5.7,5.7,
5120,TDR 161  01,APPLIED MECHANICS II,5,MW,3:30 PM,ED 2843B,Ncarlstr ,9,/,24,0,3,3,
9473,TDR 200  D1,INTRO TO SOLID WORKS,5,Online,-,-,Ssimmons ,12,/,24,0,4,3.7,
5106,TDR 297  01,CONSTRUCTION EGR DRAFT,5,Arr,AR:R M,IB 2319B,Ssimmons ,2,/,10,0,0.7,0.7,
2985,UGR 294  01,INDEPENDENT RESEARCH,5,Arr,AR:R M,ARR,Bsaunder ,5,/,12,0,1.4,1.4,
3560,WMN 200  01,INTRO TO GENDER STUDIES,5,Other,9:00 AM,CC 3343,Kstuhldr ,17,/,36,0,5.7,5,
3582,WMN 298  01,SPEC TOPIC:WOMEN STUDIES,5,Arr,AR:R M,ARR,Kstuhldr ,0,/,4,0,0,0,
,,,,,,,,,,,,,,
Clustered Classes:,,,,,,,,,,,,,,
Item,Course ID,Title,CR,Days,Time,Room,Instructor,Enrolled,,,Wait,FTES,,Cluster
,,,,,,,,,,,List,TOTAL,STATE,
1016,ART 114  01,DIGITAL PHOTOGRAPHY I,5,MW,11:00 AM,ED 2843B,Eburns ,17,/,20,2,5.7,4.7,1016B233
1017,ART 115  01,DIGITAL PHOTOGRAPHY II,5,MW,11:00 AM,ED 2843B,Eburns ,2,/,0,0,0.7,0.3,1016B233
1019,ART 121  01,INTRO TO PRINTMAKING,5,TTh,1:00 PM,AS 1530,Aknowles ,8,/,20,0,2.7,2.3,1019B233
1020,ART 122  01,INTRO TO PRINTMAKING-INT,5,TTh,1:00 PM,AS 1530,Aknowles ,5,/,0,0,1.7,1.7,1019B233
1021,ART 123  01,PAINTERLY PRINT:MONOTYPE,5,TTh,1:00 PM,AS 1530,Aknowles ,4,/,0,0,1.3,1,1019B233
1025,ART 201  01,PAINTING,5,TTh,6:00 PM,AS 1532,Egherard ,11,/,20,0,3.7,2.7,1025B233
1026,ART 202  01,PAINTING,5,TTh,6:00 PM,AS 1532,Egherard ,1,/,0,0,0.3,0.3,1025B233
,,,,,,,,,,,,,,
Item,Course ID,Title,CR,Days,Time,Room,Instructor,Enrolled,,,Wait,FTES,,Cluster
,,,,,,,,,,,List,TOTAL,STATE,
1027,ART 203  01,PAINTING,5,TTh,6:00 PM,AS 1532,Egherard ,3,/,0,0,1,0.7,1025B233
1028,ART 201  02,PAINTING,5,MW,10:00 AM,AS 1532,Mkelly ,16,/,20,0,5.3,3.3,1028B233
1029,ART 202  02,PAINTING,5,MW,10:00 AM,AS 1532,Mkelly ,3,/,0,0,1,1,1028B233
1030,ART 203  02,PAINTING,5,MW,10:00 AM,AS 1532,Mkelly ,2,/,0,0,0.7,0.3,1028B233
1038,ART 211  01,SCULPTURE,5,MW,1:00 PM,AS 1630,Lhalvorsen ,8,/,20,0,2.7,0.3,1038B233
1039,ART 212  01,SCULPTURE,5,MW,1:00 PM,AS 1630,Lhalvorsen ,2,/,0,0,0.7,0.7,1038B233
1040,ART 213  01,SCULPTURE,5,MW,1:00 PM,AS 1630,Lhalvorsen ,0,/,0,0,0,0,1038B233
1047,ART 221  02,CERAMIC ART,5,MW,1:00 PM,AS 1630,Lhalvorsen ,14,/,0,0,4.7,2.3,1038B233
1041,ART 221  01,CERAMIC ART,5,TTh,1:00 PM,AS 1630,Lhalvorsen ,18,/,20,5,6,2,1041B233
1042,ART 222  01,CERAMIC ART,5,TTh,1:00 PM,AS 1630,Lhalvorsen ,5,/,0,1,1.7,1,1041B233
1043,ART 223  01,CERAMIC ART,5,TTh,1:00 PM,AS 1630,Lhalvorsen ,0,/,0,0,0,0,1041B233
1060,ART 282  01,JEWELRY DESIGN II,5,MW,1:00 PM,AS 1533,Lhull ,10,/,20,0,3.3,3.3,1060B233
1061,ART 283  01,INTRO TO ALLOWING AND JE,5,MW,1:00 PM,AS 1533,Lhull ,5,/,0,0,1.7,1.3,1060B233
1062,ART 284  01,BENCH TECHNIQUES AND PRA,5,MW,1:00 PM,AS 1533,Lhull ,0,/,0,0,0,0,1060B233
1100,CMST 175  C1,ORAL INTERPRETATION,5,Other,10:30 AM,CC 2153,Jharradi ,13,/,0,0,4.3,4,1100B233
1210,ENGL&101  C1,ENGLISH COMPOSITION I,5,MWF,10:30 AM,CC 2153,Jharradi ,2,/,0,0,0.7,0.7,1100B233
1211,ENGL&102  C1,COMPOSITION II,5,Other,10:30 AM,CC 2153,Jharradi ,19,/,0,0,6.3,6,1100B233
1218,ENGL 291  C1,LITERATURE BY WOMEN,5,MWF,10:30 AM,CC 2153,Jharradi ,12,/,0,1,4,4,1100B233
3225,HIST 140  C1,WOMEN IN AMERICAN HISTOR,5,Other,10:30 AM,CC 2153,Kstuhldr ,26,/,0,0,8.7,8.7,1100B233
3555,WMN 140  C1,WOMEN IN AMERICAN HISTOR,5,Other,10:30 AM,CC 2153,Kstuhldr ,14,/,0,1,4.7,4,1100B233
,,,,,,,,,,,,,,
Item,Course ID,Title,CR,Days,Time,Room,Instructor,Enrolled,,,Wait,FTES,,Cluster
,,,,,,,,,,,List,TOTAL,STATE,
3580,WMN 298  C1,SPEC TOPIC:WOMEN STUDIES,2,MWF,10:30 AM,CC 2153,Kstuhldr ,6,/,0,0,0.8,0.8,1100B233
1104,CMST 115  01,OVERCOMING COMM ANXIETY,5,MWF,2:00 PM,ED 0840C,Rschuess ,5,/,0,5,1.7,0.7,1103B233
1103,CMST&220  01,PUBLIC SPEAKING,5,MWF,2:00 PM,ED 0840C,Rschuess ,27,/,25,5,9,6.3,1103B233
1106,CMST 115  02,OVERCOMING COMM ANXIETY,5,Other,5:30 PM,ED 0840C,Rdeheck ,1,/,0,4,0.3,0,1105B233
1105,CMST&220  02,PUBLIC SPEAKING,5,Other,5:30 PM,ED 0840C,Rdeheck ,29,/,25,6,9.7,2,1105B233
1108,CMST 115  03,OVERCOMING COMM ANXIETY,5,Other,5:30 PM,ED 0840C,Jreis ,6,/,0,2,2,1.7,1107B233
1107,CMST&220  03,PUBLIC SPEAKING,5,Other,5:30 PM,ED 0840C,Jreis ,20,/,25,3,6.7,4,1107B233
1111,CMST 115  04,OVERCOMING COMM ANXIETY,5,Other,5:30 PM,LB 1131,Kzaragoza ,9,/,0,0,3,1.7,1109B233
1109,CMST&220  04,PUBLIC SPEAKING,5,MW,5:30 PM,LB 1131,Kzaragoza ,14,/,25,0,4.7,4,1109B233
1110,CMST 245  01,MEDIA COMM AND CRITICISM,5,MWF,11:00 AM,ED 0840C,Rschuess ,15,/,25,0,5,3.7,1110B233
1112,CMST 265  01,MEDIA RELATIONS/ETHICS,5,MWF,11:00 AM,ED 0840C,Rschuess ,7,/,0,0,2.3,2.3,1110B233
1116,CMST 255  01,WRITING FOR ORG & MEDIA,5,MWF,12:30 PM,ED 0840C,Rschuess ,18,/,25,0,6,5.3,1116B233
1118,CMST 275  01,ONLINE COMMUNICATION,5,MWF,12:30 PM,ED 0840C,Rschuess ,8,/,0,0,2.7,2.3,1116B233
1212,ENGL&101  C2,ENGLISH COMPOSITION I,5,Other,10:00 AM,CC 2153,Tchung ,9,/,0,2,3,2.7,1212B233
1214,ENGL 265  C2,LITERATURE & SOCIETY,5,Other,10:00 AM,CC 2153,Tchung ,33,/,0,1,11,9,1212B233
1604,MUSC 113  C2,MUSIC IN THE U.S.,5,Other,10:00 AM,CC 2153,Bpalmer ,41,/,0,3,13.7,11.3,1212B233
1241,ENGL 095  03,COLL PREP READ STUDY III,5,MTTh,6:00 PM,CC 3349,Kmcclanahan ,6,/,6,6,2,1.3,1241B233
1257,ENGL 097  03,COLLEGE PREP WRITING IV,5,MTTh,6:00 PM,CC 3349,Kmcclanahan ,12,/,12,4,4,3,1241B233
1259,ENGL 097  04,COLLEGE PREP WRITING IV,5,MTTh,6:00 PM,CC 3349,Kmcclanahan ,9,/,10,0,3,3,1241B233
1242,ENGL 096  03,COLLEGE PREP WRITING III,5,MTTh,7:40 PM,CC 3349,Kmcclanahan ,6,/,6,5,2,1.3,1242B233
,,,,,,,,,,,,,,
Item,Course ID,Title,CR,Days,Time,Room,Instructor,Enrolled,,,Wait,FTES,,Cluster
,,,,,,,,,,,List,TOTAL,STATE,
1260,ENGL 098  04,COLLEGE PREP READING IV,5,MTTh,7:40 PM,CC 3349,Kmcclanahan ,9,/,10,0,3,3,1242B233
1258,ENGL 098  03,COLLEGE PREP READING IV,5,MTTh,7:40 PM,CC 3349,Kmcclanahan ,12,/,12,3,4,3,1242B233
1311,ENGL 151  01,CREATIVE WRITING,5,DAILY,12:00 PM,CC 3350,Dma ,23,/,28,0,7.7,6.7,1311B233
1312,ENGL 152  01,CREATIVE WRITING,5,DAILY,12:00 PM,CC 3350,Dma ,0,/,0,0,0,0,1311B233
1313,ENGL 153  01,CREATIVE WRITING,5,DAILY,12:00 PM,CC 3350,Dma ,1,/,0,0,0.3,0.3,1311B233
1353,ESL 012  02,ESL - LEVEL 1B,10,DAILY,9:00 AM,IB 1307,Ksternin ,1,/,32,0,0.7,0.7,1353B233
1356,ESL 013  02,ESL - LEVEL 1C,10,DAILY,9:00 AM,IB 1307,Ksternin ,22,/,0,0,14.5,14.5,1353B233
1359,ESL 015  80,BASIC LITERACY LEVEL 1,5,DAILY,11:00 AM,CC 3359,Cromanik ,4,/,32,0,1.3,1.3,1359B233
1370,ESL 025  80,FOCUS ON WRITING LEVEL 2,5,DAILY,11:00 AM,CC 3359,Cromanik ,19,/,0,0,6.3,6.3,1359B233
1365,ESL 021  01,ESL - LEVEL 2A - R & W,5,TTh,6:30 PM,IB 3428,Mreynolds ,20,/,32,0,6.5,6.5,1365B233
1368,ESL 022  01,ESL - LEVEL 2B - R & W,5,TTh,6:30 PM,IB 3428,Mreynolds ,17,/,0,4,5.7,5.7,1365B233
1375,ESL 027  02,INTRO TO COMP ASST LANG,4,MWF,12:00 PM,IB 3305,Bmckelve ,5,/,32,1,1.3,1.3,1375B233
1410,ESL 057  01,ADV COMP ASSTD LANGUAGE,4,Other,12:00 PM,IB 3305,Bmckelve ,19,/,0,0,5.1,5.1,1375B233
1391,ESL 041  01,ESL LEVEL 4A - R & W,5,TTh,6:30 PM,CC 3359,Sremilien ,19,/,32,4,6.3,6.3,1391B233
1394,ESL 042  01,ESL LEVEL 4B - R & W,5,TTh,6:30 PM,CC 3359,Sremilien ,14,/,0,1,4.7,4.7,1391B233
1384,ESL 036  01,ESL SPEAK/LISTEN LEVEL 3,5,DAILY,10:00 AM,IB 3315,Annakim ,15,/,0,0,5,5,1397B233
1397,ESL 046  01,ESL SPEAK/LISTEN LEVEL 4,5,DAILY,10:00 AM,IB 3315,Annakim ,15,/,0,0,4.9,4.9,1397B233
1374,ESL 027  01,INTRO TO COMP ASST LANG,3,MWF,11:00 AM,IB 3305,Bmckelve ,15,/,0,4,3,3,1398B233
1398,ESL 037  01,BEGIN COMP ASSTD LANG,6,MWF,10:00 PM,IB 3305,Bmckelve ,17,/,28,1,6.8,6.8,1398B233
1401,ESL 051  01,ESL LEVEL 5A - R & W,5,TTh,6:30 PM,CC 3343,Schai ,17,/,32,0,5.7,5.7,1401B233
,,,,,,,,,,,,,,
Item,Course ID,Title,CR,Days,Time,Room,Instructor,Enrolled,,,Wait,FTES,,Cluster
,,,,,,,,,,,List,TOTAL,STATE,
1405,ESL 052  01,ESL LEVEL 5B - R & W,5,TTh,6:30 PM,CC 3343,Schai ,11,/,0,0,3.6,3.6,1401B233
1407,ESL 055  H1,FOCUS ON WRITING LEVEL 5,5,HYBRID - MWF,11:00 AM,IB 3416,Jbarton ,21,/,32,0,7,7,1407B233
1426,ESL 065  H1,FOCUS ON WRITING LEVEL 6,5,HYBRID - MWF,11:00 AM,IB 3416,Jbarton ,7,/,0,0,2.3,2.3,1407B233
1408,ESL 056  01,ESL SPEAK/LISTEN LEVEL 5,5,DAILY,12:00 PM,CC 3445,Cpurdy ,12,/,32,0,4,4,1408B233
1427,ESL 066  01,ESL SPEAK/LISTEN LEVEL 6,5,DAILY,12:00 PM,CC 3445,Cpurdy ,5,/,0,0,1.7,1.7,1408B233
1826,ABE 049  I1,BASIC SKILLS SUPP PROF/T,3,TF,8:15 AM,IB 1303,Mpalmer ,6,/,0,0,1.2,1.2,1414B233
1414,ESL 059  I1,NURS ASSIST ESL,3,TF,8:15 AM,IB 1303,Mpalmer ,6,/,32,0,1.2,1.2,1414B233
1827,ABE 049  I2,BASIC SKILLS SUPP.PROF/T,2,T,12:00 PM,ED 1841A,Schai ,8,/,0,0,1.1,1.1,1415B233
1415,ESL 059  I2,PHLEBOTOMY ASSIST,2,T,12:00 PM,ED 1841A,Schai ,5,/,32,0,0.7,0.7,1415B233
1416,ESL 061  01,ESL LEVEL 6A,10,DAILY,9:00 AM,LB 1128,Ksandy ,13,/,32,0,8.5,8.5,1416B233
1420,ESL 062  01,ESL - LEVEL 6B,10,DAILY,9:00 AM,LB 1128,Ksandy ,9,/,0,0,6,6,1416B233
1417,ESL 061  01,ESL LEVEL 6A - R & W,5,TTh,6:30 PM,IB 3415,Jfallow ,10,/,32,0,3.3,3.3,1417B233
1421,ESL 062  01,ESL LEVEL 6B - R & W,5,TTh,6:30 PM,IB 3415,Jfallow ,7,/,0,0,2.3,2.3,1417B233
1418,ESL 061  01,ESL LEVEL 6A - S & L,5,MW,6:30 PM,CC 3443,Anneforester,17,/,32,0,5.7,5.7,1418B233
1422,ESL 062  01,ESL LEVEL 6B - S & L,5,MW,6:30 PM,CC 3443,Anneforester,11,/,0,0,3.6,3.6,1418B233
1828,ABE 049  I3,BASIC SKILLS SUPP PROF/T,3,MWF,10:00 AM,IB 3309,Mlieberg ,0,/,0,0,0,0,1428B233
1428,ESL 069  I3,VOCATIONAL ESL -ACCOUNT.,3,Other,10:00 AM,IB 3309,Mlieberg ,6,/,32,0,1.2,1.2,1428B233
1450,ESL 010  25,BASIC LITERACY,5,MW,9:30 AM,OC,Lnausner ,7,/,28,0,2.3,2.3,1450B233
1451,ESL 020  25,ESL - LEVEL 2,5,MW,9:30 AM,OC,Lnausner ,2,/,0,0,0.7,0.7,1450B233
1452,ESL 030  25,ESL - LEVEL 3,5,MW,9:30 AM,OC,Lnausner ,9,/,0,0,2.9,2.9,1450B233
,,,,,,,,,,,,,,
Item,Course ID,Title,CR,Days,Time,Room,Instructor,Enrolled,,,Wait,FTES,,Cluster
,,,,,,,,,,,List,TOTAL,STATE,
1453,ESL 040  25,ESL LEVEL 4,5,MW,9:30 AM,OC,Lnausner ,3,/,0,0,0.9,0.9,1450B233
1460,ESL 010  30,BASIC LITERACY,5,Arr,AR:R M,ARR,Jduke ,3,/,28,0,1,1,1460B233
1461,ESL 020  30,ESL - LEVEL 2,5,Arr,AR:R M,ARR,Jduke ,4,/,0,0,1.3,1.3,1460B233
1462,ESL 030  30,ESL LEVEL 3,5,Arr,AR:R M,ARR,Jduke ,5,/,0,0,1.7,1.7,1460B233
1801,ABE 020  01,ABE LEVEL 2,5,MW,9:00 AM,IB 1317,Vwright ,4,/,28,0,1.3,1.3,1801B233
1802,ABE 030  01,ABE LEVEL 3,5,MW,9:00 AM,IB 1317,Vwright ,13,/,0,0,4.3,4.3,1801B233
1810,ABE 021  01,ABE LEVEL 2 MATH,5,TTh,9:00 AM,IB 1317,Vwright ,10,/,28,0,3.3,3.3,1810B233
1811,ABE 031  01,ABE LEVEL 3 MATH,5,TTh,9:00 AM,IB 1317,Vwright ,8,/,0,0,2.7,2.7,1810B233
1814,ABE 040  01,ABE LEVEL 4,5,MW,9:00 AM,IB 3330,Jhaines ,11,/,28,0,3.7,3.7,1814B233
1815,GED 050  01,BASIC GED PREPARATION 5,5,MW,9:00 AM,IB 3330,Jhaines ,12,/,0,0,4,4,1814B233
1816,GED 060  01,ADVANCED GED PREP LVL 6,5,MW,9:00 AM,IB 3330,Jhaines ,0,/,0,0,0,0,1814B233
1820,ABE 041  01,ABE ADVANCED MATH,5,TTh,9:00 AM,IB 3330,Jhaines ,23,/,28,0,7.7,7.7,1820B233
1821,GED 051  01,GED ADVANCED MATH,5,TTh,9:00 AM,IB 3330,Jhaines ,2,/,0,0,0.7,0.7,1820B233
1822,GED 061  01,GED ADVANCED MATH,5,TTh,9:00 AM,IB 3330,Jhaines ,4,/,0,0,1.3,1.3,1820B233
2279,CHEM&251  07,ORGANIC CHEM LAB I,3,T,2:00 PM,AS 1614,Jpatters ,24,/,24,15,4.8,2.8,2279B233
2281,CHEM&251  07A,ORGANIC CHEM LAB I,3,T,2:00 PM,AS 1614,Jpatters ,25,/,24,6,5,4.2,2279B233
2825,NANO 220  01A,MICRO NANOFABRICATION,5,Other,8:00 AM,ED 0843A,Pkazarinoff ,5,/,6,0,1.7,1.7,2815B233
2815,NANO 220  01,MICRO NANOFABRICATION,5,Other,8:00 AM,ED 0843A,Pkazarinoff ,4,/,6,0,1.3,1.3,2815B233
4001,ACCT 110  I1,INTRO TO ACCTG/BOOKG I,5,MWF,11:00 AM,IB 3315,Slozano ,8,/,8,0,2.7,2.7,4000B233
4000,ACCT 110  01,INTRO TO ACCTG/BOOKG I,5,MWF,11:00 AM,IB 3315,Slozano ,19,/,27,0,6.3,6,4000B233
,,,,,,,,,,,,,,
Item,Course ID,Title,CR,Days,Time,Room,Instructor,Enrolled,,,Wait,FTES,,Cluster
,,,,,,,,,,,List,TOTAL,STATE,
4106,BUS 105  01,KEYBOARDING,4,DAILY,9:00 AM,IB 3309,Mfarrar ,10,/,8,0,2.7,2.4,4106B233
4108,BUS 106  01,KEYBOARDING/SKILLBUILD,3,DAILY,9:00 AM,IB 3309,Mfarrar ,7,/,7,1,1.4,1.4,4106B233
4117,BUS 115  I1,COMPUTATIONAL SKILLBUILD,2,DAILY,9:00 AM,IB 3309,Mfarrar ,8,/,13,0,1.1,1.1,4106B233
4118,BUS 115  01,COMPUTATIONAL SKILLBUILD,2,DAILY,9:00 AM,IB 3309,Mfarrar ,1,/,2,0,0.1,0.1,4106B233
4141,BUS 169  I1,USING COMPUTERS IN BUS,5,Other,12:00 PM,IB 3309,Bcampbel ,9,/,9,0,3,3,4140B233
4140,BUS 169  01,USING COMPUTERS IN BUS,5,Other,12:00 PM,IB 3309,Bcampbel ,19,/,19,6,6.3,6.3,4140B233
5315,EEL 202  01N,INDUSTRIAL MOTOR CONTROL,5,MW,6:00 PM,ED 0843A,Fjump ,13,/,24,0,4.3,4.3,5315B233
5344,EET 285  01N,ELECTRONICS TECH PROJECT,3,MW,6:00 PM,ED 0841A,Fjump ,5,/,24,0,1,1,5315B233
5326,EET 161  01N,DC PRIN OF ELECTRONICS,5,MW,6:00 PM,ED 2843A,Djenkins ,25,/,24,4,8.3,8.3,5326B233
5327,EET 161  02N,DC PRIN OF ELECTRONICS,5,MW,6:00 PM,ED 2843A,Djenkins ,1,/,1,6,0.3,0.3,5326B233
6401,FAM 147  01,PARENT ED: 0-12 MONTHS,3,W,8:30 AM,IB 1407,Mmulcahy ,20,/,20,0,4,4,6401B233
6041,FAM 149  41,2ND PARENT CHLDSTDY/LAB,1,W,8:30 AM,IB 1407,Mmulcahy ,0,/,3,0,0,0,6401B233
6402,FAM 147  02,PARENT ED: 0-12 MONTHS,3,Th,12:15 PM,IB 1407,Iwagner ,20,/,20,0,4,4,6402B233
6042,FAM 149  42,2ND PARENT CHLDSTDY/LAB,1,Th,12:15 PM,IB 1407,Iwagner ,0,/,3,0,0,0,6402B233
6403,FAM 147  03,PARENT ED: 0-12 MONTHS,3,T,1:00 PM,IB 1407,Cancel 01/04,0,/,20,0,0,0,6403B233
6043,FAM 149  43,2ND PARENT CHLDSTDY/LAB,1,T,1:00 PM,IB 1407,Mmulcahy ,0,/,3,0,0,0,6403B233
6045,FAM 149  45,2ND PARENT CHLDSTDY/LAB,1,Arr,AR:R M,OC,Lleiker ,0,/,3,0,0,0,6405B233
6060,FAM 149  60,2ND PARENT CHLDSTDY/LAB,1,Arr,AR:R M,OC,Lleiker ,0,/,3,0,0,0,6405B233
6405,FAM 157  05,PARENT ED.: 12-24 MONTHS,3,Arr,AR:R M,OC,Lleiker ,10,/,10,0,2,2,6405B233
6420,FAM 167  20,PARENT ED.: 24-36 MONTHS,3,Arr,AR:R M,OC,Lleiker ,11,/,10,0,2.2,2.2,6405B233
,,,,,,,,,,,,,,
Item,Course ID,Title,CR,Days,Time,Room,Instructor,Enrolled,,,Wait,FTES,,Cluster
,,,,,,,,,,,List,TOTAL,STATE,
6046,FAM 149  46,2ND PARENT CHLDSTDY/LAB,1,T,8:30 AM,IB 1407,Bethgoss ,0,/,3,0,0,0,6406B233
6406,FAM 157  06,PARENT ED.: 12-24 MONTHS,3,T,8:30 AM,IB 1407,Bethgoss ,20,/,20,0,4,4,6406B233
6047,FAM 149  47,2ND PARENT CHLDSTDY/LAB,1,Arr,AR:R M,OC,Swilliams ,0,/,3,0,0,0,6407B233
6407,FAM 157  07,PARENT ED.: 12-24 MONTHS,3,Arr,AR:R M,OC,Swilliams ,20,/,20,0,4,4,6407B233
6048,FAM 149  48,2ND PARENT CHLDSTDY/LAB,1,Arr,AR:R M,ARR,Abaumgarten ,0,/,3,0,0,0,6408B233
6066,FAM 149  66,2ND PARENT CHLDSTDY/LAB,1,Arr,AR:R M,ARR,Abaumgarten ,0,/,3,0,0,0,6408B233
6408,FAM 157  08,PARENT ED.: 12-24 MONTHS,3,Arr,AR:R M,ARR,Abaumgarten ,16,/,10,0,3.2,3.2,6408B233
6426,FAM 167  26,PARENT ED.: 24-36 MONTHS,3,Arr,AR:R M,ARR,Abaumgarten ,11,/,10,0,2.2,2.2,6408B233
6049,FAM 149  49,2ND PARENT CHLDSTDY/LAB,1,Arr,AR:R M,OC,Iwagner ,1,/,3,0,0.1,0.1,6409B233
6409,FAM 157  09,PARENT ED.: 12-24 MONTHS,3,Arr,AR:R M,OC,Iwagner ,20,/,20,0,4,4,6409B233
6050,FAM 149  50,2ND PARENT CHLDSTDY/LAB,1,Arr,AR:R M,OC,Dcarlsen ,0,/,3,0,0,0,6410B233
6410,FAM 157  10,PARENT ED.: 12-24 MONTHS,3,Arr,AR:R M,OC,Dcarlsen ,20,/,20,0,4,4,6410B233
6051,FAM 149  51,2ND PARENT CHLDSTDY/LAB,1,Arr,AR:R M,OC,Iwagner ,0,/,3,0,0,0,6411B233
6411,FAM 157  11,PARENT ED.: 12-24 MONTHS,3,Arr,AR:R M,OC,Iwagner ,21,/,20,0,4.2,4.2,6411B233
6052,FAM 149  52,2ND PARENT CHLDSTDY/LAB,1,Th,8:30 AM,IB 1407,Ecrary ,0,/,3,0,0,0,6412B233
6412,FAM 157  12,PARENT ED.: 12-24 MONTHS,3,Th,8:30 AM,IB 1407,Ecrary ,20,/,20,0,4,4,6412B233
6053,FAM 149  53,2ND PARENT CHLDSTDY/LAB,1,F,8:30 AM,IB 1407,Bethgoss ,0,/,3,0,0,0,6413B233
6413,FAM 157  13,PARENT ED.: 12-24 MONTHS,3,F,8:30 AM,IB 1407,Bethgoss ,19,/,20,0,3.8,3.8,6413B233
6054,FAM 149  54,2ND PARENT CHLDSTDY/LAB,1,Arr,AR:R M,OC,Ecrary ,0,/,3,0,0,0,6414B233
6414,FAM 157  14,PARENT ED.: 12-24 MONTHS,3,Arr,AR:R M,OC,Ecrary ,21,/,20,0,4.2,4.2,6414B233
,,,,,,,,,,,,,,
Item,Course ID,Title,CR,Days,Time,Room,Instructor,Enrolled,,,Wait,FTES,,Cluster
,,,,,,,,,,,List,TOTAL,STATE,
6055,FAM 149  55,2ND PARENT CHLDSTDY/LAB,1,M,8:00 AM,IB 1407,Bethgoss ,0,/,3,0,0,0,6415B233
6415,FAM 157  15,PARENT ED.: 12-24 MONTHS,3,M,8:00 AM,IB 1407,Bethgoss ,20,/,20,0,4,4,6415B233
6062,FAM 149  62,2ND PARENT CHLDSTDY/LAB,1,Arr,AR:R M,OC,Bcallahan ,0,/,3,0,0,0,6422B233
6422,FAM 167  22,PARENT ED.: 24-36 MONTHS,3,Arr,AR:R M,OC,Bcallahan ,21,/,20,0,4.2,4.2,6422B233
6063,FAM 149  63,2ND PARENT CHLDSTDY/LAB,1,T,8:15 AM,IB 1304,Dcarlsen ,0,/,3,0,0,0,6423B233
6423,FAM 167  23,PARENT ED.: 24-36 MONTHS,3,T,8:15 AM,IB 1304,Dcarlsen ,20,/,20,0,4,4,6423B233
6064,FAM 149  64,2ND PARENT CHLDSTDY/LAB,1,Arr,AR:R M,OC,Ccrowser ,0,/,3,0,0,0,6424B233
6424,FAM 167  24,PARENT ED.: 24-36 MONTHS,3,Arr,AR:R M,OC,Ccrowser ,21,/,20,0,4.2,4.2,6424B233
6065,FAM 149  65,2ND PARENT CHLDSTDY/LAB,1,Arr,AR:R M,OC,Kkincaid ,0,/,3,0,0,0,6425B233
6425,FAM 167  25,PARENT ED.: 24-36 MONTHS,3,Arr,AR:R M,OC,Kkincaid ,20,/,20,0,4,4,6425B233
6067,FAM 149  67,2ND PARENT CHLDSTDY/LAB,1,Arr,AR:R M,OC,Ccrowser ,0,/,3,0,0,0,6427B233
6427,FAM 167  27,PARENT ED.: 24-36 MONTHS,3,Arr,AR:R M,OC,Ccrowser ,22,/,20,0,4.4,4.4,6427B233
6068,FAM 149  68,2ND PARENT CHLDSTDY/LAB,1,Arr,AR:R M,OC,Bwilli ,3,/,3,0,0.2,0.2,6428B233
6428,FAM 167  28,PARENT ED.: 24-36 MONTHS,3,Arr,AR:R M,OC,Bwilli ,20,/,20,0,4,4,6428B233
6069,FAM 149  69,2ND PARENT CHLDSTDY/LAB,1,Arr,AR:R M,OC,Bcallahan ,1,/,3,0,0.1,0.1,6429B233
6429,FAM 167  29,PARENT ED.: 24-36 MONTHS,3,Arr,AR:R M,OC,Bcallahan ,22,/,20,0,4.4,4.4,6429B233
6070,FAM 149  70,2ND PARENT CHLDSTDY/LAB,1,Arr,AR:R M,OC,Dcarlsen ,0,/,3,0,0,0,6430B233
6430,FAM 167  30,PARENT ED.: 24-36 MONTHS,3,Arr,AR:R M,OC,Dcarlsen ,20,/,20,0,4,4,6430B233
6071,FAM 149  71,2ND PARENT CHLDSTDY/LAB,1,Arr,AR:R M,OC,Kkincaid ,0,/,3,0,0,0,6431B233
6431,FAM 167  31,PARENT ED.: 24-36 MONTHS,3,Arr,AR:R M,OC,Kkincaid ,18,/,20,0,3.6,3.6,6431B233
,,,,,,,,,,,,,,
Item,Course ID,Title,CR,Days,Time,Room,Instructor,Enrolled,,,Wait,FTES,,Cluster
,,,,,,,,,,,List,TOTAL,STATE,
6072,FAM 149  72,2ND PARENT CHLDSTDY/LAB,1,Arr,AR:R M,OC,Dcarlsen ,0,/,3,0,0,0,6432B233
6432,FAM 167  32,PARENT ED.: 24-36 MONTHS,3,Arr,AR:R M,OC,Dcarlsen ,20,/,20,0,4,4,6432B233
6074,FAM 149  34,2ND PARENT CHLDSTDY/LAB,1,Arr,AR:R M,OC,STAFF,0,/,3,0,0,0,6434B233
6434,FAM 167  34,PARENT ED.: 24-36 MONTHS,3,Arr,AR:R M,OC,Ewebster ,19,/,20,0,3.8,3.8,6434B233
6077,FAM 149  77,2ND PARENT CHLDSTDY/LAB,1,Arr,AR:R M,OC,Ebird ,0,/,3,0,0,0,6437B233
6437,FAM 177  37,PARENT ED.: 36-48 MONTHS,3,Arr,AR:R M,OC,Ebird ,20,/,20,0,4,4,6437B233
6079,FAM 149  79,2ND PARENT CHLDSTDY/LAB,1,MWTh,8:00 AM,IB 1304,Bwilli ,1,/,3,0,0.1,0.1,6439B233
6439,FAM 177  39,PARENT ED.: 36-48 MONTHS,3,MWTh,8:00 AM,IB 1304,Bwilli ,19,/,20,0,3.8,3.8,6439B233
6080,FAM 149  80,2ND PARENT CHLDSTDY/LAB,1,Arr,AR:R M,OC,Bwilli ,1,/,3,0,0.1,0.1,6440B233
6440,FAM 177  40,PARENT ED.: 36-48 MONTHS,3,Arr,AR:R M,OC,Bwilli ,21,/,20,0,4.2,4.2,6440B233
6081,FAM 149  81,2ND PARENT CHLDSTDY/LAB,1,Arr,AR:R M,OC,Jward ,0,/,3,0,0,0,6441B233
6441,FAM 177  41,PARENT ED.: 36-48 MONTHS,3,Arr,AR:R M,OC,Jward ,20,/,20,0,4,4,6441B233
6082,FAM 149  82,2ND PARENT CHLDSTDY/LAB,1,Arr,AR:R M,OC,Ebird ,1,/,3,0,0.1,0.1,6442B233
6442,FAM 177  42,PARENT ED.: 36-48 MONTHS,3,Arr,AR:R M,OC,Ebird ,21,/,20,0,4.2,4.2,6442B233
6083,FAM 149  83,2ND PARENT CHLDSTDY/LAB,1,Arr,AR:R M,OC,Ebird ,0,/,3,0,0,0,6443B233
6443,FAM 177  43,PARENT ED.: 36-48 MONTHS,3,Arr,AR:R M,OC,Ebird ,20,/,20,0,4,4,6443B233
6084,FAM 149  84,2ND PARENT CHLDSTDY/LAB,1,Arr,AR:R M,OC,Jward ,0,/,3,0,0,0,6444B233
6444,FAM 177  44,PARENT ED.: 36-48 MONTHS,3,Arr,AR:R M,OC,Jward ,20,/,20,0,4,4,6444B233
6085,FAM 149  85,2ND PARENT CHLDSTDY/LAB,1,Arr,AR:R M,OC,Ebird ,0,/,3,0,0,0,6445B233
6445,FAM 177  45,PARENT ED.: 36-48 MONTHS,3,Arr,AR:R M,OC,Ebird ,20,/,20,0,4,4,6445B233
,,,,,,,,,,,,,,
Item,Course ID,Title,CR,Days,Time,Room,Instructor,Enrolled,,,Wait,FTES,,Cluster
,,,,,,,,,,,List,TOTAL,STATE,
6086,FAM 149  86,2ND PARENT CHLDSTDY/LAB,1,Arr,AR:R M,OC,Jward ,0,/,3,0,0,0,6446B233
6446,FAM 177  46,PARENT ED.: 36-48 MONTHS,3,Arr,AR:R M,OC,Jward ,20,/,20,0,4,4,6446B233
6087,FAM 149  87,2ND PARENT CHLDSTDY/LAB,1,Arr,AR:R M,OC,Sconnors ,0,/,3,0,0,0,6447B233
6447,FAM 177  47,PARENT ED.: 36-48 MONTHS,3,Arr,AR:R M,OC,Sconnors ,19,/,20,0,3.8,3.8,6447B233
6088,FAM 149  88,2ND PARENT CHLDSTDY/LAB,1,Arr,AR:R M,OC,STAFF,0,/,3,0,0,0,6448B233
6448,FAM 177  48,PARENT ED.: 36-48 MONTHS,3,Arr,AR:R M,OC,Kbecker ,18,/,20,0,3.6,3.6,6448B233
6089,FAM 149  89,2ND PARENT CHLDSTDY/LAB,1,Arr,AR:R M,OC,Sconnors ,0,/,3,0,0,0,6449B233
6449,FAM 187  49,PARENT ED.: 48-72 MONTHS,3,Arr,AR:R M,OC,Sconnors ,21,/,20,0,4.2,4.2,6449B233
6090,FAM 149  90,2ND PARENT CHLDSTDY/LAB,1,Arr,AR:R M,OC,Swilliams ,0,/,3,0,0,0,6450B233
6450,FAM 187  50,PARENT ED.: 48-72 MONTHS,3,Arr,AR:R M,OC,Swilliams ,21,/,20,0,4.2,4.2,6450B233
6091,FAM 149  91,2ND PARENT CHLDSTDY/LAB,1,Arr,AR:R M,OC,Jward ,0,/,3,0,0,0,6451B233
6451,FAM 187  51,PARENT ED.: 48-72 MONTHS,3,Arr,AR:R M,OC,Jward ,19,/,20,0,3.8,3.8,6451B233
6092,FAM 149  92,2ND PARENT CHLDSTDY/LAB,1,Arr,AR:R M,OC,Lleiker ,1,/,3,0,0.1,0.1,6452B233
6452,FAM 187  52,PARENT ED.: 48-72 MONTHS,3,Arr,AR:R M,OC,Lleiker ,19,/,20,0,3.8,3.8,6452B233
6093,FAM 149  93,2ND PARENT CHLDSTDY/LAB,1,Arr,AR:R M,OC,Ccrowser ,1,/,3,0,0.1,0.1,6453B233
6453,FAM 187  53,PARENT ED.: 48-72 MONTHS,3,Arr,AR:R M,OC,Ccrowser ,19,/,20,0,3.8,3.8,6453B233
6458,FAM 197  58,PARENT ED.: SPECIAL PROG,2,Arr,AR:R M,OC,Bwilli ,10,/,10,0,1.7,1.7,6456B233
6456,FAM 197  56,PARENT ED.: SPECIAL PROG,2,Arr,AR:R M,OC,Bwilli ,10,/,10,0,1.7,1.7,6456B233
6457,FAM 197  57,PARENT ED.: SPECIAL PROG,2,Arr,AR:R M,OC,Sconnors ,10,/,10,0,1.7,1.7,6457B233
6468,FAM 197  68,PARENT ED.: SPECIAL PROG,2,Arr,AR:R M,OC,Sconnors ,10,/,10,0,1.7,1.7,6457B233
,,,,,,,,,,,,,,
Item,Course ID,Title,CR,Days,Time,Room,Instructor,Enrolled,,,Wait,FTES,,Cluster
,,,,,,,,,,,List,TOTAL,STATE,
6463,FAM 197  63,PARENT ED.: SPECIAL PROG,2,Arr,AR:R M,OC,Maabbott ,10,/,10,0,1.7,1.7,6462B233
6462,FAM 197  62,PARENT ED.: SPECIAL PROG,2,Arr,AR:R M,OC,Maabbott ,10,/,10,0,1.7,1.7,6462B233
6465,FAM 197  65,PARENT ED.: SPECIAL PROG,2,Arr,AR:R M,OC,Bwilli ,11,/,10,0,1.8,1.8,6465B233
6471,FAM 197  71,PARENT ED.: SPECIAL PROG,2,Arr,AR:R M,OC,Ccrowser ,6,/,10,0,1,1,6465B233
6467,FAM 197  67,PARENT ED.: SPECIAL PROG,2,Arr,AR:R M,OC,Lleiker ,10,/,10,0,1.7,1.7,6466B233
6466,FAM 197  66,PARENT ED.: SPECIAL PROG,2,Arr,AR:R M,OC,Lleiker ,9,/,10,0,1.5,1.5,6466B233
6501,AHE 190  01,EMERG MEDICAL TECH.,12,Other,5:00 PM,LB 1141,Kurick ,26,/,42,0,20.8,20.8,6501B233
6503,AHE 190  02,EMERG MEDICAL TECH.,12,Other,5:00 PM,LB 1141,Kurick ,25,/,42,0,20,20,6501B233
6511,AHE 119  02,INTRO TO PHLEBOTOMY II,7,T,8:00 AM,IB 1422,Tdguirl ,9,/,0,0,4.2,4.2,6511B233
6513,AHE 119  I2,INTRO TO PHLEBOTOMY II,7,T,8:00 AM,IB 1422,Tdguirl ,8,/,0,0,3.7,3.7,6511B233
6523,NUR 105  I2,CPR FIRST AID HCARE PROV,2,M,10:00 AM,IB 1409,Mbloom ,12,/,0,0,1.6,1.6,6521B233
6521,NUR 105  01,CPR FIRST AID HCARE PROV,2,M,10:00 AM,IB 1409,Mbloom ,11,/,0,0,1.5,1.5,6521B233
6527,NUR 107  I2,NURSING ASSISTANT-CERT,12,TThF,10:00 AM,IB 1303,Lspringman ,12,/,0,0,9.6,9.6,6525B233
6525,NUR 107  01,NURSING ASSISTANT-CERT,12,TThF,10:00 AM,IB 1303,Irozhnovskay,15,/,0,0,12,12,6525B233
6570,PEC 104  01,BEGINNING MARTIAL ARTS,2,TTh,10:00 AM,WC 0827D,Bgittins ,11,/,0,0,1.5,1.2,6570B233
6571,PEC 105  01,INTERMEDIATE MARTIAL ART,2,TTh,10:00 AM,WC 0827D,Bgittins ,1,/,0,0,0.1,0,6570B233
6572,PEC 106  01,ADVANCED MARTIAL ARTS,2,TTh,10:00 AM,WC 0827D,Bgittins ,1,/,0,0,0.1,0.1,6570B233
6573,PEC 131  01,BEGINNING WEIGHT TRAING,2,MWF,8:00 AM,WC 0829B,Jblodgett ,15,/,0,0,2,0.9,6573B233
6575,PEC 132  01,INTER WEIGHT TRAINING,2,MWF,8:00 AM,WC 0829B,Jblodgett ,9,/,0,0,1.2,0.5,6573B233
6574,PEC 131  02,BEGINNING WEIGHT TRAING,2,MWF,10:00 AM,WC 0829B,Jblodgett ,18,/,0,0,2.4,0.7,6574B233
,,,,,,,,,,,,,,
Item,Course ID,Title,CR,Days,Time,Room,Instructor,Enrolled,,,Wait,FTES,,Cluster
,,,,,,,,,,,List,TOTAL,STATE,
6576,PEC 132  02,INTER WEIGHT TRAINING,2,MWF,10:00 AM,WC 0829B,Jblodgett ,6,/,0,0,0.8,0.3,6574B233
6582,PEC 150  01,BEGIN. PHYSICAL FITNESS,2,MW,1:00 PM,WC 0829B,Jblodgett ,24,/,0,0,3.2,1.3,6582B233
6583,PEC 151  01,INTERMED PHYSICAL FITNES,2,MW,1:00 PM,WC 0829B,Jblodgett ,2,/,0,0,0.3,0.3,6582B233
6608,AMA 108  03,NUTRITION & DEV BASICS,1,Arr,AR:R M,IB 1318,Mallen ,3,/,25,0,0.2,0.2,6608B233
6609,AMA 109  03,PHARMACOLOGY,1,Arr,AR:R M,IB 1318,Mallen ,4,/,25,0,0.3,0.3,6608B233
6610,AMA 110  03,INTRO TO LAB SAFETY,1,Arr,AR:R M,IB 1318,Mallen ,7,/,25,0,0.5,0.5,6610B233
6611,AMA 112  03,CREDENTIALS & EMPLOYMENT,1,Arr,AR:R M,IB 1318,Mallen ,4,/,25,0,0.3,0.3,6610B233
6612,AMA 114  03,BASIC PSYCHOLOGY PRINCIP,1,Arr,AR:R M,IB 1318,Mallen ,13,/,25,0,0.9,0.9,6612B233
6613,AMA 115  03,HIV/AIDS,1,Arr,AR:R M,IB 1318,Mallen ,2,/,25,0,0.1,0.1,6612B233
6614,AMA 116  03,PRINC OF IV THERAPY,1,Arr,AR:R M,IB 1318,Mallen ,13,/,25,0,0.9,0.9,6612B233
6620,AMA 170  03,AP/TERMINOLOGY/PATHGY 1,2,Arr,AR:R M,IB 1318,Mcrichton ,3,/,25,0,0.4,0.4,6620B233
6621,AMA 171  03,AP/TERMINOLOGY/PATHGY 2,1,Arr,AR:R M,IB 1318,Mcrichton ,3,/,25,0,0.2,0.2,6620B233
6622,AMA 172  03,AP/TERMINOLOGY/PATHGY 3,1,Arr,AR:R M,IB 1318,Mcrichton ,3,/,25,0,0.2,0.2,6620B233
6623,AMA 173  03,AP/TERMINOLOGY/PATHGY 4,1,Arr,AR:R M,IB 1318,Mcrichton ,3,/,25,0,0.2,0.2,6620B233
6624,AMA 174  03,AP/TERMINOLOGY/PATHGY 5,1,Arr,AR:R M,IB 1318,Mcrichton ,10,/,25,0,0.7,0.7,6620B233
6625,AMA 175  03,AP/TERMINOLOGY/PATHGY 6,1,Arr,AR:R M,IB 1318,Mcrichton ,3,/,25,0,0.2,0.2,6620B233
6626,AMA 176  03,AP/TERMINOLOGY/PATHGY 7,1,Arr,AR:R M,IB 1318,Plarson ,3,/,25,0,0.2,0.2,6626B233
6627,AMA 177  03,AP/TERMINOLOGY/PATHGY 8,1,Arr,AR:R M,IB 1318,Plarson ,3,/,25,0,0.2,0.2,6626B233
6628,AMA 178  03,AP/TERMINOLOGY/PATHGY 9,1,Arr,AR:R M,IB 1318,Plarson ,4,/,25,0,0.3,0.3,6626B233
6629,AMA 179  03,AP/TERMINOLOGY/PATHGY 10,1,Arr,AR:R M,IB 1318,Plarson ,4,/,25,0,0.3,0.3,6626B233
,,,,,,,,,,,,,,
Item,Course ID,Title,CR,Days,Time,Room,Instructor,Enrolled,,,Wait,FTES,,Cluster
,,,,,,,,,,,List,TOTAL,STATE,
6630,AMA 180  03,AP/TERMINOLOGY/PATHGY 11,1,Arr,AR:R M,IB 1318,Plarson ,4,/,25,0,0.3,0.3,6626B233
6631,AMA 181  03,AP/TERMINOLOGY/PATHGY 12,1,Arr,AR:R M,IB 1318,Plarson ,8,/,25,0,0.5,0.5,6626B233
6633,AMA 227  03,MED INSURANCE BILLING,2,Arr,AR:R M,IB 1318,Mcrichton ,16,/,20,0,2.1,2.1,6633B233
6634,AMA 230  03,MEDICAL OFFICE MANAGEMEN,1,Arr,AR:R M,IB 1318,Mcrichton ,5,/,25,0,0.3,0.3,6633B233
6635,AMA 240  03,GYN/PEDIATRICS,1,Arr,AR:R M,IB 1318,Plarson ,14,/,25,0,0.9,0.9,6635B233
6636,AMA 241  03,MALE REPRODUCTIVE/GERONT,1,Arr,AR:R M,IB 1318,Plarson ,4,/,25,0,0.3,0.3,6635B233
6640,AMA 245  03,MINOR SURGERY,2,Arr,AR:R M,IB 1318,Plarson ,10,/,20,0,1.3,1.3,6640B233
6641,AMA 246  03,PATIENT PRIORITIZING INS,1,Arr,AR:R M,IB 1318,Plarson ,4,/,25,0,0.3,0.3,6640B233
6642,AMA 250  03,MEDICATION CALC & ADMIN,2,Arr,AR:R M,IB 1318,Sstufflebeam,10,/,20,0,1.3,1.3,6642B233
6643,AMA 251  03,EKG,1,Arr,AR:R M,IB 1318,Sstufflebeam,5,/,20,0,0.3,0.3,6642B233
6644,AMA 252  03,PHLEBOTOMY,2,Arr,AR:R M,IB 1318,Sstufflebeam,5,/,20,0,0.7,0.7,6642B233
6645,AMA 253  03,HEMATOLOGY,1,Arr,AR:R M,IB 1318,Plarson ,2,/,20,0,0.1,0.1,6645B233
6646,AMA 254  03,URINALYSIS,1,Arr,AR:R M,IB 1318,Plarson ,2,/,20,0,0.1,0.1,6645B233
6647,AMA 255  03,BASIC MICROBIOLOGY,1,Arr,AR:R M,IB 1318,Plarson ,2,/,20,0,0.1,0.1,6647B233
6648,AMA 256  03,SPECIALTY LAB TESTS/CHEM,1,Arr,AR:R M,IB 1318,Plarson ,2,/,20,0,0.1,0.1,6647B233
9371,AMA 102  D3,LEGAL CONCEPTS,1,Online,-,-,Mallen ,12,/,25,0,0.8,0.8,9371B233
9373,AMA 103  D3,ETHICAL CONCEPTS,1,Online,-,-,Mallen ,11,/,25,0,0.7,0.7,9371B233
9375,AMA 108  D3,NUTRITION & DEV BASICS,1,Online,-,-,Mallen ,6,/,25,0,0.4,0.4,9371B233
9377,AMA 109  D3,PHARMACOLOGY,1,Online,-,-,Mallen ,9,/,25,0,0.6,0.6,9371B233
9379,AMA 115  D3,HIV/AIDS,1,Online,-,-,Mallen ,3,/,25,0,0.2,0.2,9379B233
,,,,,,,,,,,,,,
Item,Course ID,Title,CR,Days,Time,Room,Instructor,Enrolled,,,Wait,FTES,,Cluster
,,,,,,,,,,,List,TOTAL,STATE,
9381,AMA 241  D3,MALE REPRODUCTIVE/GERONT,1,Online,-,-,Mallen ,7,/,25,0,0.5,0.5,9379B233
9383,AMA 246  D3,PATIENT PRIORITIZING INS,1,Online,-,-,Mallen ,9,/,25,0,0.6,0.6,9383B233
9385,AMA 290  D3,MED ASSISTING EXTERNSHIP,7,Online,-,-,Mallen ,10,/,15,0,4.7,4.7,9383B233
9388,AMA 170  D1,AP/TERMINOLOGY/PATHGY 1,2,Online,-,-,Mallen ,10,/,25,0,1.3,1.3,9388B233
9389,AMA 171  D2,AP/TERMINOLOGY/PATHGY 2,1,Online,-,-,Mallen ,10,/,25,0,0.7,0.7,9388B233
9390,AMA 172  D3,AP/TERMINOLOGY/PATHGY 3,1,Online,-,-,Mallen ,11,/,25,0,0.7,0.7,9390B233
9391,AMA 173  D4,AP/TERMINOLOGY/PATHGY 4,1,Online,-,-,Mallen ,10,/,25,0,0.7,0.7,9390B233
9392,AMA 174  D5,AP/TERMINOLOGY/PATHGY 5,1,Online,-,-,Mallen ,0,/,0,0,0,0,9390B233
9393,AMA 175  D6,AP/TERMINOLOGY/PATHGY 6,1,Online,-,-,Mallen ,10,/,25,0,0.7,0.7,9390B233
9394,AMA 176  D7,AP/TERMINOLOGY/PATHGY 7,1,Online,-,-,Mallen ,9,/,25,0,0.6,0.6,9394B233
9395,AMA 177  D8,AP/TERMINOLOGY/PATHGY 8,1,Online,-,-,Mallen ,10,/,25,0,0.7,0.7,9394B233
9396,AMA 178  D9,AP/TERMINOLOGY/PATHGY 9,1,Online,-,-,Mallen ,11,/,25,0,0.7,0.7,9394B233
9397,AMA 179  D10,AP/TERMINOLOGY/PATHGY 10,1,Online,-,-,Mallen ,10,/,25,0,0.7,0.7,9397B233
9398,AMA 180  D11,AP/TERMINOLOGY/PATHGY 11,1,Online,-,-,Mallen ,9,/,25,0,0.6,0.6,9397B233
9399,AMA 181  D12,AP/TERMINOLOGY/PATHGY 12,1,Online,-,-,Mallen ,11,/,25,0,0.7,0.7,9397B233
9459,IT 122  D1,NETWORK OS 1 WINDOWS CLI,5,Online,-,-,Mrice ,11,/,0,1,3.7,3.7,9459B233
9460,IT 126  D1,NETWORK OS 3 WINDOWS NET,5,Online,-,-,Mrice ,8,/,0,0,2.7,2.7,9459B233
9461,IT 128  D1,NETWORK OS 4 WINDOWS ACT,5,Online,-,-,Mrice ,6,/,0,0,2,2,9459B233
9462,IT 122  D2,NETWORK OS 1 WINDOWS CLI,5,Online,-,-,Mrice ,14,/,0,0,4.7,4.3,9462B233
9463,IT 126  D2,NETWORK OS 3 WINDOWS NET,5,Online,-,-,Mrice ,3,/,0,0,1,1,9462B233
,,,,,,,,,,,,,,
Item,Course ID,Title,CR,Days,Time,Room,Instructor,Enrolled,,,Wait,FTES,,Cluster
,,,,,,,,,,,List,TOTAL,STATE,
9464,IT 128  D2,NETWORK OS 4 WINDOWS ACT,5,Online,-,-,Mrice ,4,/,0,0,1.3,1.3,9462B233
9468,EET 136  D2,INTRODUCTION TO ROBOTS,5,Online,-,-,Djenkins ,4,/,1,2,1.3,1.3,9467B233
9467,EET 136  D1,INTRODUCTION TO ROBOTS,5,Online,-,-,Djenkins ,19,/,24,1,6.3,5.7,9467B233
9549,NTR 150  DZ2,HUMAN NUTRITION,5,Online,-,-,Jlearn ,13,/,0,12,4.3,3.7,9551B233
9551,NTR 150  D2,HUMAN NUTRITION,5,Online,-,-,Jlearn ,15,/,0,16,5,2.7,9551B233
9585,POLS&202  DZ1,AMERICAN GOVERNMENT,5,Online,-,-,Jlane ,12,/,0,10,4,3.3,9583B233
9583,POLS&202  D1,AMERICAN GOVERNMENT,5,Online,-,-,Jlane ,15,/,25,8,5,1,9583B233
9601,PSYC 230  D1,HUMAN SEXUALITY,5,Online,-,-,Ratkins ,18,/,30,4,6,6,9601B233
9607,SOC 230  D1,HUMAN SEXUALITY,5,Online,-,-,Ratkins ,11,/,0,6,3.7,3.3,9601B233
9628,ENGL 151  D1,CREATIVE WRITING,5,Online,-,-,Theinlein ,22,/,25,3,7.3,7.3,9628B233
9629,ENGL 152  D1,CREATIVE WRITING,5,Online,-,-,Theinlein ,3,/,0,1,1,1,9628B233
9630,ENGL 153  D1,CREATIVE WRITING,5,Online,-,-,Theinlein ,0,/,0,1,0,0,9628B233
,,,,,,,,,,,,,,
Non-Clustered Class Summary:,,,,,,,,,,,,,,
Total Open Classes: 529,,,,,,,,,,,,,,
,,,,,,,,,,,,,,
Total Cancelled Classes: 24,,,,,,,,,,,,,,
"Total Enrolled in Classes: 11,117",,,,,,,,,,,,,,
Average Class Enrollment: 21 (cancelled classes not factored),,,,,,,,,,,,,,
,,,,,,,,,,,,,,
FTES,,,,,,,,,,,,,,
"Total FTES: 3,382.4",,,,,,,,,,,,,,
"Total State-Funded FTES: 2,664.0",,,,,,,,,,,,,,
,,,,,,,,,,,,,,
,,,,,,,,,,,,,,
Clustered Class Summary:,,,,,,,,,,,,,,
Total Open Clusters: 126,,,,,,,,,,,,,,
,,,,,,,,,,,,,,
Total Cancelled Classes: 1,,,,,,,,,,,,,,
"Total Enrolled in Classes: 2,876",,,,,,,,,,,,,,
Average Class Enrollment: 23 (cancelled classes not factored),,,,,,,,,,,,,,
,,,,,,,,,,,,,,
FTES,,,,,,,,,,,,,,
Total FTES: 757.1,,,,,,,,,,,,,,
Total State-Funded FTES: 693.2,,,,,,,,,,,,,,
