WINTER 13 : 6/11/2013 6:19:22 PM,,,,,,,,,,,,,,
,,,,,,,,,,,,,,
Report Title: All Classes ,,,,,,,,,,,,,,
,,,,,,,,,,,,,,
Non-Clustered Classes: ,,,,,,,,,,,,,,
Item,Course ID,Title,CR,Days,Time,Room,Instructor,Enrolled,,,Wait,FTES,,
,,,,,,,,,,,List,TOTAL,STATE,
8310,ABE 060  STT,WK DISCOVERY/PIVOT POINT,15,MTWTh,12:30 PM,TEC0127,Romaneschi T,41,/,25,0,29,29,
1404,ABE 061  01,COMPASS PREP MATH 6,7,DAILY,9:00 AM,CAS0316,Nachman ,12,/,30,0,5.6,5.6,
1408,ABE 062  01,COMPASS PREP COMM 6,8,DAILY,10:40 AM,CAS0316,Nachman ,15,/,30,0,8,8,
1491,ABE 070  02,ED INTERVIEW FOR ABE/GED,0,W,9:00 AM,CAS0312,Nachman ,21,/,35,0,0.4,0.4,
1492,ABE 070  25,ED INTERVIEW FOR ABE/GED,0,T,6:00 PM,CAS0312,Nachman ,36,/,50,0,0.7,0.7,
1494,ABE 070  50,ED INTERVIEW FOR ABE/GED,0,W,9:00 AM,NEH0205,"Kindzia, B. ",11,/,20,0,0.2,0.2,
8349,ABE 070  STT,ED INTERVIEW FOR ABE/GED,3,Arr,AR:R M,TBA,Romaneschi T,250,/,900,0,50,49.8,
1490,ABE 070  01,ED INTERVIEW FOR ABE/GED,0,T,9:00 AM,CAS0312,Nachman ,29,/,35,0,0.6,0.6,
2110,ABR 121  01,PANEL REPLACE/ALIGNMENT,4,DAILY,7:00 AM,ABR0105,Ford ,9,/,20,0,2.4,2.1,
2111,ABR 122  01,WRKING WITH TRIM/HARDWRE,3,DAILY,7:00 AM,ABR0105,Ford ,8,/,20,0,1.6,1.6,
2112,ABR 123  01,METAL STRAIGHTENING,4,DAILY,7:00 AM,ABR0105,Ford ,8,/,20,0,2.1,2.1,
2113,ABR 124  01,BODY FILLERS,4,DAILY,7:00 AM,ABR0105,Ford ,8,/,20,0,2.1,2.1,
2120,ABR 171  01,STRAIGHTING STRUCRL PRTS,7,DAILY,7:00 AM,ABR0105,Ford ,18,/,20,0,8.4,8.4,
2121,ABR 172  01,FULL/PARTIAL PANEL REPLC,7,DAILY,7:00 AM,ABR0105,Ford ,18,/,20,0,8.4,8.4,
2122,ABR 173  01,RESTORE CORROSION PROTEC,2,DAILY,7:00 AM,ABR0105,Ford ,18,/,20,0,2.4,2.4,
2197,ABR 197  DKP,INDUSTRY INTERNSHIP ITEC,5,Arr,AR:R M,TBA,"Park, D. ",1,/,1,0,0.1,0.1,
6500,ACCT 110  01,INTRO TO ACCOUNTING I,5,DAILY,11:00 AM,OLY0205,Wu ,19,/,24,0,6.3,5.7,
6549,ACCT 197  DKP,WRK EXP: ACCOUNTING,5,Arr,AR:R M,RSB0079B,"Park, D. ",5,/,10,0,0.9,0.9,
9803,ACCT&201  70,PRIN OF ACCOUNTING I,5,Online,-,-,Lockhart ,22,/,25,0,7.3,6,
9804,ACCT&202  70,PRIN OF ACCOUNTING II,5,Online,-,-,Lockhart ,12,/,25,0,4,3.7,
,,,,,,,,,,,,,,
Item,Course ID,Title,CR,Days,Time,Room,Instructor,Enrolled,,,Wait,FTES,,
,,,,,,,,,,,List,TOTAL,STATE,
769,ACCT&202  01,PRIN OF ACCOUNTING II,5,DAILY,12:00 PM,OLY0105,Lockhart ,36,/,40,0,12,9.3,
770,ACCT&202  25,PRIN OF ACCOUNTING II,5,MW,6:00 PM,OLY0100,Lozano ,17,/,35,0,5.7,1.7,
9805,ACCT&203  70,PRIN OF ACCOUNTING III,5,Online,-,-,Elliott ,9,/,25,0,3,2.3,
6515,ACCT 214  01,ACCOUNTING SYSTEMS,5,TTh,12:00 PM,OLY0205,Wu ,10,/,25,0,3.3,3.3,
8314,AHE 104  STT,MED OFFICE PROC AND DOC,9,DAILY,9:00 AM,TEC0133A,Dodd ,12,/,30,0,7.2,7.2,
8315,AHE 105  STT,MED TERM INS BILL CODING,10,DAILY,9:00 AM,TEC0133A,"Evans, J. ",12,/,25,0,8,8,
8350,AHE 130  STT,MEDICAL CODING AND INSUR,5,DAILY,10:00 AM,OLY0203,"Evans, J. ",1,/,25,0,0.3,0.3,
9960,AHE 168  70,MEDICAL TERMINOLOGY,5,Online,-,-,"Haran, S ",21,/,25,0,7,6.3,
464,AME 201  01,DIVERSITY & SOCIAL JUSTI,5,DAILY,11:00 AM,OLY0100,HeardJohnson,12,/,35,0,4,3,
8386,AMT 104  STT,BASIC MATH PHYSICS W B,5,Arr,AR:R M,TBA,Bjelajac ,18,/,25,0,6,6,
2904,AMT 112  02,BASIC ELEC. FOR AVIATION,17,DAILY,2:00 PM,AVT,"Paholke, B ",22,/,28,0,24.9,23.8,
2903,AMT 112  01,BASIC ELEC. FOR AVIATION,17,DAILY,7:00 AM,AVT,Bennett ,23,/,28,0,26.1,24.9,
2906,AMT 113  01,AIRFRAME STRUCTURE,17,DAILY,7:00 AM,AMT0206,Daehne ,22,/,25,0,24.9,24.9,
2907,AMT 113  02,AIRFRAME STRUCTURE,17,DAILY,2:00 PM,AMT0206,Bentley Jame,19,/,25,0,21.5,19.3,
8385,AMT 119  STT,MATERIALS AND PROCESSES,5,Arr,AR:R M,AMT0104,Bjelajac ,18,/,25,0,6,6,
8387,AMT 137  STT,AIRCRAFT NONMETALLIC STR,4,Arr,AR:R M,TBA,Bjelajac ,18,/,25,0,4.8,4.8,
2918,AMT 234  01,POWERPLANT SYS & COMPONT,17,DAILY,7:00 AM,AMT0104,Klevstad ,17,/,25,0,19.3,19.3,
2999,AMT 299  01,SPECIAL TOPICS:112/PP,2,Arr,8:00 AM,AMT0104,Klevstad ,4,/,24,0,0.5,0.5,
734,ANTH&206  01,CULTURAL ANTHROPOLOGY,5,DAILY,11:00 AM,RAH0212,Mc Crath ,21,/,35,0,7,6,
735,ANTH&227  01,PACIFIC ISLAND CULTURES,5,DAILY,8:00 AM,OLY0105,Fonoti ,12,/,35,0,4,4,
,,,,,,,,,,,,,,
Item,Course ID,Title,CR,Days,Time,Room,Instructor,Enrolled,,,Wait,FTES,,
,,,,,,,,,,,List,TOTAL,STATE,
293,ASTR&100  01,SURVEY OF ASTRONOMY,5,DAILY,12:00 PM,RAH0304,"Coskey, T. ",27,/,35,0,9,7.3,
9839,ASTR&100  70,SURVEY OF ASTRONOMY,5,Online,-,-,"Coskey, T. ",24,/,25,0,8,7.3,
2324,AUT 122  IBS,STEERING & SUSPENSION,4,DAILY,7:00 AM,AUT0129,Amesquita ,11,/,20,0,5.1,5.1,
2325,AUT 124  IBS,TIRES & WHEEL ALIGNMENT,4,DAILY,7:00 AM,AUT0129,Amesquita ,11,/,20,0,5.1,5.1,
2326,AUT 126  IBS,BASIC BRAKE SYSTEMS,3,DAILY,7:00 AM,AUT0129,Amesquita ,11,/,20,0,3.9,3.9,
2327,AUT 127  IBS,ADVANCED BRAKE SYSTEMS,4,DAILY,7:00 AM,AUT0129,Amesquita ,11,/,20,0,5.1,5.1,
2350,AUT 299  01,SPEC TOPICS:AUTOMOTIVE,18,DAILY,7:00 AM,AUT0130,Hughes Brian,9,/,10,0,5.2,5.2,
9815,BIOL&100  70,SURVEY OF BIOLOGY,5,Online,-,-,Schroyer ,21,/,25,0,7,5.7,
308,BIOL&160  25,GENERAL BIOLOGY W/LAB,5,TTh,6:00 PM,OLY0305,Herbig ,13,/,27,0,4.3,4.7,
306,BIOL&160  01,GENERAL BIOLOGY W/LAB,5,TThF,8:00 AM,OLY0305,Forough ,26,/,27,0,8.7,7,
307,BIOL&160  03,GENERAL BIOLOGY W/LAB,5,MWF,10:00 AM,OLY0305,Kang ,24,/,27,0,8,6.3,
322,BIOL&211  99,MAJORS CELLULAR,5,Sa,8:00 AM,OLY0305,Forson ,22,/,27,0,7.3,6.7,
323,BIOL&212  01,MAJORS ANIMAL,5,TTh,12:00 PM,OLY0305,Bauman ,25,/,27,0,8.3,6.7,
324,BIOL&212  25,MAJORS ANIMAL,5,MW,6:00 PM,OLY0305,Bentson ,21,/,27,0,7,4.7,
443,BIOL&241  25,HUMAN A & P 1,5,TTh,6:00 PM,RAH0308,Wilkinson ,20,/,27,0,6.7,6.7,
445,BIOL&241  02,HUMAN A & P 1,5,MWF,11:00 AM,RAH0308,Freedman ,22,/,27,0,7.3,7.3,
629,BIOL&241  77,HUMAN A & P 1,5,HYBRID - Sa,8:00 AM,RAH0306,Cudaback ,29,/,30,0,9.7,9.7,
444,BIOL&241  01,HUMAN A & P 1,5,MWF,8:00 AM,RAH0308,Fox ,22,/,27,0,7.3,7.3,
628,BIOL&241  77,HUMAN A & P 1,5,HYBRID - Sa,1:00 PM,RAH0308,Higa ,25,/,25,0,8.3,7.7,
631,BIOL&242  77,HUMAN A & P 2,5,HYBRID - Sa,1:00 PM,RAH0306,Cudaback ,27,/,25,0,9,9,
,,,,,,,,,,,,,,
Item,Course ID,Title,CR,Days,Time,Room,Instructor,Enrolled,,,Wait,FTES,,
,,,,,,,,,,,List,TOTAL,STATE,
438,BIOL&242  02,HUMAN A & P 2,5,MWF,9:00 AM,RAH0306,Franco ,17,/,27,0,5.7,5.3,
437,BIOL&242  01,HUMAN A & P 2,5,TThF,7:00 AM,RAH0306,Franco ,12,/,27,0,4,3.3,
439,BIOL&242  25,HUMAN A & P 2,5,MW,6:00 PM,RAH0308,Follis ,24,/,27,0,8,8,
630,BIOL&242  77,HUMAN A & P 2,5,HYBRID - Sa,8:00 AM,RAH0308,Wilkinson ,8,/,25,0,2.7,2.7,
440,BIOL&242  03,HUMAN A & P 2,5,MWF,10:00 AM,RAH0306,Franco ,24,/,27,0,8,7.3,
327,BIOL&260  25,MICROBIOLOGY,5,MW,6:00 PM,OLY0307,Franco ,26,/,27,0,8.7,6.7,
326,BIOL&260  01,MICROBIOLOGY,5,TThF,11:00 AM,OLY0307,Robinson ,24,/,27,0,8,6.7,
633,BIOL&260  77,MICROBIOLOGY,5,HYBRID - Sa,8:00 AM,OLY0307,Kemp ,24,/,27,0,8,7.7,
3190,BOE 100  01,BOEING MACH APPRENTICE,4,T,4:00 PM,GTA0122,"Runciman,H ",12,/,15,0,3.2,3.2,
3191,BOE 100  02,BOEING MACH APPRENTICE,4,W,4:00 PM,OFF,"Kanninen, R ",15,/,15,0,4,4,
3192,BOE 105  01,BOEING ELECT MAINT/TECH,4,Th,4:00 PM,GTA0122,"Sanford, Cec",11,/,15,0,2.9,2.9,
6300,BUS& 101  01,INTRODUCTION TO BUSINESS,5,DAILY,12:00 PM,OLY0203,"Horan, J ",25,/,25,0,8.3,8,
6360,BUS 113  01,DIVERSITY ISSUES IN BUS,3,MW,6:00 PM,OLY0203,Graham G. ,15,/,25,0,3,3,
6318,BUS 116  01,BUSINESS MATH/SPREADSHET,5,DAILY,9:00 AM,OLY0104,"Baker, C. ",14,/,25,0,4.7,4.7,
9975,BUS 131  70,INTEGRATED COMM I,5,Online,-,-,Yedlin ,9,/,35,0,3,3,
6315,BUS 140  01,CUSTOMER RELATIONS,5,TTh,6:00 PM,OLY0205,Graham G. ,10,/,25,0,3.3,3.3,
6370,BUS 164  01,CAREER DEVELOPMENT I,1,M,7:30 PM,OLY0203,Graham G. ,9,/,24,0,0.6,0.5,
6333,BUS 175  01,APPLIED BUS STATISTICS,5,DAILY,10:00 AM,OLY0104,"Baker, C. ",21,/,25,0,7,6.7,
6395,BUS 197  DKP,WORK EXPER/BUSINESS OCC.,7,Arr,AR:R M,RSB0079B,"Park, D. ",8,/,30,0,1.8,1.8,
8320,BUS 197  STT,INTERNSHIP,6,Arr,AR:R M,TBA,Yedlin ,16,/,25,0,6.4,6.4,
,,,,,,,,,,,,,,
Item,Course ID,Title,CR,Days,Time,Room,Instructor,Enrolled,,,Wait,FTES,,
,,,,,,,,,,,List,TOTAL,STATE,
780,BUS& 201  01,BUSINESS LAW,5,DAILY,11:00 AM,UNI0200,Pau ,29,/,35,0,9.7,7.3,
9821,BUS& 201  70,BUSINESS LAW,5,Online,-,-,Morphew ,23,/,27,0,7.7,6.3,
776,BUS 210  01,BUS & ECONOMIC STATISTIC,5,DAILY,9:00 AM,UNI0100,Sauer ,23,/,35,0,7.7,5.3,
8321,BUS 216  STT,PROFESSIONAL DEVELOPMENT,4,Arr,AR:R M,TBA,"Evans, J. ",17,/,35,0,4.5,4.3,
6345,BUS 230  01,BUSINESS COMMUNICATIONS,5,DAILY,9:00 AM,OLY0203,Yedlin ,17,/,25,0,5.7,5.7,
8308,BUS 298  STT,SPECIAL TOPICS: BUSINESS,5,MTWTh,9:00 AM,LIB0217,Phillips ,11,/,30,0,3.7,3.7,
8316,BUS 298  STT,SPECIAL TOPICS: BUSINESS,2,DAILY,9:00 AM,TEC0133A,Castillo ,13,/,30,0,1.7,1.7,
355,CHEM&121  03,INTRO TO CHEMISTRY,5,TThF,12:00 PM,OLY0304,Capp ,21,/,27,0,7,5.7,
357,CHEM&121  25,INTRO TO CHEMISTRY,5,MW,6:00 PM,OLY0304,Solyanik ,20,/,27,0,6.7,6.3,
352,CHEM&121  01,INTRO TO CHEMISTRY,5,TThF,8:00 AM,OLY0304,Mosser ,22,/,27,0,7.3,6.7,
354,CHEM&122  99,INTRO TO ORGANIC CHEM,5,Sa,8:00 AM,OLY0304,Sprafka ,16,/,27,0,5.3,4.7,
359,CHEM&139  01,GENERAL CHEMISTRY PREP,5,DAILY,11:00 AM,RAH0305,"Westphal, S.",30,/,30,0,10,8.3,
9825,CHEM&139  70,GENERAL CHEMISTRY PREP,5,Online,-,-,Solyanik ,30,/,30,0,10,9,
362,CHEM&161  01,GENERAL CHEM W/LAB I,6,MW,12:00 PM,OLY0304,Ashcraft ,25,/,27,0,10,8,
364,CHEM&161  02,GENERAL CHEM W/LAB I,6,MTWF,10:00 AM,RAH0305,Mosser ,22,/,27,0,8.8,5.6,
361,CHEM&162  01,GENERAL CHEM W/LAB II,6,MTWTh,11:00 AM,OLY0304,Ashcraft ,27,/,27,0,10.8,7.6,
363,CHEM&162  25,GENERAL CHEM W/LAB II,6,TTh,6:00 PM,OLY0304,"Westphal, S.",20,/,27,0,8,7.2,
191,CMST&101  01,INTRODUCTION TO COMM,5,DAILY,8:00 AM,UNI0202,Pellman ,18,/,28,0,6,5,
192,CMST&101  01,INTRODUCTION TO COMM,5,DAILY,10:00 AM,UNI0202,Pellman ,28,/,28,0,9.3,6.7,
196,CMST&101  03,INTRODUCTION TO COMM,5,DAILY,12:00 PM,UNI0202,Oehlschlaege,29,/,28,0,9.7,7.3,
,,,,,,,,,,,,,,
Item,Course ID,Title,CR,Days,Time,Room,Instructor,Enrolled,,,Wait,FTES,,
,,,,,,,,,,,List,TOTAL,STATE,
193,CMST&220  77,PUBLIC SPEAKING,5,MW,6:00 PM,UNI0202,Oehlschlaege,17,/,20,0,5.7,5.3,
195,CMST&220  02,PUBLIC SPEAKING,5,DAILY,11:00 AM,UNI0202,Pellman ,20,/,20,0,6.7,5,
194,CMST&220  01,PUBLIC SPEAKING,5,DAILY,9:00 AM,UNI0202,Pellman ,19,/,20,0,6.3,5,
9817,CMST 245  70,MEDIA COMM AND CRITICISM,5,Online,-,-,McCarthy ,23,/,25,0,7.7,6.7,
5102,CSC 100  02,BEGINNING COMPUTERS,5,DAILY,9:00 AM,TEC0122,Herman ,23,/,24,0,7.7,6,
9900,CSC 100  70,BEGINNING COMPUTERS,5,Online,-,-,Herman ,22,/,24,0,7.3,6.7,
6100,CSC 110  01,INTRO TO CMPTR PROGMING,5,DAILY,12:00 PM,CAS0300A,Duffy ,23,/,25,0,7.7,5,
6102,CSC 142  25,COMPUTER PROGRAMMING,5,TTh,6:00 PM,CAS0300A,Eichler West,23,/,25,0,7.7,7,
5112,CTN 142  01,OPERATING SYSTEMS II,5,HYBRID - TThF,8:00 AM,TEC0119,"Koepke, C. ",24,/,24,0,8,7.7,
5145,CTN 170  01,PC HARDWARE I,5,MWF,12:00 PM,TEC0133C,Abram ,8,/,18,0,2.7,2.7,
5153,CTN 270  01,LOCAL AREA NETWORKS I,5,TThF,10:00 AM,TEC0119,Abram ,14,/,24,0,4.7,4.7,
5140,CTN 274  01,LOCAL AREA NETWORKS III,5,MWF,10:00 AM,TEC0119,Abram ,21,/,24,0,7,6.3,
5175,CTN 276  01,VIRTULIZATION & THE CLOU,5,MWF,12:00 PM,TEC0119,"Koepke, C. ",17,/,24,0,5.7,5.7,
5146,CTN 277  01,NETWORK SECURITY 1,5,MWF,8:00 AM,TEC0119,Abram ,21,/,24,0,7,6.7,
5150,CTN 283  01,CISCO II,5,TThF,10:00 AM,TEC0133C,"Koepke, C. ",20,/,24,0,6.7,6.7,
5185,CTN 298  01,SPEC TOPICS-CMPTING TECH,10,Arr,AR:R M,TEC0104,Abram ,1,/,2,0,0.3,0.3,
197,DRMA 120  01,INTRODUCTION TO ACTING,5,MWTh,11:00 AM,RAH0125,"Rice, A ",13,/,25,0,4.3,4,
3272,EAR 163  13,SCL 2ND YR METER ELECTRI,5,W,4:00 PM,OFF,"Harris, Brad",4,/,4,0,1.3,1.3,
3265,EAR 163  06,SCL 2ND YR LINE WORKER,5,W,5:00 PM,OFFD001,"Joy, Jeffrey",14,/,14,0,4.7,4.7,
3270,EAR 163  11,SCL 2ND ELECTRICIAN CONT,4,T,5:00 PM,OFF,"Board, Sally",8,/,8,0,2.1,2.1,
,,,,,,,,,,,,,,
Item,Course ID,Title,CR,Days,Time,Room,Instructor,Enrolled,,,Wait,FTES,,
,,,,,,,,,,,List,TOTAL,STATE,
3260,EAR 163  01,SCL 2ND YR CONST/CABLE,5,Th,5:00 PM,OFF,"Kuhnly, S ",4,/,7,0,1.3,1.3,
3317,EAR 171  03,NW CONST LINE 3RD YR,5,Sa,8:00 AM,GTA0125,"Burtron,Tim ",30,/,30,0,10,10,
3334,EAR 171  34,CAMP RILEA FIRST YR I,9,DAILY,8:00 AM,OFF,Anderson ,14,/,20,0,8.4,8.4,
3346,EAR 171  46,CAMP RILEA THIRD YR,4,DAILY,8:00 AM,OFF,Fitzpatrick ,10,/,20,0,2.7,2.7,
3316,EAR 171  02,NW CONST LINE 2ND YR,5,Sa,8:00 AM,GTA0123,Freudenstein,15,/,20,0,5,5,
3318,EAR 171  04,NW LINEMEN EUGENE 1ST YR,5,Sa,8:00 AM,OFF,"Ferguson, R ",16,/,20,0,5.3,5.3,
3321,EAR 171  08,NW LINEMEN PORTLAND 1ST,5,Sa,8:00 AM,OFF,"Winter, Pat ",19,/,30,0,6.3,6.3,
3322,EAR 171  08,NW LINEMEN PORTLAND 2ND,5,Sa,8:00 AM,OFF,Howett ,23,/,23,0,7.7,7.7,
3331,EAR 171  31,CAMP RILEA FIRST YR I,9,DAILY,8:00 AM,OFF,Anderson ,19,/,20,0,11.4,11.4,
3335,EAR 171  35,CAMP RILEA SECOND YR I,9,DAILY,8:00 AM,OFF,Sager ,16,/,20,0,9.6,9.6,
3338,EAR 171  38,CAMP RILEA SECOND YR,9,DAILY,8:00 AM,OFF,Sager ,17,/,20,0,10.2,10.2,
3339,EAR 171  39,CAMP RILEA SECOND YR,9,DAILY,8:00 AM,OFF,Sager ,11,/,20,0,6.6,6.6,
3342,EAR 171  42,CAMP RILEA THIRD YR,4,DAILY,8:00 AM,OFF,Fitzpatrick ,9,/,20,0,2.4,2.4,
3343,EAR 171  43,CAMP RILEA THIRD YR,4,DAILY,8:00 AM,OFF,Fitzpatrick ,10,/,20,0,2.7,2.7,
3347,EAR 171  47,CAMP RILEA THIRD YR,4,DAILY,8:00 AM,OFF,Fitzpatrick ,10,/,20,0,2.7,2.7,
3315,EAR 171  01,NW CONST LINE 1ST YR,5,Sa,8:00 AM,GTC0208,"Kime, Brad A",16,/,20,0,5.3,5.3,
3319,EAR 171  05,NW LINEMEN EUGENE 2ND YR,5,Sa,8:00 AM,OFF,Paulus ,10,/,20,0,3.3,3.3,
3323,EAR 171  09,NW LINEMEN PORTLAND 3ND,5,Sa,8:00 AM,OFF,Marlowe ,9,/,20,0,3,3,
3332,EAR 171  32,CAMP RILEA FIRST YR I,9,DAILY,8:00 AM,OFF,Anderson ,17,/,20,0,10.2,10.2,
3333,EAR 171  33,CAMP RILEA FIRST YR I,9,DAILY,8:00 AM,OFF,Anderson ,15,/,20,0,9,9,
,,,,,,,,,,,,,,
Item,Course ID,Title,CR,Days,Time,Room,Instructor,Enrolled,,,Wait,FTES,,
,,,,,,,,,,,List,TOTAL,STATE,
3337,EAR 171  37,CAMP RILEA SECOND YR,9,DAILY,8:00 AM,OFF,Sager ,16,/,20,0,9.6,9.6,
3344,EAR 171  44,CAMP RILEA THIRD YR,4,DAILY,8:00 AM,OFF,Fitzpatrick ,10,/,20,0,2.7,2.7,
3320,EAR 171  06,NW LINEMEN EUGENE 3RD YR,5,Sa,8:00 AM,OFF,Paradis ,5,/,20,0,1.7,1.7,
3330,EAR 171  30,CAMP RILEA FIRST YR I,9,DAILY,8:00 AM,OFF,Anderson ,16,/,20,0,9.6,9.6,
3336,EAR 171  36,CAMP RILEA SECOND YR,9,DAILY,8:00 AM,OFF,Sager ,19,/,20,0,11.4,11.4,
3345,EAR 171  45,CAMP RILEA THIRD YR,4,DAILY,8:00 AM,OFF,Fitzpatrick ,11,/,20,0,2.9,2.9,
3301,EAR 175  02,TREE TRIMMERS SEATTLE 2,5,Sa,8:00 AM,GTB0123,"Paquette, R ",9,/,20,0,3,3,
3305,EAR 175  06,TREE TRIMMERS PORTLAND 2,5,Sa,8:00 AM,OFF,Serill ,16,/,28,0,5.3,5.3,
3304,EAR 175  05,TREE TRIMMERS PORTLAND 1,5,Sa,8:00 AM,OFF,Nesta ,16,/,32,0,5.3,5.3,
3302,EAR 175  03,TREE TRIMMERS SPOKANE 1,5,Sa,8:00 AM,OFF,"Voight, T ",8,/,20,0,2.7,2.7,
3303,EAR 175  04,TREE TRIMMERS SPOKANE 2,5,Sa,8:00 AM,OFF,STAFF,11,/,20,0,3.7,3.7,
3307,EAR 175  08,TREE TRIMMERS MEDFORD 2,4,Sa,8:00 AM,OFF,"McElroy, D ",8,/,20,0,2.1,2.1,
3300,EAR 175  01,TREE TRIMMERS SEATTLE 1,5,Sa,8:00 AM,GTB0123,"Puhich, J ",33,/,34,0,11,11,
3306,EAR 175  07,TREE TRIMMERS CENTRAL 1,4,Sa,8:00 AM,OFF,Kallai ,11,/,20,0,2.9,2.9,
470,ECON 100  01,SURVEY OF ECONOMICS,5,DAILY,10:00 AM,OLY0105,Chatterjee ,15,/,35,0,5,4.3,
469,ECON&201  02,MICRO ECONOMICS,5,Other,11:00 AM,RAH0216,Angel ,36,/,35,0,12,4.7,
471,ECON&201  25,MICRO ECONOMICS,5,TTh,6:00 PM,RAH0216,Chatterjee ,16,/,35,0,5.3,3.3,
472,ECON&202  01,MACRO ECONOMICS,5,Other,9:00 AM,RAH0216,Angel ,23,/,35,0,7.7,4.3,
9819,ECON&202  70,MACRO ECONOMICS,5,Online,-,-,Angel ,24,/,30,0,8,5.3,
3229,EEL 141  01,PS ELECTRICIANS-1ST YEAR,48,DAILY,7:30 AM,OFF,"Kraft, Joe ",9,/,20,0,28.8,28.8,
,,,,,,,,,,,,,,
Item,Course ID,Title,CR,Days,Time,Room,Instructor,Enrolled,,,Wait,FTES,,
,,,,,,,,,,,List,TOTAL,STATE,
3220,EEL 150  01,PS Electricians-1ST Year,10,TW,7:30 AM,OFF,Matthiesen ,31,/,80,0,20.7,20,
3223,EEL 150  04,PSE COM 2ND - 5TH,7,Sa,9:00 AM,OFFD001,Ringle ,8,/,20,0,3.7,3.7,
3224,EEL 150  05,PS Elec residential 1 Yr,5,W,7:30 AM,OFF,"Ghods, Abbas",9,/,20,0,3,3,
3230,EEL 151  01,PS ELECTRICIANS-2ND YEAR,10,TWThF,7:30 AM,OFF,"Maloney, K ",53,/,80,0,35.3,35.3,
3235,EEL 152  01,PS Electricians-3rd Year,10,TWThF,7:30 AM,OFF,"Myers, L ",51,/,80,0,34,34,
3240,EEL 153  01,PS Electricians-4th Year,10,ThF,7:30 AM,OFF,Berg ,19,/,80,0,12.7,12.7,
3250,EEL 157  02,PSE SOUND COMMUN. 1ST YR,7,TTh,4:30 PM,OFFD001,"Barnett, D ",38,/,40,0,17.7,17.7,
3251,EEL 157  02,PSE SOUND COMMUN. 2ND YR,7,MW,4:30 PM,OFFD001,McClure C. ,21,/,20,0,9.8,9.8,
3252,EEL 157  03,PSE SOUND COMMUN. 3RD YR,7,TTh,4:30 PM,OFFD001,"Southwick, J",10,/,20,0,4.7,4.7,
66,ENGL 079  99,ENGLISH SAT PREP,2,Sa,12:00 PM,UNI0200,Quillian ,16,/,25,0,2.1,2.1,
815,ENGL 095  01,COLL PREP READ STUDY III,5,DAILY,10:00 AM,RAH0217,Mirabella ,24,/,25,0,8,8,
808,ENGL 096  01,COLLEGE PREP WRITING III,5,DAILY,9:00 AM,RAH0120,Quillian ,20,/,25,0,6.7,6.7,
943,ENGL 098  03,COLLEGE PREP WRITING IV,5,DAILY,11:00 AM,RAH0217,Bean ,13,/,25,0,4.3,3,
818,ENGL 098  02,COLLEGE PREP WRITING IV,5,DAILY,9:00 AM,OLY0103,"McKendry, A ",18,/,25,0,6,5,
942,ENGL 098  04,COLLEGE PREP WRITING IV,5,DAILY,10:00 AM,RAH0205,Dela-Cruz ,15,/,25,0,5,2,
821,ENGL 100  01,CRITICAL LITERACY COL WR,5,HYBRID - DAILY,11:00 AM,OLY0103,Malcolm ,20,/,20,0,6.7,4.7,
9829,ENGL&101  70,ENGLISH COMPOSITION I,5,Online,-,-,Gilman ,17,/,25,0,5.7,4,
9827,ENGL&101  70,ENGLISH COMPOSITION I,5,Online,-,-,Gilman ,18,/,25,0,6,5.7,
43,ENGL&101  04,ENGLISH COMPOSITION I,5,DAILY,10:00 AM,OLY0101,Hickey ,28,/,28,0,9.3,7,
47,ENGL&101   25,ENGLISH COMPOSITION I,5,TTh,6:00 PM,OLY0101,Moss ,24,/,28,0,8,7,
,,,,,,,,,,,,,,
Item,Course ID,Title,CR,Days,Time,Room,Instructor,Enrolled,,,Wait,FTES,,
,,,,,,,,,,,List,TOTAL,STATE,
44,ENGL&101  05,ENGLISH COMPOSITION I,5,DAILY,11:00 AM,OLY0101,Dela-Cruz ,27,/,28,0,9,6.3,
41,ENGL&101  01,ENGLISH COMPOSITION I,5,DAILY,8:00 AM,OLY0101,"Newman, M. ",25,/,28,0,8.3,6.3,
45,ENGL&101  06,ENGLISH COMPOSITION I,5,MWF,12:00 PM,OLY0101,Malcolm ,26,/,28,0,8.7,5.3,
42,ENGL&101  02,ENGLISH COMPOSITION I,5,DAILY,9:00 AM,OLY0101,"Newman, M. ",29,/,28,0,9.7,9,
48,ENGL&101  03,ENGLISH COMPOSITION I,5,DAILY,9:00 AM,OLY0206,McKnight ,32,/,28,0,10.7,6.3,
54,ENGL&102  04,COMPOSITION II,5,DAILY,11:00 AM,UNI0201,Quillian ,21,/,28,0,7,3.3,
56,ENGL&102  06,COMPOSITION II,5,MWF,12:00 PM,UNI0201,Dela-Cruz ,28,/,28,0,9.3,5,
52,ENGL&102  02,COMPOSITION II,5,DAILY,9:00 AM,UNI0201,Modzelewski ,24,/,28,0,8,7.3,
53,ENGL&102  03,COMPOSITION II,5,DAILY,10:00 AM,UNI0201,Bean ,28,/,28,0,9.3,6,
51,ENGL&102  01,COMPOSITION II,5,DAILY,8:00 AM,UNI0201,Pierce ,28,/,28,0,9.3,8,
55,ENGL&102  05,COMPOSITION II,5,DAILY,11:00 AM,RAH0310,Walsh ,24,/,28,0,8,5.3,
57,ENGL&102  25,COMPOSITION II,5,MW,6:00 PM,OLY0101,Moss ,14,/,28,0,4.7,3.3,
9899,ENGL&102  70,COMPOSITION II,5,Online,-,-,Whitham ,22,/,25,0,7.3,6.7,
9826,ENGL&102  70,COMPOSITION II,5,Online,-,-,Whitham ,21,/,25,0,7,6,
71,ENGL 152  01,CREATIVE WRITING,5,MWF,11:00 AM,OLY0206,Hickey ,25,/,30,0,8.3,8,
78,ENGL&246  01,AMERICAN LITERATURE III,5,DAILY,10:00 AM,RAH0210,Thompson ,24,/,35,0,8,7,
9814,ENGL 291  70,LITERATURE BY WOMEN,5,Online,-,-,Whitham ,19,/,25,0,6.3,5.7,
6113,ENGR&214  01,STATICS,5,DAILY,8:00 AM,OLY0104,Schiele ,21,/,24,0,7,5.7,
473,ENVS 160  01,PRIN SUSTAINABILITY,5,DAILY,10:00 AM,RAH0304,Walsh ,22,/,35,0,7.3,4,
1115,ESL 023  01,ESL - LEVEL 2C,12,MTWTh,8:00 AM,CAS0310,Sun ,27,/,30,0,21.6,21.6,
,,,,,,,,,,,,,,
Item,Course ID,Title,CR,Days,Time,Room,Instructor,Enrolled,,,Wait,FTES,,
,,,,,,,,,,,List,TOTAL,STATE,
3851,ESL 023  55,ESL - LEVEL 2C,12,MTWTh,6:00 PM,NEH0202,"Taylor, M. ",26,/,30,0,20.8,20.8,
1165,ESL 023  25,ESL - LEVEL 2C,12,MTWTh,6:00 PM,RAH0309,"Kulik, M. ",26,/,32,0,20.8,20.8,
1168,ESL 031  25,ESL - LEVEL 3A,12,MTWTh,6:00 PM,RAH0312,"Holly, D. ",20,/,30,0,15.9,15.9,
1118,ESL 031  01,ESL - LEVEL 3A,12,MTWTh,8:00 AM,AUT0133,Williams A ,23,/,30,0,18.1,18.1,
1171,ESL 032  25,ESL - LEVEL 3B,12,MTWTh,6:00 PM,RAH0313,Rullan-Milla,29,/,30,0,23,23,
1172,ESL 032  26,ESL - LEVEL 3B,12,MTWTh,6:00 PM,RAH0310,Silas ,26,/,30,0,20.5,20.5,
1121,ESL 032  01,ESL - LEVEL 3B,12,MTWTh,8:00 AM,CAS0201,Baldwin S. ,24,/,30,0,19.2,19.2,
1124,ESL 041  01,ESL - LEVEL 4A,12,MTWTh,8:00 AM,CAS0210,Bissonnette ,29,/,30,0,22.2,22.2,
1174,ESL 041  25,ESL - LEVEL 4A,12,MTWTh,6:00 PM,CAS0201,"Ali, Abou ",24,/,30,0,18.9,18.9,
1127,ESL 042  01,ESL - LEVEL 4B,12,MTWTh,8:00 AM,CAS0202,"Lysaker, K. ",28,/,30,0,21.1,21.1,
1242,ESL 049  25,MATH FOR ESL,3,F,6:00 PM,CAS0320,Miropolskiy ,16,/,30,0,3.2,3.2,
1291,ESL 068  25,EDUC'L INTERVIEW FOR ESL,0,M,6:00 PM,CAS0110,"French, A ",34,/,50,0,0.7,0.7,
1293,ESL 068  27,EDUC'L INTERVIEW FOR ESL,0,T,6:00 PM,CAS0110,"French, A ",39,/,51,0,0.8,0.8,
1288,ESL 068  04,EDUC'L INTERVIEW FOR ESL,0,T,9:00 AM,CAS0110,"French, A ",27,/,50,0,0.5,0.5,
1290,ESL 068  06,EDUC'L INTERVIEW FOR ESL,0,F,9:00 AM,CAS0110,"French, A ",51,/,60,0,1,1,
1285,ESL 068  01,EDUC'L INTERVIEW FOR ESL,0,M,9:00 AM,CAS0110,"French, A ",40,/,50,0,0.8,0.8,
1286,ESL 068  02,EDUC'L INTERVIEW FOR ESL,0,M,9:00 AM,CAS0110,"French, A ",36,/,50,0,0.7,0.7,
1289,ESL 068  05,EDUC'L INTERVIEW FOR ESL,0,F,9:00 AM,CAS0110,"French, A ",48,/,55,0,1,1,
1292,ESL 068  26,EDUC'L INTERVIEW FOR ESL,0,M,6:00 PM,CAS0110,"French, A ",35,/,50,0,0.7,0.7,
3890,ESL 068  50,EDUC'L INTERVIEW FOR ESL,0,W,9:00 AM,NEH0202,"French, A ",35,/,35,0,0.7,0.7,
,,,,,,,,,,,,,,
Item,Course ID,Title,CR,Days,Time,Room,Instructor,Enrolled,,,Wait,FTES,,
,,,,,,,,,,,List,TOTAL,STATE,
3891,ESL 068  51,EDUC'L INTERVIEW FOR ESL,0,W,9:00 AM,NEH0202,"French, A ",33,/,35,0,0.7,0.7,
3895,ESL 068  55,EDUC'L INTERVIEW FOR ESL,0,W,6:00 PM,NEH0202,"French, A ",48,/,55,0,1,1,
1294,ESL 068  28,EDUC'L INTERVIEW FOR ESL,0,T,6:00 PM,CAS0110,"French, A ",35,/,53,0,0.7,0.7,
3896,ESL 068  56,EDUC'L INTERVIEW FOR ESL,0,W,6:00 PM,NEH0202,"French, A ",44,/,55,0,0.9,0.9,
1301,ESL 085  01,SURVEY OF ENG GRAMMAR 1,5,DAILY,9:00 AM,CAS0212,"Chinn, D. ",9,/,25,0,3,2.7,
1304,ESL 086  01,SURVEY OF ENG GRAMMAR 2,5,DAILY,9:00 AM,RSB0016,"Farrelly, B ",19,/,25,0,6.3,5.3,
1305,ESL 097  01,COLLPREP/NONNATIV-WRITE2,5,DAILY,8:00 AM,RSB0016,"Farrelly, B ",17,/,25,0,5.7,5.7,
1307,ESL 097B  02,COLLPREP/NONNATIV-WRITE2,5,DAILY,8:00 AM,CAS0212,"Chinn, D. ",14,/,25,0,4.7,4.7,
2095,FAM 014  01,GENEALOGY,2,F,9:30 AM,OFFC001,"Little, S ",34,/,40,0,4.5,4.7,
2097,FAM 014  03,AMERICAN GOV PART IV,2,F,10:00 AM,OFFC001,Lockerbie ,27,/,36,0,3.6,3.6,
8125,FAM 048  02,PARENT ED: 6-12 MONTHS,3,T,9:30 AM,RAH0201,Hirshbrg ,18,/,18,0,3.6,3.6,
8100,FAM 048  01,"0-12 MONTHS, INFANTS",3,M,12:00 PM,OFFF001,Hirshbrg ,16,/,18,0,3.2,3.2,
8103,FAM 054  03,"12-24 MONS, LINCOLN PARK",3,W,: M,RAHF001,Ushimaru ,16,/,18,0,3.2,3.2,
8105,FAM 054  04,12-24 MONS ONEDAY TODDLR,3,F,9:30 AM,RAH0201,Wainswright ,17,/,21,0,3.4,3.4,
8101,FAM 054  01,12-24 MONS JUST WALKERS,3,Th,9:30 AM,RAH0201,Giomi ,18,/,21,0,3.6,3.6,
8102,FAM 054  02,12-24 MONS ONEDAY TODLRS,3,W,12:00 PM,RAH0201,Giomi ,18,/,21,0,3.6,3.6,
8106,FAM 064  01,"24-36 MONTHS, ALKI 2",3,ThF,9:30 AM,OFFF001,"Danforth, B ",17,/,18,0,3.4,3.4,
8109,FAM 064  04,"24-36 MONS, LINCOLN PARK",3,ThF,9:30 AM,OFFF001,Ushimaru ,15,/,18,0,3,3,
8110,FAM 064  05,24-36 MONS ARBOR HEIGHTS,3,MT,9:15 AM,OFFF001,Ushimaru ,14,/,16,0,2.8,2.8,
8128,FAM 064  08,"24-36 MONTHS, ADM 2",3,WTh,9:30 AM,OFFF001,Danforth ,18,/,15,0,3.6,3.6,
,,,,,,,,,,,,,,
Item,Course ID,Title,CR,Days,Time,Room,Instructor,Enrolled,,,Wait,FTES,,
,,,,,,,,,,,List,TOTAL,STATE,
8111,FAM 064  06,"24-36 MONTHS, ADMIRAL 2",3,MT,9:30 AM,OFFF001,Danforth ,18,/,18,0,3.6,3.6,
8131,FAM 064  07,24-36 MONS ARBORHEIGHTS2,3,ThF,9:15 AM,OFFF001,Jenness ,15,/,15,0,3,3,
8112,FAM 074  01,"36-48 MONTHS, ALKI 3",3,MTW,9:30 AM,OFFF001,Chase ,15,/,18,0,3,3,
8114,FAM 074  03,36-48 MONS LINCOLN PARK3,3,MT,9:00 AM,OFFF001,Huntley ,15,/,18,0,3,3,
8116,FAM 074  08,"36-48 MONTHS, ADMIRAL 3",3,ThF,9:00 AM,OFFF001,Chase ,15,/,15,0,3,3,
8118,FAM 074  06,36-48 MONS ARBORHEIGHTS3,3,WThF,9:30 AM,OFFF001,Hirshbrg ,15,/,16,0,3,3,
8113,FAM 074  02,36-48 MONS ARBOR HEIGHTS,3,MTW,9:00 AM,OFFF001,Schill ,17,/,18,0,3.4,3.4,
8117,FAM 074  05,"36-48 MONTHS, ADMIRAL 3",3,WThF,9:00 AM,OFFF001,Huntley ,17,/,18,0,3.4,3.4,
8121,FAM 084  03,"48-60 MONTHS, ADMIRAL 4",3,MTWTh,12:30 PM,OFFF001,Huntley ,17,/,18,0,3.4,3.4,
8122,FAM 084  04,"48-60 MONTHS, Akli 4",3,MTWTh,12:30 PM,OFFF001,Chase ,17,/,18,0,3.4,3.4,
8129,FAM 084  02,48-60 MONS LINCOLNPARK 4,3,MTThF,12:00 PM,OFFF001,Jenness ,16,/,15,0,3.2,3.2,
8119,FAM 084  01,48-60 MONS ARBOR HEIGHTS,3,MTWTh,12:30 PM,OFFF001,Hall ,15,/,18,0,3,3,
4106,FSD 100  70,SANITATION,3,Online,-,-,Wasson ,29,/,40,0,5.8,5.2,
4109,FSD 101  01,ORIENTATION/FOOD PRODCTN,1,TTh,2:00 PM,CAB0001,Houot ,19,/,50,0,1.3,1.2,
4191,FSD 160  01,THEORY 1 - CULINARY FUND,5,DAILY,7:00 AM,RAH0212,Scribner ,19,/,30,0,6.3,6,
4108,FSD 165  01,CULINARY 1,15,DAILY,8:00 AM,TBA,Scribner ,19,/,25,0,19,18,
4192,FSD 170  01,THEORY 2 - ADV CUL FUND,5,DAILY,7:00 AM,TBA,McNamara ,24,/,25,0,8,7,
4118,FSD 175  01,CULINARY 2,15,DAILY,8:00 AM,TBA,McNamara ,23,/,24,0,23,21,
4119,FSD 185  01,CULINARY 3,15,DAILY,8:00 AM,TBA,Houot ,1,/,24,0,1,1,
4194,FSD 190  01,THEORY 4 - REST COST CON,5,DAILY,7:00 AM,RAH0205,Harris-Gane ,12,/,24,0,4,4,
,,,,,,,,,,,,,,
Item,Course ID,Title,CR,Days,Time,Room,Instructor,Enrolled,,,Wait,FTES,,
,,,,,,,,,,,List,TOTAL,STATE,
4128,FSD 195  01,CULINARY 4,15,DAILY,7:00 AM,TBA,Harris-Gane ,7,/,25,0,7,7,
4195,FSD 200  01,THEORY 5 - MNGMT TECHNIQ,5,DAILY,7:00 AM,TBA,Tsukiji ,21,/,25,0,7,7,
4131,FSD 205  01,RESTAURANT PRODUCTION,15,DAILY,8:00 AM,TBA,Tsukiji ,14,/,24,0,14,14,
4141,FSD 215  01,BANQUETS AND CATERING,15,DAILY,8:00 PM,CAB0101,Tsukiji ,11,/,25,0,11,11,
1403,GED 051  01,BASIC GED PREP MATH 5,7,DAILY,9:00 AM,CAS0320,Harness ,29,/,35,0,13.5,13.5,
1407,GED 052  01,GED COMM BASIC,8,DAILY,10:40 AM,CAS0320,Harness ,25,/,35,0,13.3,13.3,
8363,GED 064  DOC,CMPT-ASSTED GED-NEWHOLLY,6,Su,8:30 AM,OFF,Gropp ,6,/,35,0,2.4,2.4,
8360,GED 064  STT,CMPT-ASSTED GED-NEWHOLLY,6,Sa,8:30 AM,OFF,Gropp ,7,/,35,0,2.8,2.8,
8362,GED 064  STT,CMPT-ASSTED GED-KCTLC,12,Arr,9:00 AM,OFF,Su ,48,/,900,0,38.4,38.4,
385,GEOL&101  01,PHYSICAL GEOLOGY,5,DAILY,8:00 AM,RAH0301,Giese-Sola ,23,/,35,0,7.7,7,
3211,HAR 141  02,MEATCUTTERS-2ND YEAR,4,M,5:30 PM,GTB1232,"Brooks, Greg",11,/,15,0,2.9,2.9,
3210,HAR 141  01,MEATCUTTERS 1ST YEAR,5,Th,5:30 PM,GTB0123,"Patterson, B",22,/,25,0,7.3,7.3,
2700,HDM 123  01,DIESEL ENGINE REPAIR AND,12,DAILY,7:00 AM,TEC0106,"Ruiz, J. ",18,/,20,0,14.4,14.4,
2705,HDM 124  01,PREVENTIVE MAINTENANCE,5,DAILY,7:00 AM,TEC0106,"Ruiz, J. ",18,/,20,0,6,6,
2710,HDM 138  01,"STEERING,SUSPENSION,BRAK",15,DAILY,7:00 AM,HDM0204,Clapper ,17,/,20,0,17,16,
8381,HDM 171  STT,LIFT TRUCK OPERATOR,2,Arr,AR:R M,TBA,Randolph ,10,/,25,0,1.3,1.3,
8348,HDM 171  STT,LIFT TRUCK OPERATOR,2,Arr,AR:R M,TBA,Randolph ,14,/,25,0,1.9,1.9,
2715,HDM 171  01,LIFT TRUCK OPERATOR,2,DAILY,7:00 AM,HDM0204,Clapper ,19,/,20,0,2.5,2.3,
9844,HEA 150  70,HEALTH & HUMAN SEXUALITY,5,Online,-,-,Hinson ,18,/,30,0,6,5,
9846,HIST&126  70,WORLD CIVILIZATIONS I,5,Online,-,-,Bush ,22,/,25,0,7.3,6.3,
,,,,,,,,,,,,,,
Item,Course ID,Title,CR,Days,Time,Room,Instructor,Enrolled,,,Wait,FTES,,
,,,,,,,,,,,List,TOTAL,STATE,
9847,HIST 131  70,ASIAN-AMERICAN HISTORY,5,Online,-,-,Bush ,13,/,25,0,4.3,3.7,
494,HIST&147  01,US HISTORY II,5,DAILY,9:00 AM,RAH0210,Thompson ,32,/,30,0,10.7,4,
495,HIST&148  01,US HISTORY III,5,DAILY,11:00 AM,RAH0210,Thompson ,14,/,30,0,4.7,2.3,
503,HIST 211  01,HIST OF THE MIDDLE EAST,5,DAILY,10:00 AM,RAH0214,Othman ,41,/,40,0,13.7,11.3,
635,HIST&214  77,PACIFIC NW HISTORY,5,HYBRID - T,6:00 PM,OLY0103,Bentley ,30,/,35,0,10,2.3,
5200,HMG 302  01,HOSPITALITY MANAGEMENT,5,MW,12:00 PM,OLY0204,Kabeleova ,21,/,25,0,7,6,
5205,HMG 302  02,HOSPITALITY MANAGEMENT,5,MW,1:30 PM,OLY0204,Kabeleova ,15,/,25,0,5,4.7,
5210,HMG 303  01,HOSPITALITY MARKETING,5,TTh,12:00 PM,OLY0204,Kabeleova ,18,/,30,0,6,6,
5215,HMG 303  02,HOSPITALITY MARKETING,5,TTh,12:00 PM,OLY0204,Kabeleova ,13,/,30,0,4.3,3.7,
5220,HMG 312  01,LEGAL ISSUES/HOSPITALITY,3,TTh,10:30 AM,OLY0204,Krull ,18,/,30,0,3.6,3.6,
5225,HMG 312  02,LEGAL ISSUES/HOSPITALITY,3,TTh,1:30 PM,OLY0204,Krull ,13,/,30,0,2.6,2.2,
5235,HMG 402  02,HOSPITALITY ACCOUNTING,5,MW,12:00 PM,TEC0118,Krull ,17,/,25,0,5.7,5.3,
5230,HMG 402  01,HOSPITALITY ACCOUNTING,5,MW,10:30 AM,TEC0118,Krull ,24,/,25,0,8,6.7,
5240,HMG 490  01,INTERSHIP LECTURE,3,MW,AR:R M,OLY0204,Frazier ,26,/,30,0,5.2,5.2,
4107,HOS 203  70,NUTRITION,3,Online,-,-,Wasson ,24,/,40,0,4.8,4.4,
4102,HOS 299  08,COMPETITON CLASS,3,TTh,2:00 PM,FSA0101,Houot ,23,/,18,0,4.4,3.9,
9854,HUM 110  70,INTRODUCTION TO FILM,5,Online,-,-,Walsh ,23,/,25,0,7.7,6,
9856,HUM 210  70,GAY & LESBIAN STUDIES,5,Online,-,-,McKnight ,27,/,30,0,9,8.3,
8345,IFS 100  STT,INDUSTRIALFIRSTAID&SAFTY,2,Arr,AR:R M,TBA,Rahkonen ,14,/,25,0,1.9,1.9,
8383,IFS 100  STT,INDUSTRIALFIRSTAID&SAFTY,2,Arr,AR:R M,TBA,Rahkonen ,10,/,25,0,1.3,1.3,
,,,,,,,,,,,,,,
Item,Course ID,Title,CR,Days,Time,Room,Instructor,Enrolled,,,Wait,FTES,,
,,,,,,,,,,,List,TOTAL,STATE,
9833,INFO 102  70,INFO IN ACTION RESEARCH,1,Online,-,-,Nelson ,2,/,25,0,0.1,0.1,
9835,INFO 106  70,INFO IN ACTION WEB RESCH,1,Online,-,-,Deboo ,1,/,25,0,0.1,0.1,
3541,INHE 101  01,HEAVY EQUIPMENT I,12,MTh,7:00 AM,OFF,"Perrin, Dave",4,/,10,0,3.2,3.2,
3542,INHE 102  01,HEAVY EQUIPMENT II,12,MTh,7:00 AM,OFF,"Perrin, Dave",2,/,10,0,1.6,1.6,
3543,INHE 103  01,HEAVY EQUIPMENT III,12,MTh,7:00 AM,OFF,"Perrin, Dave",4,/,10,0,3.2,3.2,
3501,INSC 102  01,CITC CARPENTRY BELLEVUE,4,MSa,5:00 PM,OFF,Apodaca ,9,/,15,0,2.4,2.4,
3503,INSC 102  02,CITC CARPENTRY ONLINE,4,Arr,5:00 PM,OFF,Ormsby ,2,/,15,0,0.5,0.5,
3504,INSC 121  01,CITC CARPENTRY BELLEVUE,4,T,5:00 PM,OFF,Bortles ,5,/,15,0,1.3,1.3,
3505,INSC 131  01,CITC CARPENTRY TACOMA,4,TSa,5:00 PM,OFF,Beecher ,3,/,15,0,0.8,0.8,
3506,INSC 131  02,CITC CARPENTRY ONLINE,4,Arr,5:00 PM,OFF,Ormsby ,2,/,15,0,0.5,0.5,
3507,INSC 142  01,CITC CARPENTRY BELLEVUE,4,Th,5:00 PM,OFF,Knudson ,15,/,20,0,4,4,
3502,INSC 143  02,CITC CARPENTRY TACOMA,4,TSa,5:00 PM,OFF,Knudson ,1,/,15,0,0.3,0.3,
3521,INSH 102  01,CITC HVAC ONLINE,6,W,6:00 PM,OFF,Horn ,3,/,15,0,1.2,1.2,
3522,INSH 102  02,CITC HVAC BELLEVUE,6,T,6:00 PM,OFF,Horn ,9,/,15,0,3.6,3.6,
3523,INSH 123  01,CITC HVAC BELLEVUE,6,W,6:00 PM,OFF,Horn ,7,/,15,0,2.8,2.8,
3562,INSP 102  01,CITC PLUMBING ONLINE,6,Arr,5:00 PM,OFF,Deems ,11,/,21,0,4.4,4.4,
3564,INSP 102  02,CITC PLUMBING VANCOUVER,6,Th,5:00 PM,OFF,Zea ,15,/,20,0,6,6,
3565,INSP 122  01,CITC PLUMBNGCSTR YR2 PT1,6,Arr,5:00 PM,OFF,Deems ,16,/,20,0,6.4,6.4,
3566,INSP 132  01,CITC PLUMBING ONLINE,6,Arr,5:00 PM,OFF,Deems ,9,/,20,0,3.6,3.6,
3569,INSP 142  03,CITC PLUMBING ONLINE,6,Arr,5:00 PM,OFF,Deems ,5,/,20,0,2,2,
,,,,,,,,,,,,,,
Item,Course ID,Title,CR,Days,Time,Room,Instructor,Enrolled,,,Wait,FTES,,
,,,,,,,,,,,List,TOTAL,STATE,
3567,INSP 142  01,CITC PLUMBING BELLEVUE,6,W,5:00 PM,OFF,Sullivan ,7,/,20,0,2.8,2.8,
3568,INSP 142  02,CITC PLUMBING VANCOUVER,6,Th,5:00 PM,OFF,Sullivan ,3,/,20,0,1.2,1.2,
8343,INT 101  STT,MANUFACTURING BASICS I,3,Arr,AR:R M,TBA,Randolph ,14,/,25,0,2.8,2.8,
8346,INT 108  STT,INTRO BLUEPRINT READING,3,Arr,AR:R M,TBA,Moran ,14,/,25,0,2.8,2.8,
8384,INT 109  STT,FLAGGING AND TRAFFIC,1,Arr,AR:R M,TBA,Randolph ,10,/,20,0,0.7,0.7,
8347,INT 109  STT,FLAGGING AND TRAFFIC,2,Arr,AR:R M,TBA,Randolph ,14,/,25,0,1.9,1.9,
8391,INT 112  STT,TOOLS AND TRADES,5,Arr,AR:R M,TBA,Randolph ,32,/,20,0,10.7,10.7,
8394,INT 115  STT,INTRO TO LEAN MFG,3,Arr,AR:R M,TBA,Moran ,32,/,20,0,6.4,6.4,
8392,INT 165  STT,OSHA 30 GEN SAFETY,3,Arr,AR:R M,TBA,"Raymond, M ",32,/,20,0,6.4,6.4,
8393,INT 180  STT,INTRO TO COMPOSITES,3,Arr,AR:R M,TBA,Randolph ,32,/,20,0,6.4,6.4,
117,JAPN&122  25,JAPANESE II,5,TTh,6:00 PM,RAH0301,Levin ,14,/,35,0,4.7,3.7,
4700,LHO 105  01,LANDSCAPE DESIGN BASICS,3,W,2:00 PM,LHO0001,Burman ,11,/,25,0,2.2,2.2,
4702,LHO 111  01,GREENHOUSE OPERATIONS,3,F,9:00 AM,LHO0003,Skamser ,18,/,25,0,3.6,3.6,
4710,LHO 116  02,WINTER PLANT ID,3,T,9:00 AM,LHO0002,Bobbitt ,23,/,25,0,4.6,4.6,
4718,LHO 125  02,LANSCAPE DESIGN II,4,F,9:00 AM,LHO0001,Burman ,13,/,25,0,3.5,3.2,
4735,LHO 155  01,PRUNING,3,W,9:00 AM,LHO0002,Bobbitt ,20,/,20,0,4,4,
4740,LHO 155  02,PRUNING,3,F,9:00 AM,LHO0002,Bobbitt ,9,/,20,0,1.8,1.6,
4745,LHO 189  01,INTRO TO LANDSCAPE CONST,3,Th,3:30 PM,LHO0002,Hilderbrand ,10,/,25,0,2,2,
4737,LHO 236  02,ADVANCED IRRIGATION,5,MT,5:00 PM,LHO0001,Hilderbrand ,6,/,20,0,2,2,
4786,LHO 241  01,ECOLOGICAL RESTORATION,3,M,9:00 AM,LHO0002,Bobbitt ,16,/,25,0,3.2,3.2,
,,,,,,,,,,,,,,
Item,Course ID,Title,CR,Days,Time,Room,Instructor,Enrolled,,,Wait,FTES,,
,,,,,,,,,,,List,TOTAL,STATE,
4783,LHO 242  02,INTRO TO PERMACULTURE,3,M,2:00 PM,CEC0102,Skamser ,24,/,30,0,4.8,4.4,
4798,LHO 299  02,SPECIAL TOPICS,3,Arr,AR:R M,TBA,Bobbitt ,1,/,25,0,0.2,0.2,
4775,LHO 299  02,SPECIAL TOPICS,4,Arr,AR:R M,LHO0001,Skamser ,2,/,25,0,0.4,0.4,
4788,LHO 299  02,GREENHOUSE PRACTICUM,4,Arr,AR:R M,LHO0001,Skamser ,1,/,25,0,0.2,0.2,
9861,LIB 180  78,RESEARCH FOR 21ST CENTRY,5,Online,-,-,On-line ,2,/,25,0,0.7,0.7,
8353,LST 090  STT,LIFE SKILL WORK-NEWHOLLY,6,Sa,8:30 AM,OFF,"Garcia, J. ",65,/,100,0,26,26,
8352,LST 090  STT,LIFE SKILL WORK KC-JAIL,6,MTWTh,8:30 AM,OFF,"Wong, K. ",43,/,100,0,17.2,17.2,
8354,LST 090  STT,LIFE SKILL WORK-NEWHOLLY,6,,8:30 AM,OFF,"Garcia, J. ",16,/,100,0,6.4,6.4,
3183,MAR 132  01,IRONWORKERS 2ND YEAR,16,DAILY,7:00 AM,OFFD001,Black ,11,/,15,0,11.7,11.7,
3182,MAR 133  01,IRONWORKERS 3RD YEAR,16,DAILY,7:00 AM,OFFD001,Black ,8,/,15,0,8.5,8.5,
3180,MAR 134  01,IRONWORKERS 4TH YEAR,16,DAILY,7:00 AM,OFFD001,Black ,9,/,15,0,9.6,9.6,
3181,MAR 134  02,IRONWORKERS 4TH YEAR,16,DAILY,7:00 AM,OFFD001,Black ,9,/,15,0,9.6,9.6,
3282,MAR 151  03,SPRINKLER FITTERS 1ST YR,5,TTh,5:00 PM,GTB0134,"Brooks, C ",15,/,20,0,5,5,
3208,MARN 110  03,MARINE ELECTR 3RD,9,TTh,5:00 PM,OFF,Olson ,6,/,15,0,3.6,3.6,
67,MATH 079  99,MATH SAT PREP,2,Sa,8:00 AM,UNI0200,Ursino ,12,/,25,0,1.6,1.6,
890,MATH 083  02,ARITHMETIC,5,DAILY,10:00 AM,RAH0221,Sullivan ,26,/,30,0,8.7,8.7,
850,MATH 083  01,ARITHMETIC,5,DAILY,9:00 AM,RAH0221,Tosch ,20,/,30,0,6.7,6,
891,MATH 084  02,ALGEBRA I,5,DAILY,9:00 AM,RAH0301,Sullivan ,23,/,30,0,7.7,7.7,
9881,MATH 084  70,ALGEBRA I,5,Online,-,-,Dorman ,16,/,25,0,5.3,4.7,
9888,MATH 085  70,ALGEBRA II,5,Online,-,-,Zou ,22,/,28,0,7.3,6.3,
,,,,,,,,,,,,,,
Item,Course ID,Title,CR,Days,Time,Room,Instructor,Enrolled,,,Wait,FTES,,
,,,,,,,,,,,List,TOTAL,STATE,
892,MATH 085  02,ALGEBRA II,5,DAILY,9:00 AM,RAH0313,"Toutonghi, J",23,/,30,0,7.7,7.7,
857,MATH 094  02,ALGEBRA 1/2,5,DAILY,11:00 AM,RAH0205,Llewelyn ,26,/,30,0,8.7,8.3,
860,MATH 094  01,INTRO ALGEBRA I,5,DAILY,11:00 AM,RAH0218,"Toutonghi, J",34,/,30,0,11.3,11,
863,MATH 095  25,INTERM ALGEBRA II,5,TTh,6:00 PM,UNI0201,Park ,15,/,30,0,5,5,
862,MATH 095  01,INTERM ALGEBRA II,5,DAILY,10:00 AM,RAH0313,Llewelyn ,38,/,30,0,12.7,12.3,
866,MATH 098  02,INTERMEDIATE ALGEBRA,5,DAILY,10:00 AM,RAH0218,Sauer ,33,/,35,0,11,10.7,
9883,MATH 098  70,INTERMEDIATE ALGEBRA,5,Online,-,-,Zou ,21,/,28,0,7,6.7,
875,MATH 098  03,INTERMEDIATE ALGEBRA,5,DAILY,12:00 PM,RAH0218,Llewelyn ,18,/,32,0,6,5.3,
207,MATH 102  02,COLLEGE ALGEBRA,5,DAILY,10:00 AM,UNI0100,Tosch ,36,/,35,0,12,10.3,
206,MATH 102  01,COLLEGE ALGEBRA,5,DAILY,8:00 AM,UNI0100,"Howard, D. ",11,/,35,0,3.7,3.3,
208,MATH 102  03,COLLEGE ALGEBRA,5,DAILY,11:00 AM,RAH0301,Mc Arthur ,18,/,35,0,6,4.7,
210,MATH 102  25,COLLEGE ALGEBRA,5,TTh,6:00 PM,UNI0200,Alvarez ,12,/,35,0,4,3,
9884,MATH 102  70,COLLEGE ALGEBRA,5,Online,-,-,Zou ,23,/,28,0,7.7,7,
220,MATH&107  01,MATH IN SOCIETY,5,DAILY,9:00 AM,RAH0304,Miropolskiy ,10,/,35,0,3.3,3,
221,MATH 110  01,APPL MATH TECH-AUTO,3,Online,-,-,Ursino ,16,/,24,0,3.2,3,
8344,MATH 110  STT,APPL MATH FOR TECHNICIAN,3,Arr,AR:R M,TBA,Randolph ,14,/,35,0,2.8,2.8,
8376,MATH 110  STT,APPL MATH FOR TECHNICIAN,3,Arr,AR:R M,TBA,Acevez ,17,/,35,0,3.4,3.4,
225,MATH 116  01,APPL MATH TO MGT LIFE SC,5,DAILY,10:00 AM,RAH0301,Mc Arthur ,18,/,35,0,6,3.7,
216,MATH&141  25,PRECALCULUS I,5,MW,6:00 PM,UNI0200,Mc Arthur ,20,/,35,0,6.7,6,
215,MATH&141  01,PRECALCULUS I,5,DAILY,8:00 AM,UNI0200,"Toutonghi, J",30,/,35,0,10,8,
,,,,,,,,,,,,,,
Item,Course ID,Title,CR,Days,Time,Room,Instructor,Enrolled,,,Wait,FTES,,
,,,,,,,,,,,List,TOTAL,STATE,
229,MATH&142  01,PRECALCULUS II,5,DAILY,11:00 AM,UNI0100,"Lyman, H. ",42,/,35,0,14,9.7,
222,MATH&146  01,INTRODUCTION TO STATS,5,DAILY,9:00 AM,OLY0100,Post F. ,35,/,35,0,11.7,11,
9813,MATH&146  70,INTRODUCTION TO STATS,5,Online,-,-,Post F. ,29,/,35,0,9.7,9.7,
212,MATH&148  01,BUSINESS CALCULUS,5,DAILY,10:00 AM,UNI0203,Zou ,27,/,35,0,9,4.7,
235,MATH&151  01,CALCULUS I,5,DAILY,8:00 AM,RAH0218,Downs ,39,/,35,0,13,8.7,
266,MATH&151  CHS,CALCULUS I,5,Arr,AR:R M,OFF,Ursino ,16,/,35,0,5.3,0,
237,MATH&152  25,CALCULUS II,5,MW,6:00 PM,RAH0218,Park ,17,/,35,0,5.7,4.7,
236,MATH&152  01,CALCULUS II,5,DAILY,8:00 AM,RAH0205,Zou ,30,/,35,0,10,7,
238,MATH&153  02,CALCULUS III,5,DAILY,12:00 PM,UNI0203,"Lyman, H. ",18,/,35,0,6,4.3,
240,MATH&153  01,CALCULUS III,5,DAILY,7:00 AM,UNI0203,"Lyman, H. ",13,/,35,0,4.3,3.7,
244,MATH 220  01,LINEAR ALGEBRA,5,DAILY,11:00 AM,RAH0304,"Coskey, T. ",20,/,35,0,6.7,5,
658,MUSC 165  25,COMMUNITY CHORALE,2,M,7:00 PM,RSB0080,Herd ,3,/,50,0,0.4,0.3,
399,NTR 150  25,HUMAN NUTRITION,5,TTh,6:00 PM,UNI0203,Levesque ,12,/,35,0,4,3,
9891,NTR 150  70,HUMAN NUTRITION,5,Online,-,-,Kapp ,25,/,26,0,8.3,7.7,
9892,NTR 150  70,HUMAN NUTRITION,5,Online,-,-,Levenhagen ,23,/,25,0,7.7,7.3,
1309,NUR 097  01,INTRO APPLY ACAD STRATGY,3,MTTh,12:00 PM,CAS0201,Baldwin S. ,11,/,25,0,2.2,2.2,
5012,NUR 170  01,NA-C BASIC HEALTH CARE,12,MTW,8:00 AM,RAH0116,Nicholson ,23,/,30,0,18.4,17.6,
5042,NUR 172  01A,LPN II NURSING LAB A,0,W,2:00 PM,RAH0107,Nagai ,19,/,20,0,0,0,
5047,NUR 172  02B,LPN II NURSING LAB B,0,Tele,-,-,Nagai ,19,/,20,0,0,0,
5052,NUR 172  01,LPN II MED/SURG NURSING,12,WTh,10:00 AM,RAH0109,Nagai ,38,/,40,0,30.4,30.4,
,,,,,,,,,,,,,,
Item,Course ID,Title,CR,Days,Time,Room,Instructor,Enrolled,,,Wait,FTES,,
,,,,,,,,,,,List,TOTAL,STATE,
5073,NUR 255  01,RN III NURSING THEORY,4,T,3:00 PM,RAH0109,Sitterley ,32,/,34,0,8.5,8.3,
5083,NUR 257  01,NURSING EXPERIENCE III,5,Arr,AR:R M,,Wright-Thomp,32,/,34,0,10.7,10.3,
5089,NUR 270  01,RN III-SELECTED SERVICES,2,Arr,AR:R M,OFF,Sitterley ,25,/,34,0,3.3,3.2,
519,PHIL 267  01,PHILOSOPHY OF RELIGION,5,DAILY,10:00 AM,UNI0200,Pierce ,8,/,30,0,2.7,2.3,
428,PHYS&222  01,ENGINEERING PHYSICS II,5,MTWF,10:00 AM,OLY0200,Muirhead ,28,/,25,0,9.3,7,
429,PHYS&223  01,ENGINEERING PHYSICS III,5,MTWF,9:00 AM,OLY0200,Rogers ,20,/,25,0,6.7,5,
4180,PST 101  01,PASTRY BAKING ORIENTATIO,5,DAILY,7:00 AM,PBA0113,Harris ,11,/,10,0,3.7,3.7,
4184,PST 102  01,INTRO TO BAKING MNGMT,5,DAILY,7:00 AM,RAH0205,Harris-Gane ,15,/,25,0,5,5,
4179,PST 105  01,DECORATION THEORY 3,4,DAILY,7:00 AM,PAB0013,Smith ,19,/,22,0,5.1,5.1,
4185,PST 111  01,BAKING 1,15,DAILY,8:00 AM,PBA0106,Harris ,10,/,25,0,10,10,
4186,PST 112  01,PASTRY 1,15,DAILY,8:00 AM,PBA0102,Smith ,8,/,45,0,8,8,
4187,PST 113  01,BAKING 2,15,DAILY,8:00 AM,PBA0106,Harris ,7,/,45,0,7,7,
4188,PST 211  01,PASTRY 2,15,DAILY,8:00 AM,PBA0102,Smith ,5,/,45,0,5,5,
4189,PST 212  01,PASTRY 3,15,DAILY,8:00 AM,PBA0103,Smith ,6,/,45,0,6,6,
4190,PST 213  01,PASTRY 4,15,DAILY,8:00 AM,PAB0103,Harris ,8,/,45,0,8,8,
555,PSYC&100  25,GENERAL PSYCHOLOGY,5,MW,6:00 PM,OLY0202,"Peterson,E. ",29,/,35,0,9.7,8,
550,PSYC&100  01,GENERAL PSYCHOLOGY,5,DAILY,8:00 AM,OLY0202,Rice ,31,/,35,0,10.3,9.3,
553,PSYC&100  02,GENERAL PSYCHOLOGY,5,DAILY,9:00 AM,OLY0202,Larsen ,37,/,35,0,12.3,8.7,
554,PSYC&100  03,GENERAL PSYCHOLOGY,5,DAILY,12:00 PM,OLY0202,Larsen ,32,/,35,0,10.7,8.3,
9898,PSYC&100  70,GENERAL PSYCHOLOGY,5,Online,-,-,"Peterson,E. ",26,/,30,0,8.7,5.7,
,,,,,,,,,,,,,,
Item,Course ID,Title,CR,Days,Time,Room,Instructor,Enrolled,,,Wait,FTES,,
,,,,,,,,,,,List,TOTAL,STATE,
9809,PSYC&100  70,GENERAL PSYCHOLOGY,5,Online,-,-,"Palek, M. ",25,/,30,0,8.3,7.7,
9896,PSYC&200  70,LIFESPAN PSYCHOLOGY,5,Online,-,-,"Palek, M. ",29,/,30,0,9.7,9,
9895,PSYC&200  70,LIFESPAN PSYCHOLOGY,5,Online,-,-,Rice ,26,/,25,0,8.7,8.3,
560,PSYC&200  01,LIFESPAN PSYCHOLOGY,5,DAILY,10:00 AM,OLY0202,Rice ,34,/,35,0,11.3,11,
570,PSYC&220  01,ABNORMAL PSYCHOLOGY,5,DAILY,11:00 AM,OLY0202,Larsen ,30,/,35,0,10,8.7,
9837,PSYC&220  70,ABNORMAL PSYCHOLOGY,5,Online,-,-,Chaffee ,23,/,25,0,7.7,7.7,
1006,PSYC 240  99,PSYCH OF HUMAN RELATIONS,3,Sa,8:00 AM,OLY0105,Stowers ,30,/,30,0,6,5.8,
4129,PSYC 240  10,PSYCH OF HUMAN RELATIONS,3,TWTh,2:00 PM,OLY0105,Stowers ,24,/,30,0,4.8,4.8,
2055,SMG 120  01,HIRING PERSONNEL,3,MW,6:00 PM,OLY0205,Stowers ,9,/,30,0,1.8,1.4,
2050,SMG 220  01,PERSONAL PERFORMANCE MGT,3,MW,6:00 PM,OLY0205,Stowers ,10,/,30,0,2,1.4,
2090,SMG 298  01,INDEPENDENT STUDY-SMG,10,Arr,AR:R M,TBA,Stowers ,4,/,10,0,1.7,1.7,
737,SOC& 101  25,INTRO TO SOCIOLOGY,5,TTh,6:00 PM,RAH0212,Mc Crath ,13,/,35,0,4.3,3.7,
576,SOC& 101  01,INTRO TO SOCIOLOGY,5,DAILY,10:00 AM,RAH0212,Mc Crath ,36,/,35,0,12,9.7,
575,SOC 105  01,SOC OF BLACK AMERICANS,5,DAILY,11:00 AM,OLY0105,Stowers ,28,/,35,0,9.3,9.3,
184,SPAN&121  01,SPANISH I,5,DAILY,10:00 AM,RAH0310,"Tran,A ",25,/,30,0,8.3,6.7,
185,SPAN&121  02,SPANISH I,5,DAILY,9:00 AM,RAH0310,"Tran,A ",26,/,30,0,8.7,7.3,
188,SPAN&122  01,SPANISH II,5,DAILY,8:00 AM,RAH0310,"Tran,A ",28,/,30,0,9.3,7.3,
190,SPAN&122  25,SPANISH II,5,MW,6:00 PM,UNI0201,Spannagel ,8,/,30,0,2.7,2.3,
199,SPAN&123  01,SPANISH III,5,DAILY,10:00 AM,RAH0309,Brauburger ,8,/,30,0,2.7,2,
8305,SSW 094  STT,EMPOYMENT SEARCH BASICS,6,MTWTh,9:00 AM,LIB0217,"Strongman, E",11,/,30,0,4.4,4.4,
,,,,,,,,,,,,,,
Item,Course ID,Title,CR,Days,Time,Room,Instructor,Enrolled,,,Wait,FTES,,
,,,,,,,,,,,List,TOTAL,STATE,
8306,SSW 095  STT,TAKING THE FIRST STEP,6,MTWTh,9:00 AM,LIB0217,Nichols ,11,/,30,0,4.4,4.4,
8307,SSW 096  STT,YOU AND THE WORKPLACE,6,MTWTh,9:00 AM,LIB0217,Phillips ,11,/,30,0,4.4,4.4,
5955,TDR 105  01,TECHNICAL EMPLOY PREP,1,F,12:00 PM,CAS0300B,Nguyen Loc H,8,/,20,0,0.5,0.5,
5900,TDR 121  01,DRAFTING TECHNOLOGY I,4,MWF,9:00 AM,CAS0300B,Nguyen Loc H,7,/,20,0,1.9,2.1,
5907,TDR 240  01,INTRODUCTION TO CATIA,4,TTh,9:00 AM,CAS0300A,Nguyen Loc H,4,/,20,0,1.1,1.1,
5950,TDR 298  01,SPECIAL TOPICS DFTNG,5,DAILY,11:30 AM,CAS0300B,Nguyen Loc H,10,/,25,0,3.3,3.3,
3173,WAR 155  04,PAINTERS COMMERCIAL,5,DAILY,8:00 AM,GTE,"Martin, Jon ",10,/,20,0,3.3,3.3,
3174,WAR 155  05,PAINTERS STRIPERS,5,DAILY,8:00 AM,GTE,Rahkonen ,9,/,10,0,3,3,
3170,WAR 155  01,PAINTERS 1ST - 2ND BRACK,4,M,5:00 PM,GTE,Rahkonen ,28,/,28,0,7.5,7.2,
3171,WAR 155  02,PAINTERS 2ND - 4TH BRACK,4,T,5:00 PM,GTE,Lopez Sarmie,5,/,20,0,1.3,1.3,
3172,WAR 155  03,PAINTERS 5TH & 6TH BRACK,5,Th,5:00 PM,GTE,Rahkonen ,4,/,20,0,1.3,1.3,
3175,WAR 155  06,PAINTERS STRIPERS,5,DAILY,8:00 AM,GTE,Palmer ,7,/,20,0,2.3,2.3,
3140,WAR 158  01,DRYWALL FINISHER 1ST YR,5,DAILY,6:00 AM,GTE,Palmer ,6,/,7,0,2,2,
3141,WAR 158  02,DRYWALL FINISHER 3RD YR,5,DAILY,6:00 AM,GTE,Palmer ,5,/,15,0,1.7,1.7,
3105,WAR 165  02,BRICKLAYERS 2ND YEAR,8,DAILY,7:00 AM,GTD,"West, D. ",19,/,20,0,10.1,10.1,
3116,WAR 168  02,TILE SETTERS & FINISHERS,4,DAILY,7:00 AM,GTD,"Charest,J ",3,/,20,0,0.8,0.8,
3132,WAR 171  03,CEMENT THIRD YEAR,8,DAILY,7:00 AM,GTD,"Raymond, M ",15,/,20,0,8,8,
3130,WAR 171  01,CEMENT FIRST YEAR,8,DAILY,7:00 AM,GTD,Nickell ,14,/,20,0,7.5,7.5,
3131,WAR 171  02,CEMENT SECOND YEAR,8,DAILY,7:00 AM,GTD,Nickell ,15,/,20,0,8,8,
3160,WAR 178  01,FLOORCOVERING,5,FSa,8:00 AM,GTE,"Greer, Jeff ",9,/,15,0,3,3,
,,,,,,,,,,,,,,
Item,Course ID,Title,CR,Days,Time,Room,Instructor,Enrolled,,,Wait,FTES,,
,,,,,,,,,,,List,TOTAL,STATE,
3158,WAR 180  01,GLAZIERS RESIDENTIAL 1ST,5,Sa,8:00 AM,GTE,Greenstreet ,4,/,10,0,1.3,1.3,
3110,WAR 194  01,"POINTER, CLEANNER, CAULK",8,DAILY,7:00 AM,GTD,"Charest,J ",5,/,20,0,2.7,2.7,
8380,WER 100  STT,INTRO TO WHSE DIST INDST,8,Arr,AR:R M,TBA,"Garcia, J. ",10,/,30,0,5.3,5.3,
8372,WFT 100  01,WELDING THEORY,5,DAILY,12:00 PM,WWB0101,Darnall M ,17,/,20,0,5.7,5.7,
5830,WFT 100  02,WELDING THEORY,5,DAILY,5:00 PM,WWB0101,"Gray, R E JR",7,/,20,0,2.3,2,
5710,WFT 105  01,PRINT READ/WELD SYMBOLS,5,DAILY,11:00 AM,WWB0101,Weber ,18,/,30,0,6,6,
5831,WFT 120  02,INTRO.WELDING(OXY/SMAW),6,DAILY,6:00 PM,WWB0101,"Gray, R E JR",3,/,20,0,1.2,0.8,
5742,WFT 120  01,INTRO.WELDING(OXY/SMAW),6,DAILY,7:00 AM,WWB0101,Weber ,3,/,20,0,1.2,1.2,
8373,WFT 120  SJI,INTRO.WELDING(OXY/SMAW),6,DAILY,12:00 PM,WWB0101,Darnall M ,17,/,20,0,6.8,6.8,
8374,WFT 121  SJI,SMAW Shielded Metal Arc,6,DAILY,12:00 PM,WWB0101,Darnall M ,17,/,20,0,6.8,6.8,
5832,WFT 121  02,SMAW Shielded Metal Arc,6,DAILY,6:00 PM,WWB0101,"Gray, R E JR",2,/,20,0,0.8,0.8,
5746,WFT 121  01,SMAW Shielded Metal Arc,6,DAILY,7:00 AM,WWB0101,Weber ,4,/,20,0,1.6,1.6,
5834,WFT 124  02,GMAW Gas Metal Arc Wldg.,6,DAILY,6:00 PM,WWB0101,"Gray, R E JR",3,/,20,0,1.2,1.2,
5752,WFT 124  SJI,GMAW Gas Metal Arc Wldg.,6,DAILY,12:00 PM,WWB0101,Darnall M ,6,/,20,0,2.4,2.4,
5751,WFT 124  01,GMAW Gas Metal Arc Wldg.,6,DAILY,7:00 AM,WWB0101,Weber ,3,/,20,0,1.2,1.2,
5755,WFT 125  01,FCAW Flux Core Metal Arc,6,DAILY,7:00 AM,WWB0101,Weber ,4,/,20,0,1.6,1.6,
5756,WFT 125  SJI,FCAW Flux Core Metal Arc,6,DAILY,12:00 PM,WWB0101,Darnall M ,6,/,20,0,2.4,2.4,
5835,WFT 125  02,FCAW Flux Core Metal Arc,6,DAILY,6:00 PM,WWB0101,"Gray, R E JR",3,/,20,0,1.2,1.2,
5759,WFT 127  01,GTAW Gas Tungsten Arc,6,DAILY,7:00 AM,WWB0101,Weber ,3,/,20,0,1.2,1.2,
5837,WFT 127  02,GTAW Gas Tungsten Arc,6,DAILY,6:00 PM,WWB0101,"Brown, Ocie ",3,/,20,0,1.2,0.8,
,,,,,,,,,,,,,,
Item,Course ID,Title,CR,Days,Time,Room,Instructor,Enrolled,,,Wait,FTES,,
,,,,,,,,,,,List,TOTAL,STATE,
5761,WFT 128  01,FABRICATION/CAC-A/PAC,6,DAILY,7:00 AM,WWB0101,Weber ,6,/,20,0,2.4,2.4,
5838,WFT 128  02,FABRICATION/CAC-A/PAC,6,DAILY,6:00 PM,WWB0101,"Gray, R E JR",3,/,20,0,1.2,0.8,
5786,WFT 197  DKP,INDUSTRY INTERNSHIP,3,Arr,AR:R M,TBA,"Park, D. ",2,/,20,0,0.4,0.4,
5839,WFT 220  02,PIPE(SMAW)Shielded Metal,7,DAILY,6:00 PM,WWB0101,"Gray, R E JR",4,/,20,0,1.9,1.9,
5785,WFT 220  01,PIPE(SMAW)Shielded Metal,7,DAILY,7:00 AM,WWB0101,Weber ,5,/,20,0,2.3,2.3,
5787,WFT 227  01,ADVANCED FABRICATION 1,8,DAILY,7:00 AM,WWB0101,Weber ,3,/,20,0,1.6,1.6,
5840,WFT 227  02,ADVANCED FABRICATION 1,8,DAILY,6:00 PM,WWB0101,"Gray, R E JR",3,/,20,0,1.6,1.6,
5841,WFT 228  02,PIPE(SMAW)GasTungstenArc,7,DAILY,6:00 PM,WWB0101,"Brown, Ocie ",1,/,20,0,0.5,0.5,
5788,WFT 228  01,PIPE(SMAW)GasTungstenArc,7,DAILY,7:00 AM,WWB0101,Weber ,3,/,20,0,1.4,1.4,
5789,WFT 238  01,ADVANCED FABRICATION II,8,DAILY,7:00 AM,WWB0101,Weber ,1,/,20,0,0.5,0.5,
5842,WFT 238  02,ADVANCED FABRICATION II,8,DAILY,6:00 PM,WWB0101,"Gray, R E JR",4,/,20,0,2.1,2.1,
5790,WFT 297  01,SPEC TOPICS WELD FABRICA,12,Arr,AR:R M,WWB0101,Weber ,7,/,20,0,1.5,1.1,
5800,WFT 297  02,SPEC TOPICS WELD FABRICA,12,Arr,AR:R M,TBAV001,"Gray, R E JR",6,/,20,0,1.5,1.3,
8375,WFT 298  STT,INDEPENDANT STUDY,2,Arr,AR:R M,TBA,Castillo ,19,/,25,0,2.5,2.5,
4250,WIN 101  01,INTRO TO ENOLOGY,3,M,6:00 PM,WWB0110,Bos ,28,/,28,0,5.6,4.8,
4262,WIN 104  01,ELEMENTS OF WINE PROD II,4,W,4:00 PM,WWB0110,Bos ,19,/,20,0,5.1,4.3,
4264,WIN 108  01,WINERY PRODUCTION II,1,Th,6:00 PM,WWB0110,Bos ,19,/,20,0,1.3,1.1,
4266,WIN 122  01,WINE CHEM & MICROBIOLOGY,3,T,6:00 PM,WWB0113,"Watson, B. ",19,/,28,0,3.8,3.4,
4251,WIN 123  01,SENSORY EVALUATION,3,T,6:00 PM,WWB0110,Daigneault ,28,/,28,0,5.6,5.4,
4204,WIN 131  01,INTRO TO WASHINGTON WINE,3,W,10:30 AM,WWB0113,Bos ,10,/,28,0,2,2,
,,,,,,,,,,,,,,
Item,Course ID,Title,CR,Days,Time,Room,Instructor,Enrolled,,,Wait,FTES,,
,,,,,,,,,,,List,TOTAL,STATE,
4252,WIN 133  01,INTRO WINES OF THE WORLD,5,WTh,2:00 PM,WWB0113,Daigneault ,10,/,28,0,3.3,2.3,
4260,WIN 142  01,WINE BUSINESS,3,Th,6:00 PM,WWB0110,Daigneault ,28,/,28,0,5.6,5,
4210,WIN 151  01,INTRO FOOD & WINE PAIRIN,3,W,6:00 PM,WWB0113,DeLong ,20,/,28,0,4,3.2,
4254,WIN 154  01,FOOD&WINE PAIRING-VAR II,3,M,6:00 PM,WWB0113,Rede ,12,/,28,0,2.4,1.8,
4297,WIN 197  DKP,INTERNSHIP,5,Arr,AR:R M,TEC0140,"Park, D. ",4,/,10,0,0.8,0.4,
4206,WIN 298  01,ST: SOM SERV & BEV MGT,3,M,11:00 AM,WWB0110,Darling ,13,/,25,0,2.6,2,
4215,WIN 299  04,Independant Wine Study,5,Arr,AR:R M,WWB0112,Daigneault ,7,/,12,0,1.3,0.5,
4281,WIN 299  01,ST:ADV WORLD WINE FRANCE,3,W,10:00 AM,WWB0110,Daigneault ,34,/,28,0,6.8,4.2,
,,,,,,,,,,,,,,
Clustered Classes:,,,,,,,,,,,,,,
Item,Course ID,Title,CR,Days,Time,Room,Instructor,Enrolled,,,Wait,FTES,,Cluster
,,,,,,,,,,,List,TOTAL,STATE,
9,ART& 100  01,ART APPRECIATION,5,DAILY,10:00 AM,RSB0017A,Lantz ,28,/,30,0,9.3,6.3,0009B233
11,ART 111  01,DRAWING,5,MW,12:00 PM,RSB0017A,Lantz ,21,/,25,0,7,5.3,0011B233
12,ART 112  01,DRAWING,5,MW,12:00 PM,RSB0017A,Lantz ,5,/,25,0,1.7,1.3,0011B233
13,ART 113  01,DRAWING,5,MW,12:00 PM,RSB0017A,Lantz ,1,/,25,0,0.3,0.3,0011B233
14,ART 299  01,SPECIAL PROBLEMS IN ART,5,Arr,AR:R M,TBA,Lantz ,11,/,5,0,1.1,0.2,0011B233
18,ART 201  01,PAINTING,5,TTh,12:00 PM,RSB0017A,Lantz ,17,/,25,0,5.7,3,0018B233
21,ART 205  01,WATER COLOR PAINTING,5,TTh,12:00 PM,RSB0017A,Lantz ,7,/,25,0,2.3,1,0018B233
24,ART 299  02,SPECIAL PROBLEMS IN ART,5,Arr,AR:R M,TBA,Lantz ,9,/,5,0,0.6,0.1,0018B233
27,ART 210  01,COMPUTER ART,5,HYBRID - TTh,12:00 PM,OLY0102,Koutsky ,18,/,25,0,6,4.7,0027B233
9811,ART 214  70,ADVANCED COMPUTER ART,5,Online,-,-,Koutsky ,3,/,25,0,1,1,0027B233
9812,ART 215  70,ADV COMPUTER ART II,5,Online,-,-,Koutsky ,1,/,25,0,0.3,0.3,0027B233
30,ART 299  04,SPECIAL PROBLEMS IN ART,5,HYBRID - Arr,AR:R M,TBA,Koutsky ,4,/,5,0,0.3,0.1,0027B233
,,,,,,,,,,,,,,
Item,Course ID,Title,CR,Days,Time,Room,Instructor,Enrolled,,,Wait,FTES,,Cluster
,,,,,,,,,,,List,TOTAL,STATE,
31,ART 211  01,SCULPTURE,5,MW,11:00 AM,RAH0111,Lobb ,4,/,25,0,1.3,1,0031B233
34,ART 221  01,CERAMICS,5,MW,11:00 AM,RAH0111,Lobb ,9,/,25,0,3,2.3,0031B233
36,ART 223  01,POTTERY/CERAMICS,5,MW,11:00 AM,RAH0111,Lobb ,1,/,25,0,0.3,0.3,0031B233
37,ART 299  05,SPECIAL PROBLEMS IN ART,5,Arr,AR:R M,TBA,Lobb ,2,/,5,0,0.4,0.2,0031B233
46,ENGL&101  07,ENGLISH COMPOSITION I,5,DAILY,2:00 PM,OLY0101,Hickey ,17,/,28,0,5.7,3.7,0046B233
101,MUSC 126  03,BEG. GROUP PIANO 1ST QTR,2,TTh,12:00 PM,RSB0087,Schmidt ,15,/,20,0,2,1.5,0101B233
102,MUSC 127  03,BEG. GROUP PIANO 2ND QTR,2,TTh,12:00 PM,RSB0087,Schmidt ,1,/,20,0,0.1,0.1,0101B233
103,MUSC 128  03,BEG. GROUP PIANO 3RD QTR,2,TTh,12:00 PM,RSB0087,Schmidt ,1,/,20,0,0.1,0.1,0101B233
104,MUSC 221  03,GROUP PIANO 4TH QTR,2,TTh,12:00 PM,RSB0087,Schmidt ,3,/,20,0,0.4,0.3,0101B233
106,MUSC 223  03,GROUP PIANO 6TH QTR,2,TTh,12:00 PM,RSB0087,Schmidt ,1,/,20,0,0.1,0.1,0101B233
129,EDUC 200  02,PEER TUTORING,5,Th,5:00 PM,RSB0012,Tillman ,3,/,25,0,0.5,0.5,0129B233
868,MATH 089  01,INDEPENDENT STUDY,2,Arr,AR:R M,RSB0012,Tillman ,6,/,25,0,0.8,0.7,0129B233
879,MATH 090  01,MATHEMATICAL MODULES,2,Arr,: M,ARR,Tillman ,2,/,25,0,0.3,0.3,0129B233
869,MATH 198  01,MATHEMATICS WORKSHOP,2,Arr,AR:R M,RSB0012,Tillman ,11,/,25,0,1.4,1.4,0129B233
136,MUSC 140  01,COLLEGE CHOIR,5,MWTh,12:00 PM,RSB0080,Herd ,11,/,40,0,3.7,2.3,0136B233
137,MUSC 140  02,COLLEGE CHOIR,3,MW,12:00 PM,RSB0080,Herd ,5,/,10,0,1,0.6,0136B233
140,MUSC 117  01,ROCK MUSIC II,5,DAILY,11:00 AM,RSB0080,Schmidt ,22,/,35,0,7.3,5.7,0140B233
141,MUSC 119  01,BEG. GROUP INST: VOICE,2,TThF,11:00 AM,RSB0082,Herd ,13,/,35,0,1.7,1.1,0141B233
142,MUSC 120  01,INT. GROUP INST: VOICE,2,TThF,11:00 AM,RSB0082,Herd ,2,/,35,0,0.3,0.1,0141B233
143,MUSC 126  02,BEG. GROUP PIANO 1ST QTR,2,MWF,11:00 AM,RSB0087,Kincaid ,16,/,20,0,2.1,1.7,0143B233
,,,,,,,,,,,,,,
Item,Course ID,Title,CR,Days,Time,Room,Instructor,Enrolled,,,Wait,FTES,,Cluster
,,,,,,,,,,,List,TOTAL,STATE,
144,MUSC 127  02,BEG. GROUP PIANO 2ND QTR,2,MWF,11:00 AM,RSB0087,Kincaid ,4,/,20,0,0.5,0.4,0143B233
146,MUSC 221  02,GROUP PIANO 4TH QTR,2,MWF,11:00 AM,RSB0087,Kincaid ,1,/,20,0,0.1,0.1,0143B233
149,MUSC 109  01,WORLD BEAT,5,DAILY,9:00 AM,RSB0080,Schmidt ,21,/,35,0,7,6.3,0149B233
166,MUSC 140  03,COLLEGE CHOIR,5,DAILY,10:00 AM,RSB0080,Herd ,30,/,40,0,10,6.7,0166B233
167,MUSC 140  04,COLLEGE CHOIR,3,MWF,10:00 AM,RSB0080,Herd ,8,/,10,0,1.6,1.6,0166B233
176,MUSC 126  01,BEG. GROUP PIANO 1ST QTR,2,MWF,10:00 AM,RSB0087,Schmidt ,13,/,20,0,1.7,1.3,0176B233
177,MUSC 127  01,BEG. GROUP PIANO 2ND QTR,2,MWF,10:00 AM,RSB0087,Schmidt ,3,/,20,0,0.4,0.3,0176B233
181,MUSC 223  01,GROUP PIANO 6TH QTR,2,MWF,10:00 AM,RSB0087,Schmidt ,1,/,20,0,0.1,0.1,0176B233
252,PEC 110  01,AEROBICS,2,TTh,9:00 AM,MPB0005,Delapena ,16,/,25,0,2.1,1.3,0252B233
254,PEC 165  01,BODY CONDITIONING,2,TTh,10:00 AM,MPB0005,Delapena ,15,/,25,0,2,1.6,0254B233
256,PEC 136  01,YOGA,2,T,12:00 PM,MPB0005,Dormaier ,18,/,25,0,2.4,2,0256B233
257,PEC 299  03,INDEPENDENT STUDY,5,Arr,AR:R M,TBA,Dormaier ,2,/,5,0,0,0,0256B233
258,PEC 136  25,YOGA,2,T,6:00 PM,MPB0005,Dormaier ,25,/,25,0,3.3,1.1,0258B233
259,PEC 299  25,INDEPENDENT STUDY,5,Arr,AR:R M,TBA,Dormaier ,7,/,5,0,0,0,0258B233
260,PEC 150  01,PHYSICAL FITNESS,3,MWF,9:00 AM,MPB,Boehm ,7,/,25,0,1.4,0.8,0260B233
261,PEC 151  01,PHYSICAL FITNESS,3,MWF,9:00 AM,MPB,Boehm ,1,/,25,0,0.2,0.2,0260B233
262,PEC 150  02,PHYSICAL FITNESS,3,MWF,10:00 AM,MPB,Boehm ,7,/,25,0,1.4,1,0262B233
263,PEC 151  02,PHYSICAL FITNESS,3,MWF,10:00 AM,MPB,Boehm ,4,/,25,0,0.8,0.4,0262B233
268,PEC 136  02,YOGA,2,W,12:00 PM,MPB0005,Dormaier ,18,/,25,0,2.4,1.3,0268B233
346,HEA 125  01,HEALTH AND WELLNESS,5,DAILY,11:00 AM,UNI0203,Kapp ,30,/,35,0,10,5.7,0346B233
,,,,,,,,,,,,,,
Item,Course ID,Title,CR,Days,Time,Room,Instructor,Enrolled,,,Wait,FTES,,Cluster
,,,,,,,,,,,List,TOTAL,STATE,
353,CHEM&121  02,INTRO TO CHEMISTRY,5,MTThF,10:00 AM,OLY0304,Pal ,22,/,27,0,7.3,5.3,0353B233
397,NTR 150  01,HUMAN NUTRITION,5,DAILY,8:00 AM,UNI0203,Kapp ,24,/,35,0,8,6.3,0397B233
410,PHYS&115  01,GENERAL PHYS II W/LAB,5,DAILY,7:50 AM,OLY0200,Rogers ,18,/,24,0,6,6,0410B233
416,PHYS&115  25,GENERAL PHYSICS II,5,MW,6:00 PM,OLY0200,Hsieh ,10,/,25,0,3.3,3.3,0416B233
496,HIST&147  02,US HISTORY II,5,DAILY,12:00 PM,RAH0210,Thompson ,21,/,30,0,7,4.7,0496B233
516,PHIL&106  01,INTRO TO LOGIC,5,DAILY,12:00 PM,UNI0200,Pierce ,22,/,30,0,7.3,7,0516B233
531,POLS&203  01,INTERNATIONAL RELATIONS,5,DAILY,9:00 AM,RAH0214,Othman ,38,/,35,0,12.7,9,0531B233
532,POLS&202  01,AMERICAN GOVERNMENT,5,DAILY,11:00 AM,RAH0214,Othman ,28,/,35,0,9.3,5.3,0532B233
533,POLS&202  02,AMERICAN GOVERNMENT,5,DAILY,12:00 PM,RAH0214,Othman ,16,/,35,0,5.3,2.7,0533B233
562,PSYC 245  01,SOCIAL PSYCHOLOGY,5,DAILY,9:00 AM,OLY0105,Rice ,22,/,35,0,7.3,6.3,0562B233
563,SOC 245  01,SOCIAL PSYCHOLOGY,5,DAILY,9:00 AM,OLY0105,Rice ,10,/,35,0,3.3,3,0562B233
610,ART 210  77,COMPUTER ART,5,HYBRID - T,6:00 PM,OLY0102,Koutsky ,6,/,25,0,2,1.3,0610B233
9810,ART 210  70,COMPUTER ART,5,Online,-,-,Koutsky ,22,/,25,0,7.3,5.3,0610B233
612,ART 215  77,ADV COMPUTER ART II,5,HYBRID - T,6:00 PM,OLY0102,Koutsky ,1,/,25,0,0.3,0,0610B233
615,ART 211  25,SCULPTURE,5,MW,6:00 PM,RAH0111,Lobb ,5,/,25,0,1.7,0.3,0615B233
618,ART 221  25,CERAMICS,5,MW,6:00 PM,RAH0111,Lobb ,8,/,25,0,2.7,1.3,0615B233
621,ART 299  25,SPECIAL PROBLEMS IN ART,5,Arr,AR:R M,TBA,Lobb ,1,/,5,0,0,0,0615B233
652,MUSC 126  25,BEG. GROUP PIANO 1ST QTR,2,T,6:30 PM,RSB0087,Kincaid ,13,/,20,0,1.7,1.5,0652B233
653,MUSC 127  25,BEG. GROUP PIANO 2ND QTR,2,T,6:30 PM,RSB0087,Kincaid ,3,/,20,0,0.4,0.4,0652B233
654,MUSC 128  25,BEG. GROUP PIANO 3RD QTR,2,T,6:30 PM,RSB0087,Kincaid ,2,/,20,0,0.3,0.3,0652B233
,,,,,,,,,,,,,,
Item,Course ID,Title,CR,Days,Time,Room,Instructor,Enrolled,,,Wait,FTES,,Cluster
,,,,,,,,,,,List,TOTAL,STATE,
657,MUSC 223  25,GROUP PIANO 6TH QTR,2,T,6:30 PM,RSB0087,Kincaid ,1,/,20,0,0.1,0,0652B233
724,UGR 214  01,INTRO TO SCIENTIFIC RSCH,5,HYBRID - Th,1:30 PM,OLY0307,Ashcraft ,3,/,27,0,0.5,0.3,0724B233
725,UGR 294  01,INDEPENDENT RESEARCH,2,HYBRID - Arr,: M,ARR,Ashcraft ,2,/,5,0,0.3,0.3,0724B233
781,BUS 210  25,BUS & ECONOMIC STATISTIC,5,TTh,6:00 PM,UNI0100,Dorman ,2,/,35,0,0.7,0.3,0781B233
223,MATH&146  25,INTRODUCTION TO STATS,5,TTh,6:00 PM,UNI0100,Dorman ,22,/,35,0,7.3,6.7,0781B233
823,ENGL 100  02,CRITICAL LITERACY COL WR,5,MWF,12:00 PM,OLY0103,Whitham ,13,/,20,0,4.3,4,0823B233
831,ENGL 081  01,ENGLISH SKILLS SHOP,5,DAILY,8:00 AM,LIB0205,Mirabella ,1,/,25,0,0.3,0.3,0830B233
832,ENGL 082  01,ENGLISH SKILLS SHOP,5,DAILY,8:00 AM,LIB0205,Mirabella ,6,/,25,0,1.8,1.8,0830B233
833,ENGL 084  01,SPELLING & VOCABULARY,5,DAILY,8:00 AM,LIB0205,Mirabella ,1,/,25,0,0.3,0.3,0830B233
834,ENGL 086  01,GRAMMAR & PUNCTUATION I,5,DAILY,9:00 AM,RAH0217,Mirabella ,5,/,25,0,1.7,1.7,0834B233
804,ENGL 094  01,COLLEGE PREP WRITING III,5,DAILY,9:00 AM,RAH0217,Mirabella ,12,/,25,0,4,3.7,0834B233
846,ENGL 081  25,ENGLISH SKILLS SHOP,5,TTh,6:00 PM,LIB0205,"Steinke, E. ",1,/,25,0,0.3,0.3,0846B233
847,ENGL 086  25,GRAMMAR & PUNCTUATION I,5,TTh,6:00 PM,LIB0205,"Steinke, E. ",2,/,25,0,0.7,0.7,0846B233
825,ENGL 094  25,WRITING IMPROVEMENT II,5,TTh,6:00 PM,LIB0205,"Steinke, E. ",1,/,25,0,0.3,0.3,0846B233
849,ENGL 095  25,COLL PREP READ STUDY III,5,TTh,6:00 PM,LIB0205,"Steinke, E. ",3,/,25,0,1,1,0846B233
826,ENGL 096  25,COLLEGE PREP WRITING III,5,TTh,6:00 PM,LIB0205,"Steinke, E. ",9,/,25,0,3,3,0846B233
820,ENGL 098  25,COLLEGE PREP WRITING IV,5,TTh,6:00 PM,LIB0205,"Steinke, E. ",4,/,25,0,1.3,1,0846B233
855,MATH 084  03,ALGEBRA I,5,DAILY,11:00 AM,RAH0313,Simmons ,25,/,30,0,8.3,8.3,0855B233
858,MATH 085  03,ALGEBRA II,5,DAILY,11:00 AM,RAH0309,Downs ,17,/,30,0,5.7,5,0858B233
865,MATH 098  01,INTERMEDIATE ALGEBRA,5,DAILY,9:00 AM,UNI0203,"Lyman, H. ",34,/,35,0,11.3,10.7,0865B233
,,,,,,,,,,,,,,
Item,Course ID,Title,CR,Days,Time,Room,Instructor,Enrolled,,,Wait,FTES,,Cluster
,,,,,,,,,,,List,TOTAL,STATE,
870,MATH 083  81,ARITHMETIC,5,DAILY,10:00 AM,LIB0215,Simmons ,11,/,25,0,3.7,3.7,0914B233
871,MATH 084  81,ALGEBRA I,5,DAILY,10:00 AM,LIB0215,Simmons ,5,/,25,0,1.7,1.7,0914B233
872,MATH 085  81,ALGEBRA II,5,DAILY,10:00 AM,LIB0215,Simmons ,4,/,25,0,1.3,1.3,0914B233
886,MATH 098  81,INTERMEDIATE ALGEBRA,5,DAILY,10:00 AM,LIB0215,Simmons ,3,/,25,0,1,1,0914B233
915,MATH 081  02,BASIC MATH SKILLS,5,DAILY,12:00 PM,LIB0215,Downs ,19,/,25,0,6.3,5.7,0915B233
910,MATH 083  81,ARITHMETIC,5,DAILY,12:00 PM,LIB0215,Downs ,1,/,25,0,0.3,0.3,0915B233
911,MATH 084  81,ALGEBRA I,5,DAILY,12:00 PM,LIB0215,Downs ,1,/,25,0,0.3,0.3,0915B233
912,MATH 085  81,ALGEBRA II,5,DAILY,12:00 PM,LIB0215,Downs ,3,/,25,0,1,1,0915B233
970,MATH 081  99,BASIC MATH SKILLS,5,Sa,8:00 AM,LIB0215,Torres ,12,/,25,0,4,3.7,0970B233
933,MATH 083  99,ARITHMETIC,5,Sa,8:00 AM,LIB0215,Torres ,2,/,25,0,0.7,0.7,0970B233
934,MATH 084  99,ALGEBRA I,5,Sa,8:00 AM,LIB0215,Torres ,4,/,25,0,1.3,1.3,0970B233
935,MATH 085  99,ALGEBRA II,5,Sa,8:00 AM,LIB0215,Torres ,4,/,25,0,1.3,1,0970B233
936,MATH 098  99,INTERMEDIATE ALGEBRA,5,Sa,8:00 AM,LIB0215,Torres ,3,/,25,0,1,1,0970B233
971,MATH 081  25,BASIC MATH SKILLS,5,MW,6:00 PM,LIB0215,Dorman ,14,/,25,0,4.7,4.3,0971B233
916,MATH 083  25,ARITHMETIC,5,MW,6:00 PM,LIB0215,Dorman ,5,/,25,0,1.7,1.7,0971B233
917,MATH 084  25,ALGEBRA I,5,MW,6:00 PM,LIB0215,Dorman ,2,/,25,0,0.7,0.7,0971B233
919,MATH 098  25,INTERMEDIATE ALGEBRA,5,MW,6:00 PM,LIB0215,Dorman ,4,/,25,0,1.3,1.3,0971B233
1101,ESL 011  01,ESL - LEVEL 1A,12,MTWTh,8:00 AM,CAS0110,"Stofer, A ",3,/,25,0,2.4,2.4,1101B233
1103,ESL 012  01,ESL - LEVEL 1B,12,MTWTh,8:00 AM,CAS0110,"Stofer, A ",9,/,25,0,7.2,7.2,1101B233
1107,ESL 013  02,ESL - LEVEL 1C,12,MTWTh,8:00 AM,CAS0110,"Stofer, A ",5,/,25,0,2.7,2.7,1101B233
,,,,,,,,,,,,,,
Item,Course ID,Title,CR,Days,Time,Room,Instructor,Enrolled,,,Wait,FTES,,Cluster
,,,,,,,,,,,List,TOTAL,STATE,
1106,ESL 013  01,ESL - LEVEL 1C,12,MTWTh,8:00 AM,CAS0220,Morote ,10,/,27,0,7.7,7.7,1106B233
1109,ESL 021  01,ESL - LEVEL 2A,12,MTWTh,8:00 AM,CAS0220,Morote ,12,/,27,0,9.4,9.4,1106B233
1110,ESL 021  02,ESL - LEVEL 2A,12,MTWTh,8:00 AM,RAH0309,"Harder, M. ",4,/,30,0,3.2,3.2,1112B233
1112,ESL 022  01,ESL - LEVEL 2B,12,MTWTh,8:00 AM,RAH0309,"Harder, M. ",14,/,30,0,11.2,10.4,1112B233
1122,ESL 032  02,ESL - LEVEL 3B,12,MTWTh,8:00 AM,AUT0134,"Stern, C. ",11,/,30,0,8.4,8.4,1122B233
1125,ESL 041  02,ESL - LEVEL 4A,12,MTWTh,8:00 AM,AUT0134,"Stern, C. ",10,/,30,0,7.7,7.7,1122B233
1130,ESL 051  01,ESL - LEVEL 5A,12,MTWTh,8:00 AM,RAH0312,"French, A ",23,/,31,0,17.9,17.9,1130B233
1132,ESL 052  01,ESL - LEVEL 5B,12,MTWTh,8:00 AM,RAH0312,"French, A ",8,/,31,0,6.4,6.4,1130B233
1151,ESL 011  25,ESL - LEVEL 1A,12,MTWTh,6:00 PM,CAS0110,Ferguson ,9,/,25,0,7.2,7.2,1151B233
1153,ESL 012  25,ESL - LEVEL 1B,12,MTWTh,6:00 PM,CAS0110,Ferguson ,12,/,25,0,9,9,1151B233
1156,ESL 013  25,ESL - LEVEL 1C,12,MTWTh,6:00 PM,CAS0212,"Mearls, J ",11,/,28,0,8.4,8.4,1156B233
1159,ESL 021  25,ESL - LEVEL 2A,12,MTWTh,6:00 PM,CAS0212,"Mearls, J ",14,/,28,0,10.7,11.5,1156B233
1160,ESL 021  25,ESL - LEVEL 2A,12,MTWTh,6:00 PM,CAS0210,Ioselovich ,10,/,26,0,8,8,1162B233
1162,ESL 022  25,ESL - LEVEL 2B,12,MTWTh,6:00 PM,CAS0210,Ioselovich ,17,/,26,0,13,13,1162B233
1175,ESL 041  26,ESL - LEVEL 4A,12,MTWTh,6:00 PM,CAS0202,"Collins, D. ",7,/,30,0,5.3,5.3,1177B233
1177,ESL 042  25,ESL - LEVEL 4B,12,MTWTh,6:00 PM,CAS0202,"Collins, D. ",16,/,30,0,12.7,12.7,1177B233
1178,ESL 042  25,ESL - LEVEL 4B,12,MTWTh,6:00 PM,RSB0016,"Rathbun, K. ",2,/,30,0,1.6,1.6,1180B233
1180,ESL 051  25,ESL - LEVEL 5A,12,MTWTh,6:00 PM,RSB0016,"Rathbun, K. ",7,/,30,0,5.3,5.3,1180B233
1182,ESL 052  25,ESL - LEVEL 5B,12,MTWTh,6:00 PM,RSB0016,"Rathbun, K. ",6,/,30,0,4.8,4.8,1180B233
1224,ESL 035  01,ESL FOCUS ON WRITING 3,4,MTWTh,11:00 AM,CAS0202,Sun ,24,/,30,0,6.4,6.4,1224B233
,,,,,,,,,,,,,,
Item,Course ID,Title,CR,Days,Time,Room,Instructor,Enrolled,,,Wait,FTES,,Cluster
,,,,,,,,,,,List,TOTAL,STATE,
1226,ESL 045  01,ESL FOCUS ON WRITING 4A,4,MTWTh,11:00 AM,CAS0202,Sun ,13,/,30,0,3.5,3.5,1224B233
1227,ESL 045  02,ESL FOCUS ON WRITING 4B,4,MTWTh,11:00 AM,CAS0201,Williams A ,10,/,30,0,2.7,2.7,1227B233
1228,ESL 055  01,ESL FOCUS ON WRITING 5,4,MTWTh,11:00 AM,CAS0201,Williams A ,12,/,30,0,3.2,3.2,1227B233
1272,ESL 026  01,ESL SPEAK/LISTEN/PRON 2,4,MTWTh,11:00 AM,CAS0210,Bissonnette ,15,/,30,0,4,4,1272B233
1273,ESL 036  01,ESL SPEAK/LISTEN/PRON 3,4,MTWTh,11:00 AM,CAS0210,Bissonnette ,19,/,30,0,5.1,5.1,1272B233
1274,ESL 036  02,ESL SPEAK/LISTEN LEV 3,4,MTWTh,12:00 PM,CAS0202,"Farrelly, B ",5,/,30,0,1.3,1.3,1274B233
1275,ESL 046  01,ESL SPEAK/LISTEN/PRON 4,4,MTWTh,12:00 PM,CAS0202,"Farrelly, B ",13,/,30,0,3.5,3.5,1274B233
1277,ESL 056  01,ESL SPEAK/LISTEN/PRON 5,4,MTWTh,12:00 PM,CAS0202,"Farrelly, B ",12,/,30,0,3.2,3.2,1274B233
1401,ABE 031  01,ABE LEVEL 3 MATH,6,MTWTh,9:00 AM,CAS0312,"Lemley, J. ",14,/,35,0,5.6,5.6,1401B233
1402,ABE 041  01,ABE LEVEL 4 MATH,6,MTWTh,9:00 AM,CAS0312,"Lemley, J. ",4,/,35,0,1.6,1.6,1401B233
1405,ABE 032  01,ABE LEVEL 3 COMM,6,MTWTh,10:35 AM,CAS0312,"Lemley, J. ",15,/,35,0,6,6,1405B233
1406,ABE 042  01,ABE LEVEL 4 COMM,6,MTWTh,10:35 AM,CAS0312,"Lemley, J. ",11,/,35,0,4.4,4.4,1405B233
1424,ABE 031  25,ABE LEVEL 3 MATH,6,MW,6:00 PM,CAS0312,McDonough ,15,/,30,0,6,6,1424B233
1425,ABE 041  25,ABE LEVEL 4 MATH,6,MW,6:00 PM,CAS0312,McDonough ,1,/,30,0,0.4,0.4,1424B233
1427,ABE 061  25,ABE VI MATH,6,MW,6:00 PM,CAS0320,"Abeyta,A. ",6,/,35,0,2.4,2.4,1426B233
1426,GED 051  25,BASIC GED PREP MATH 5,6,MW,6:00 PM,CAS0320,"Abeyta,A. ",23,/,35,0,9.2,9.2,1426B233
1428,ABE 032  25,ABE LEVEL 3 COMM,6,TTh,6:00 PM,CAS0312,McDonough ,10,/,30,0,4,4,1428B233
1429,ABE 042  25,ABE LVL 4 COMM SKILLS,6,TTh,6:00 PM,CAS0312,McDonough ,11,/,30,0,4.4,4.4,1428B233
1431,ABE 062  25,ABE COMM.VI,6,TTh,6:00 PM,CAS0320,Harness ,6,/,30,0,2.4,2.4,1430B233
1430,GED 052  25,BASIC GED PREP COMM 5,6,TTh,6:00 PM,CAS0320,Harness ,17,/,30,0,6.8,6.8,1430B233
,,,,,,,,,,,,,,
Item,Course ID,Title,CR,Days,Time,Room,Instructor,Enrolled,,,Wait,FTES,,Cluster
,,,,,,,,,,,List,TOTAL,STATE,
1435,ABE 031  50,ABE LEVEL 3 MATH,4,MTWTh,9:00 AM,NEH0205,"Kindzia, B. ",10,/,25,0,2.5,2.5,1435B233
1436,ABE 041  50,ABE LEVEL 4 MATH,4,MTWTh,9:00 AM,NEH0205,"Kindzia, B. ",13,/,25,0,3.5,3.5,1435B233
1437,GED 051  50,BASIC GED PREP MATH 5,4,MTWTh,9:00 AM,NEH0205,"Kindzia, B. ",4,/,25,0,1.1,1.1,1435B233
1438,ABE 032  50,ABE LEVEL 3 COMM,8,MTWTh,10:00 AM,NEH0205,"Kindzia, B. ",6,/,25,0,3.2,3.2,1438B233
1439,ABE 042  50,ABE LEVEL 4 COMM SKILLS,8,MTWTh,10:00 AM,NEH0205,"Kindzia, B. ",4,/,25,0,2.1,2.1,1438B233
1442,ABE 062  50,ABE COMM. VI,8,MTWTh,10:00 AM,NEH0205,"Kindzia, B. ",1,/,25,0,0.5,0.5,1438B233
1440,GED 052  50,BASIC GED PREP COMM 5,8,MTWTh,10:00 AM,NEH0205,"Kindzia, B. ",16,/,25,0,8.5,8.5,1438B233
2310,AUT 138  01,ADV DRIVABILITY FUEL SYS,6,DAILY,7:00 AM,AUT0106,"Andersen, H ",21,/,20,0,8.4,8.4,2310B233
2311,AUT 140  01,ENGINE COMPUTERS,4,DAILY,7:00 AM,AUT0106,"Andersen, H ",21,/,20,0,5.6,5.6,2310B233
2312,AUT 142  01,EMISSION CNTRL/DIAGNOSTI,6,DAILY,7:00 AM,AUT0106,"Andersen, H ",21,/,20,0,8.4,8.4,2310B233
2320,AUT 122  01,STEERING & SUSPENSION,4,DAILY,7:00 AM,AUT0129,Amesquita ,9,/,20,0,2.4,2.4,2320B233
2321,AUT 124  01,TIRES & WHEEL ALIGNMENT,4,DAILY,7:00 AM,AUT0129,Amesquita ,9,/,20,0,2.4,2.4,2320B233
2322,AUT 126  01,BASIC BRAKE SYSTEMS,3,DAILY,7:00 AM,AUT0129,Amesquita ,9,/,20,0,1.8,1.8,2320B233
2323,AUT 127  01,ADVANCED BRAKE SYSTEMS,4,DAILY,7:00 AM,AUT0129,Amesquita ,9,/,20,0,2.4,2.4,2320B233
2332,AUT 100  01,INTRO TO ELECTRICITY,4,DAILY,12:30 PM,AUT0129,Amesquita ,19,/,20,0,5.1,4.8,2330B233
2333,AUT 134  01,INTRO TO DRIVEABILITY,3,DAILY,12:30 PM,AUT0129,Amesquita ,19,/,20,0,3.8,3.6,2330B233
2330,MVM 100  01,INTRO TO AUTO TECH I,4,DAILY,12:30 PM,AUT0129,Hughes Brian,20,/,20,0,5.3,5.1,2330B233
2331,MVM 102  01,INTRO TO AUTO TECH II,4,DAILY,12:30 PM,AUT0129,Hughes Brian,19,/,20,0,5.1,4.8,2330B233
2340,AUT 128  01,AUTO ENGINE DIAG REMOVE,4,DAILY,7:00 AM,AUT0128,Hughes Brian,20,/,20,0,5.3,5.3,2340B233
2341,AUT 130  01,AUTOMOTIVE ENGINE REBUIL,8,DAILY,7:00 AM,AUT0128,Hughes Brian,20,/,20,0,10.7,10.7,2340B233
,,,,,,,,,,,,,,
Item,Course ID,Title,CR,Days,Time,Room,Instructor,Enrolled,,,Wait,FTES,,Cluster
,,,,,,,,,,,List,TOTAL,STATE,
2342,AUT 132  01,AUTOMOTIVE WELDING,3,DAILY,7:00 AM,AUT0128,Hughes Brian,20,/,20,0,4,4,2340B233
2910,AMT 214  02,AIRFRAME SYSTEMS,17,DAILY,2:00 PM,RAH0119,"Hadley, M. ",14,/,25,0,15.9,15.9,2910B233
2916,AMT 133  02,POWERPLANT THEORY & MAIN,17,DAILY,2:00 PM,AMT0206,Amaratunge ,21,/,25,0,23.8,18.1,2916B233
2921,AMT 235  01,ADVANCED POWERPLANT,17,DAILY,7:00 AM,AMT,Prociv ,23,/,25,0,26.1,26.1,2921B233
3120,BMK 101  01,BMK BASIC I,6,MW,4:00 PM,DWB0122,"Bosco, J ",3,/,5,0,1.2,1.2,3120B233
3121,BMK 102  01,BOILER MAKERS BASIC II,6,MW,4:00 PM,DWB0122,"Bosco, J ",2,/,5,0,0.8,0.8,3120B233
3124,BMK 105  01,BMK ADV. I,6,MW,4:00 PM,DWB0122,"Bosco, J ",2,/,5,0,0.8,0.8,3120B233
3125,BMK 106  01,BMK ADV. II,6,MW,4:00 PM,DWB0122,"Bosco, J ",1,/,5,0,0.4,0.4,3120B233
3127,BMK 108  01,BMK WELDING INTER.,6,MW,4:00 PM,DWB0122,"Gosser, F ",1,/,5,0,0.4,0.4,3120B233
3156,WAR 177  01,GLAZIERS WELDING,5,Th,5:30 PM,DWB0122,"Gosser, F ",3,/,5,0,1,1,3156B233
3157,WAR 177  01,GLAZIERS WELDING JOURNEY,5,Th,5:30 PM,DWB0122,"Gosser, F ",1,/,5,0,0.3,0.3,3156B233
3255,EAR 163  16,PSE 1ST YR METER,4,T,5:00 PM,OFFD001,"Miller, Jame",2,/,10,0,0.5,0.5,3255B233
3256,EAR 163  17,SNOPUD 1ST YR METER,4,T,5:00 PM,OFFD001,"Miller, Jame",2,/,10,0,0.5,0.5,3255B233
3257,EAR 163  18,PSE 3RD WIRE APPRENTICES,4,Th,5:00 PM,OFFD001,Amundson ,2,/,10,0,0.5,0.5,3257B233
3258,EAR 163  19,SNOPUD 4TH WIRE APPREN,4,Th,5:00 PM,OFFD001,Amundson ,2,/,10,0,0.5,0.5,3257B233
3281,MAR 151  02,SPRINKLER FITTERS 5TH YR,5,TTh,5:00 PM,GTB0118,"Fowler, C ",17,/,18,0,5.7,5.7,3281B233
3280,MAR 151  01,SPRINKLER FITTERS 3RD YR,5,TTh,5:00 PM,GTB0118,"Brooks, C ",6,/,7,0,2,2,3281B233
3351,IFS 100  02,IFS/CPR/AED FT INSTRUCT,1,TW,5:00 PM,DWA0112,Nickell ,3,/,10,0,0.2,0.2,3350B233
3350,IFS 105  01,IFS / CPR / AED,1,TW,5:00 PM,DWB0102,Nickell ,6,/,10,0,0.4,0.4,3350B233
3801,ESL 011  50,ESL - LEVEL 1A,12,MTWTh,9:00 AM,NEH0206,"Johnston, L ",10,/,22,0,8,8,3801B233
,,,,,,,,,,,,,,
Item,Course ID,Title,CR,Days,Time,Room,Instructor,Enrolled,,,Wait,FTES,,Cluster
,,,,,,,,,,,List,TOTAL,STATE,
3803,ESL 012  50,ESL - LEVEL 1B,12,MTWTh,9:00 AM,NEH0206,"Johnston, L ",13,/,22,0,10.1,10.1,3801B233
3805,ESL 013  50,ESL - LEVEL 1C,12,MTWTh,9:00 AM,NEH0204,Bellows-Roch,14,/,31,0,10.6,10.6,3805B233
3807,ESL 021  50,ESL - LEVEL 2A,12,MTWTh,9:00 AM,NEH0204,Bellows-Roch,15,/,31,0,12,12,3805B233
3809,ESL 022  50,ESL - LEVEL 2B,12,MTWTh,9:00 AM,NEH0203,"Newman, S. ",9,/,30,0,7.2,7.2,3809B233
3811,ESL 023  50,ESL - LEVEL 2C,12,MTWTh,9:00 AM,NEH0203,"Newman, S. ",17,/,30,0,13.6,13.6,3809B233
3813,ESL 031  50,ESL - LEVEL 3A,12,MTWTh,9:00 AM,NEH0202,"Clark, E. S.",16,/,28,0,12.8,12.8,3813B233
3815,ESL 032  50,ESL - LEVEL 3B,12,MTWTh,9:00 AM,NEH0202,"Clark, E. S.",9,/,28,0,7.2,7.2,3813B233
3830,ESL 027  50,COMPUTER SKILLS ESL 2,2,WTh,12:00 PM,NEH0207,Albright N. ,13,/,28,0,1.7,1.7,3830B233
3831,ESL 037  50,COMPUTER SKILLS ESL 3,2,WTh,12:00 PM,NEH0207,Albright N. ,8,/,28,0,1.1,1.1,3830B233
3833,ESL 026  50,ESL SPEAK/LISTEN/PRON 2,2,MT,12:00 PM,NEH0205,"Miller, T. ",10,/,24,0,1.3,1.3,3833B233
3834,ESL 036  50,ESL SPEAK/LISTEN LEV 3,2,MT,12:00 PM,NEH0205,"Miller, T. ",14,/,24,0,1.9,1.9,3833B233
3840,ESL 011  55,ESL LIT - LEVEL 1A,12,MTWTh,6:00 PM,NEH0206,Fujimoto ,6,/,22,0,4.8,4.8,3840B233
3842,ESL 012  55,ESL LIT - LEVEL 1B,12,MTWTh,6:00 PM,NEH0206,Fujimoto ,10,/,22,0,7.4,7.4,3840B233
3844,ESL 013  55,ESL - LEVEL 1C,12,MTWTh,6:00 PM,NEH0205,Johnson J. ,9,/,26,0,7.2,7.2,3844B233
3846,ESL 021  55,ESL - LEVEL 2A,12,MTWTh,6:00 PM,NEH0205,Johnson J. ,12,/,26,0,9.6,9.6,3844B233
3848,ESL 022  55,ESL - LEVEL 2B,12,MTWTh,6:00 PM,NEH0203,Dang J. T. ,17,/,30,0,13.6,13.6,3848B233
3850,ESL 023  55,ESL - LEVEL 2C,12,MTWTh,6:00 PM,NEH0203,Dang J. T. ,6,/,30,0,4.8,4.8,3848B233
3852,ESL 031  55,ESL - LEVEL 3A,12,MTWTh,6:00 PM,NEH0204,Buschhoff ,19,/,30,0,15.2,15.2,3852B233
3854,ESL 032  55,ESL - LEVEL 3B,12,MTWTh,6:00 PM,NEH0204,Buschhoff ,9,/,30,0,7.2,7.2,3852B233
3877,ESL 020  61,ESL 2,12,MTWTh,6:00 PM,GTNB116,Bart ,15,/,40,0,11.7,11.7,3877B233
,,,,,,,,,,,,,,
Item,Course ID,Title,CR,Days,Time,Room,Instructor,Enrolled,,,Wait,FTES,,Cluster
,,,,,,,,,,,List,TOTAL,STATE,
3878,ESL 030  60,ESL 3,12,MTWTh,6:00 PM,GTNB116,Bart ,13,/,40,0,10.4,10.4,3877B233
3879,ESL 040  60,ESL 4,12,MTWTh,6:00 PM,GTNB116,Bart ,5,/,40,0,4,4,3877B233
7903,ENGL 103  04,TRANSITIONAL ENGLISH,5,HYBRID - DAILY,2:00 PM,OLY0104,Bourret ,1,/,24,0,0.3,0.3,4139B233
7913,ENGL 105  04,APPLIED COMPOSITION,3,HYBRID - MTTh,2:00 PM,OLY0104,Bourret ,17,/,24,0,3.4,3.2,4139B233
4139,ENGL 105  10,APPLIED COMPOSITION,3,HYBRID - MTTh,2:00 PM,OLY0104,Bourret ,1,/,30,0,0.2,0.2,4139B233
7933,ICT 103  04,COMPUTER APPLICATIONS I,2,HYBRID - WF,2:00 PM,OLY0104,Bourret ,15,/,24,0,2,2,4139B233
4730,LHO 152  01,SOILS,3,W,5:00 PM,LHO0003,Skamser ,19,/,50,0,3.8,3.4,4730B233
4729,LHO 160  01,GARDEN RENOVATION,3,Arr,AR:R M,LHO0001,Skamser ,2,/,1,0,0.4,0.4,4730B233
5105,CTN 120  01,DATABASES I,5,MWF,10:00 AM,TEC0133C,"Koepke, C. ",7,/,24,0,2.3,2.3,5105B233
9905,CTN 120  70,DATABASES I,5,Online,-,-,"Koepke, C. ",8,/,24,0,2.7,2.7,5105B233
9925,CTN 160  70,WEB PRODUCTION I,5,Online,-,-,Joubert ,8,/,24,0,2.7,2.7,5120B233
5120,CTN 160  01,WEB PRODUCTION I,5,MWF,8:00 AM,TEC0118,Joubert ,11,/,24,0,3.7,3.3,5120B233
5901,TDR 123  01,DRAFTING TECHNOLOGY II,4,MWF,9:00 AM,CAS0300B,Nguyen Loc H,6,/,20,0,1.6,1.3,5900B233
5920,TDR 131  01,INTRODUCTION TO CAD 2-D,4,TTh,9:00 AM,CAS0300A,Nguyen Loc H,8,/,20,0,2.1,1.9,5900B233
5904,TDR 133  01,INTERMEDIATE CAD 2-D,4,TTh,9:00 AM,CAS0300A,Nguyen Loc H,9,/,20,0,2.4,2.1,5900B233
5905,TDR 179  01,CAD - MECHANICAL,4,MWF,9:00 AM,CAS0300A,Nguyen Loc H,2,/,20,0,0.5,0.5,5900B233
5903,TDR 228  01,CAD SHEET METAL/HVAC,4,MWF,9:00 AM,CAS0300A,Nguyen Loc H,5,/,20,0,1.3,1.3,5900B233
5922,TDR 230  01,BASIC CAD - 3D,4,TTh,9:00 AM,CAS0300A,Nguyen Loc H,2,/,20,0,0.5,0.5,5900B233
5910,TDR 126  01,SPACE GEOMETRY,4,MW,1:00 PM,CAS0300B,Nguyen Loc H,8,/,20,0,2.1,1.9,5910B233
5931,TDR 129  01,INDUSTRIAL BLUEPRINT REA,3,MW,2:00 PM,CAS0300B,Nguyen Loc H,1,/,20,0,0.2,0.2,5910B233
,,,,,,,,,,,,,,
Item,Course ID,Title,CR,Days,Time,Room,Instructor,Enrolled,,,Wait,FTES,,Cluster
,,,,,,,,,,,List,TOTAL,STATE,
5930,TDR 236  01,DESIGN PROJECT CONSIDERA,1,TTh,1:00 PM,CAS0300B,Nguyen Loc H,2,/,20,0,0.1,0.1,5910B233
5911,TDR 237  01,DESIGN PROJECT I,2,TTh,1:00 PM,CAS0300B,Nguyen Loc H,3,/,20,0,0.4,0.4,5910B233
5934,TDR 263  01,APPLIED MECHANICS 1,4,TTh,2:00 PM,CAS0300B,Nguyen Loc H,3,/,20,0,0.8,0.8,5910B233
5923,TDR 268  01,ARCHITECTURAL/STRUCTURAL,4,MWF,1:00 PM,CAS0300A,Nguyen Loc H,2,/,20,0,0.5,0.5,5910B233
6106,ENGR&111  01,ENGINEERING GRAPHICS I,4,MWF,9:00 AM,CAS0300B,Nguyen Loc H,6,/,24,0,1.6,0.8,6106B233
6108,ENGR&112  01,ENGINEERING GRAPHICS II,4,MWF,9:00 AM,CAS0300B,Nguyen Loc H,3,/,24,0,0.8,0.5,6106B233
6305,BUS 104  01,KEYBOARDING,3,DAILY,8:00 AM,OLY0203,Rugh ,11,/,12,0,2.2,2.2,6307B233
6306,BUS 106  01,KEYBOARDING/SKILLBUILD,3,DAILY,8:00 AM,OLY0203,Rugh ,1,/,6,0,0.2,0.2,6307B233
6308,BUS 115  02,COMPUTATIONAL SKILLBUILD,2,DAILY,8:00 AM,OLY0203,Rugh ,4,/,5,0,0.5,0.5,6307B233
6307,BUS 170  01,INFORMATION TECH I,4,DAILY,8:00 AM,OLY0203,Rugh ,8,/,12,0,2.1,2.1,6307B233
6310,BUS 104  01,KEYBOARDING,3,DAILY,11:00 AM,OLY0203,"Peterson, R.",16,/,12,0,3.2,3,6313B233
6311,BUS 106  02,KEYBOARDING/SKILLBUILD,3,DAILY,11:00 AM,OLY0203,"Peterson, R.",2,/,6,0,0.4,0.4,6313B233
6312,BUS 115  02,COMPUTATIONAL SKILLBUILD,2,DAILY,11:00 AM,OLY0203,"Peterson, R.",1,/,6,0,0.1,0.1,6313B233
6313,BUS 170  02,INFORMATION TECH I,4,DAILY,11:00 AM,OLY0203,"Peterson, R.",7,/,12,0,1.9,1.9,6313B233
6325,BUS 169  01,USING COMPUTERS IN BUS I,5,DAILY,10:00 AM,OLY0205,"Haran, S ",12,/,25,0,4,3.7,6325B233
9965,BUS 169  70,USING COMPUTERS IN BUS I,5,Online,-,-,"Haran, S ",9,/,25,0,3,2.7,6325B233
9902,BUS 177  70,SPREADSHEETS,5,Online,-,-,"Horan, J ",6,/,25,0,2,2,6335B233
6335,BUS 177  01,SPREADSHEETS,5,DAILY,9:00 AM,OLY0205,"Horan, J ",8,/,25,0,2.7,2.7,6335B233
6340,BUS 179  01,WORD PROCESSING,5,DAILY,8:00 AM,OLY0205,"Peterson, R.",4,/,25,0,1.3,1.3,6340B233
9903,BUS 179  70,WORD PROCESSING,5,Online,-,-,"Peterson, R.",2,/,25,0,0.7,0.7,6340B233
,,,,,,,,,,,,,,
Item,Course ID,Title,CR,Days,Time,Room,Instructor,Enrolled,,,Wait,FTES,,Cluster
,,,,,,,,,,,List,TOTAL,STATE,
7901,ENGL 103  01,TRANSITIONAL ENGLISH,5,HYBRID - DAILY,12:00 PM,OLY0104,Bourret ,2,/,24,0,0.7,0.7,7901B233
7911,ENGL 105  01,APPLIED COMPOSITION,3,HYBRID - MTTh,12:00 PM,OLY0104,Bourret ,18,/,24,0,3.6,3.6,7901B233
7912,ENGL 106  01,TECHNICAL WRITING,3,HYBRID - MWF,12:00 PM,OLY0104,Bourret ,4,/,24,0,0.8,0.6,7901B233
9832,ENGL 108  01,TECHNICAL REPORT WRITING,3,Online,-,-,Bourret ,3,/,24,0,0.6,0.6,7901B233
7921,ICT 103  01,COMPUTER APPLICATIONS I,2,HYBRID - TTh,12:00 PM,OLY0104,Bourret ,14,/,24,0,1.9,1.9,7901B233
9801,ENGL 105  70,APPLIED COMPOSITION,3,Online,-,-,Bourret ,7,/,24,0,1.4,1.2,9800B233
9807,ENGL 106  70,TECHNICAL WRITING,3,Online,-,-,Bourret ,10,/,24,0,2,2,9800B233
9806,ICT 103  70,COMPUTER APPLICATIONS I,2,Online,-,-,Bourret ,3,/,24,0,0.4,0.4,9800B233
9824,BUS 210  70,BUS & ECONOMIC STATISTIC,5,Online,-,-,Post F. ,11,/,25,0,3.7,3,9824B233
9823,MATH&146  70,INTRODUCTION TO STATS,5,Online,-,-,Post F. ,22,/,30,0,7.3,7.3,9824B233
9852,BUS 200  70,LAW AND SOCIETY,5,Online,-,-,Morphew ,11,/,25,0,3.7,3.3,9852B233
765,BUS 200  25,LAW AND SOCIETY,5,HYBRID - T,6:00 PM,UNI0202,Morphew ,10,/,25,0,3.3,2,9852B233
9855,MATH&131  70,MATH FOR ELEM ED 1,5,Online,-,-,Post F. ,28,/,35,0,9.3,9,9855B233
9866,MATH&132  70,MATH FOR ELEM ED 2,5,Online,-,-,Post F. ,7,/,25,0,2.3,2.3,9855B233
9870,MATH 110  70,APPL MATH TECH-AUTO,3,Online,-,-,Alsup ,12,/,24,0,2.4,2.4,9870B233
9872,MATH 110  70,APPL MATH TECH-FOODS,3,Online,-,-,Alsup ,13,/,24,0,2.6,2.6,9870B233
9874,MATH 110  70,APPL MATH TECH- LHO,3,Online,-,-,Alsup ,2,/,24,0,0.4,0.4,9870B233
9878,ENGL&230  70,TECHNICAL WRITING,3,Online,-,-,Bourret ,14,/,25,0,2.8,2.4,9877B233
9877,ENGL&235  70,TECHNICAL WRITING,5,Online,-,-,Bourret ,6,/,25,0,2,1.7,9877B233
9879,MATH 116  70,APPL MATH TO MGT LIFE SC,5,Online,-,-,Ursino ,10,/,25,0,3.3,2.7,9879B233
,,,,,,,,,,,,,,
Item,Course ID,Title,CR,Days,Time,Room,Instructor,Enrolled,,,Wait,FTES,,Cluster
,,,,,,,,,,,List,TOTAL,STATE,
9886,MATH&148  70,BUSINESS CALCULUS,5,Online,-,-,Ursino ,21,/,25,0,7,6,9879B233
,,,,,,,,,,,,,,
Non-Clustered Class Summary:,,,,,,,,,,,,,,
Total Open Classes: 508,,,,,,,,,,,,,,
,,,,,,,,,,,,,,
Total Cancelled Classes: 0,,,,,,,,,,,,,,
"Total Enrolled in Classes: 9,255",,,,,,,,,,,,,,
Average Class Enrollment: 18 (cancelled classes not factored),,,,,,,,,,,,,,
,,,,,,,,,,,,,,
FTES,,,,,,,,,,,,,,
"Total FTES: 3,225.4",,,,,,,,,,,,,,
"Total State-Funded FTES: 2,956.8",,,,,,,,,,,,,,
,,,,,,,,,,,,,,
,,,,,,,,,,,,,,
Clustered Class Summary:,,,,,,,,,,,,,,
Total Open Clusters: 115,,,,,,,,,,,,,,
,,,,,,,,,,,,,,
Total Cancelled Classes: 0,,,,,,,,,,,,,,
"Total Enrolled in Classes: 2,668",,,,,,,,,,,,,,
Average Class Enrollment: 23 (cancelled classes not factored),,,,,,,,,,,,,,
,,,,,,,,,,,,,,
FTES,,,,,,,,,,,,,,
"Total FTES: 1,029.2",,,,,,,,,,,,,,
Total State-Funded FTES: 948.5,,,,,,,,,,,,,,
